<StructureDefinition xmlns="http://hl7.org/fhir">
  <meta>
    <lastUpdated value="2017-12-05T18:33:36.883+01:00" />
  </meta>
  <url value="http://fhir.de/StructureDefinition/gkv/zusatzinfos-allgemein/0.2" />
  <version value="0.2.4" />
  <name value="gkv-zusatzinfos-allgemein-0.2" />
  <title value="Extension für allgemeine VSDM-Daten von eGKs (Version 0.2)" />
  <status value="draft" />
  <date value="2017-10-21T23:20:58.564+02:00" />
  <description value="Vgl.:&#xD;&#xA;Anwendung der eGK  Technische Anlage zu Anlage 4a (BMV-Ä)  Verarbeitung KVK/eGK im Rahmen der vertragsärztlichen Abrechnung im Basis-Rollout  [KBV_ITA_VGEX_Mapping_KVK.pdf]  Kapitel 2.2.1.1" />
  <fhirVersion value="3.0.1" />
  <mapping>
    <identity value="KVDT" />
    <name value="KVDT Mapping" />
  </mapping>
  <mapping>
    <identity value="BDT" />
    <name value="BDT Mapping" />
  </mapping>
  <kind value="complex-type" />
  <abstract value="false" />
  <contextType value="resource" />
  <context value="Coverage" />
  <type value="Extension" />
  <baseDefinition value="http://hl7.org/fhir/StructureDefinition/Extension" />
  <derivation value="constraint" />
  <snapshot>
    <element id="Extension">
      <path value="Extension" />
      <short value="Optional Extensions Element" />
      <definition value="Optional Extension Element - found in all resources." />
      <min value="0" />
      <max value="*" />
      <base>
        <path value="Element" />
        <min value="0" />
        <max value="*" />
      </base>
      <condition value="ele-1" />
      <constraint>
        <key value="ele-1" />
        <severity value="error" />
        <human value="All FHIR elements must have a @value or children" />
        <expression value="hasValue() or (children().count() &gt; id.count())" />
        <xpath value="@value|f:*|h:div" />
      </constraint>
      <constraint>
        <key value="ext-1" />
        <severity value="error" />
        <human value="Must have either extensions or value[x], not both" />
        <expression value="extension.exists() != value.exists()" />
        <xpath value="exists(f:extension)!=exists(f:*[starts-with(local-name(.), 'value')])" />
      </constraint>
      <mapping>
        <identity value="rim" />
        <map value="n/a" />
      </mapping>
      <mapping>
        <identity value="rim" />
        <map value="N/A" />
      </mapping>
    </element>
    <element id="Extension.id">
      <path value="Extension.id" />
      <representation value="xmlAttr" />
      <short value="xml:id (or equivalent in JSON)" />
      <definition value="unique id for the element within a resource (for internal references). This may be any string value that does not contain spaces." />
      <comment value="Note that FHIR strings may not exceed 1MB in size" />
      <min value="0" />
      <max value="1" />
      <base>
        <path value="Element.id" />
        <min value="0" />
        <max value="1" />
      </base>
      <type>
        <code value="string" />
      </type>
      <condition value="ele-1" />
      <constraint>
        <key value="ele-1" />
        <severity value="error" />
        <human value="All FHIR elements must have a @value or children" />
        <expression value="hasValue() or (children().count() &gt; id.count())" />
        <xpath value="@value|f:*|h:div" />
      </constraint>
      <mapping>
        <identity value="rim" />
        <map value="n/a" />
      </mapping>
    </element>
    <element id="Extension.extension">
      <path value="Extension.extension" />
      <slicing>
        <discriminator>
          <type value="value" />
          <path value="url" />
        </discriminator>
        <description value="Extensions are always sliced by (at least) url" />
        <rules value="open" />
      </slicing>
      <short value="Additional Content defined by implementations" />
      <definition value="May be used to represent additional information that is not part of the basic definition of the element. In order to make the use of extensions safe and manageable, there is a strict set of governance  applied to the definition and use of extensions. Though any implementer is allowed to define an extension, there is a set of requirements that SHALL be met as part of the definition of the extension." />
      <comment value="There can be no stigma associated with the use of extensions by any application, project, or standard - regardless of the institution or jurisdiction that uses or defines the extensions.  The use of extensions is what allows the FHIR specification to retain a core level of simplicity for everyone." />
      <alias value="extensions" />
      <alias value="user content" />
      <min value="0" />
      <max value="*" />
      <base>
        <path value="Element.extension" />
        <min value="0" />
        <max value="*" />
      </base>
      <type>
        <code value="Extension" />
      </type>
      <condition value="ele-1" />
      <constraint>
        <key value="ele-1" />
        <severity value="error" />
        <human value="All FHIR elements must have a @value or children" />
        <expression value="hasValue() or (children().count() &gt; id.count())" />
        <xpath value="@value|f:*|h:div" />
      </constraint>
      <constraint>
        <key value="ext-1" />
        <severity value="error" />
        <human value="Must have either extensions or value[x], not both" />
        <expression value="extension.exists() != value.exists()" />
        <xpath value="exists(f:extension)!=exists(f:*[starts-with(local-name(.), 'value')])" />
      </constraint>
      <mapping>
        <identity value="rim" />
        <map value="n/a" />
      </mapping>
      <mapping>
        <identity value="rim" />
        <map value="N/A" />
      </mapping>
    </element>
    <element id="Extension.extension:versichertenart">
      <path value="Extension.extension" />
      <sliceName value="versichertenart" />
      <short value="Versichertenart" />
      <definition value="Gibt die Versichertenart des Versicherten an." />
      <comment value="There can be no stigma associated with the use of extensions by any application, project, or standard - regardless of the institution or jurisdiction that uses or defines the extensions.  The use of extensions is what allows the FHIR specification to retain a core level of simplicity for everyone." />
      <alias value="extensions" />
      <alias value="user content" />
      <min value="0" />
      <max value="1" />
      <base>
        <path value="Element.extension" />
        <min value="0" />
        <max value="*" />
      </base>
      <type>
        <code value="Extension" />
      </type>
      <condition value="ele-1" />
      <constraint>
        <key value="ele-1" />
        <severity value="error" />
        <human value="All FHIR elements must have a @value or children" />
        <expression value="hasValue() or (children().count() &gt; id.count())" />
        <xpath value="@value|f:*|h:div" />
      </constraint>
      <constraint>
        <key value="ext-1" />
        <severity value="error" />
        <human value="Must have either extensions or value[x], not both" />
        <expression value="extension.exists() != value.exists()" />
        <xpath value="exists(f:extension)!=exists(f:*[starts-with(local-name(.), 'value')])" />
      </constraint>
      <mapping>
        <identity value="rim" />
        <map value="n/a" />
      </mapping>
      <mapping>
        <identity value="rim" />
        <map value="N/A" />
      </mapping>
      <mapping>
        <identity value="KVDT" />
        <map value="3108" />
      </mapping>
    </element>
    <element id="Extension.extension:versichertenart.id">
      <path value="Extension.extension.id" />
      <representation value="xmlAttr" />
      <short value="xml:id (or equivalent in JSON)" />
      <definition value="unique id for the element within a resource (for internal references). This may be any string value that does not contain spaces." />
      <comment value="Note that FHIR strings may not exceed 1MB in size" />
      <min value="0" />
      <max value="1" />
      <base>
        <path value="Element.id" />
        <min value="0" />
        <max value="1" />
      </base>
      <type>
        <code value="string" />
      </type>
      <condition value="ele-1" />
      <constraint>
        <key value="ele-1" />
        <severity value="error" />
        <human value="All FHIR elements must have a @value or children" />
        <expression value="hasValue() or (children().count() &gt; id.count())" />
        <xpath value="@value|f:*|h:div" />
      </constraint>
      <mapping>
        <identity value="rim" />
        <map value="n/a" />
      </mapping>
    </element>
    <element id="Extension.extension:versichertenart.extension">
      <path value="Extension.extension.extension" />
      <slicing>
        <discriminator>
          <type value="value" />
          <path value="url" />
        </discriminator>
        <description value="Extensions are always sliced by (at least) url" />
        <rules value="open" />
      </slicing>
      <short value="Additional Content defined by implementations" />
      <definition value="May be used to represent additional information that is not part of the basic definition of the element. In order to make the use of extensions safe and manageable, there is a strict set of governance  applied to the definition and use of extensions. Though any implementer is allowed to define an extension, there is a set of requirements that SHALL be met as part of the definition of the extension." />
      <comment value="There can be no stigma associated with the use of extensions by any application, project, or standard - regardless of the institution or jurisdiction that uses or defines the extensions.  The use of extensions is what allows the FHIR specification to retain a core level of simplicity for everyone." />
      <alias value="extensions" />
      <alias value="user content" />
      <min value="0" />
      <max value="*" />
      <base>
        <path value="Element.extension" />
        <min value="0" />
        <max value="*" />
      </base>
      <type>
        <code value="Extension" />
      </type>
      <condition value="ele-1" />
      <constraint>
        <key value="ele-1" />
        <severity value="error" />
        <human value="All FHIR elements must have a @value or children" />
        <expression value="hasValue() or (children().count() &gt; id.count())" />
        <xpath value="@value|f:*|h:div" />
      </constraint>
      <constraint>
        <key value="ext-1" />
        <severity value="error" />
        <human value="Must have either extensions or value[x], not both" />
        <expression value="extension.exists() != value.exists()" />
        <xpath value="exists(f:extension)!=exists(f:*[starts-with(local-name(.), 'value')])" />
      </constraint>
      <mapping>
        <identity value="rim" />
        <map value="n/a" />
      </mapping>
      <mapping>
        <identity value="rim" />
        <map value="N/A" />
      </mapping>
    </element>
    <element id="Extension.extension:versichertenart.url">
      <path value="Extension.extension.url" />
      <representation value="xmlAttr" />
      <short value="identifies the meaning of the extension" />
      <definition value="Source of the definition for the extension code - a logical name or a URL." />
      <comment value="The definition may point directly to a computable or human-readable definition of the extensibility codes, or it may be a logical URI as declared in some other specification. The definition SHALL be a URI for the Structure Definition defining the extension." />
      <min value="1" />
      <max value="1" />
      <base>
        <path value="Extension.url" />
        <min value="1" />
        <max value="1" />
      </base>
      <type>
        <code value="uri" />
      </type>
      <fixedUri value="versichertenart" />
      <condition value="ele-1" />
      <constraint>
        <key value="ele-1" />
        <severity value="error" />
        <human value="All FHIR elements must have a @value or children" />
        <expression value="hasValue() or (children().count() &gt; id.count())" />
        <xpath value="@value|f:*|h:div" />
      </constraint>
      <mapping>
        <identity value="rim" />
        <map value="n/a" />
      </mapping>
      <mapping>
        <identity value="rim" />
        <map value="N/A" />
      </mapping>
    </element>
    <element id="Extension.extension:versichertenart.value[x]:valueCode">
      <path value="Extension.extension.valueCode" />
      <sliceName value="valueCode" />
      <short value="1=Mitglied, 3=Familienversicherter, 5=Rentner" />
      <definition value="Gibt die Versichertenart des Versicherten an.&#xD;&#xA;1=Mitglied&#xD;&#xA;3=Familienversicherter&#xD;&#xA;5=Rentner" />
      <comment value="A stream of bytes, base64 encoded" />
      <min value="1" />
      <max value="1" />
      <base>
        <path value="Extension.value[x]" />
        <min value="0" />
        <max value="1" />
      </base>
      <type>
        <code value="code" />
      </type>
      <condition value="ele-1" />
      <constraint>
        <key value="ele-1" />
        <severity value="error" />
        <human value="All FHIR elements must have a @value or children" />
        <expression value="hasValue() or (children().count() &gt; id.count())" />
        <xpath value="@value|f:*|h:div" />
      </constraint>
      <binding>
        <strength value="required" />
        <valueSetUri value="http://fhir.de/ValueSet/kbv/s-kbv-versichertenstatus" />
      </binding>
      <mapping>
        <identity value="rim" />
        <map value="n/a" />
      </mapping>
      <mapping>
        <identity value="rim" />
        <map value="N/A" />
      </mapping>
    </element>
    <element id="Extension.extension:wop">
      <path value="Extension.extension" />
      <sliceName value="wop" />
      <short value="Kennzeichen Wohnortprinzip" />
      <definition value="Das Kennzeichen WOP ist gemäß § 2 Abs. 2 der Vereinbarung zur&#xD;&#xA;Festsetzung des Durchschnittsbetrages gemäß Artikel 2 § 2 Abs. 2 des&#xD;&#xA;Gesetzes zur Einführung des Wohnortprinzips bei Honorarvereinbarungen für&#xD;&#xA;Ärzte und Zahnärzte und zur Krankenversichertenkarte gemäß § 291 Abs. 2&#xD;&#xA;Fünftes Sozialgesetzbuch (SGB V) erforderlich." />
      <comment value="There can be no stigma associated with the use of extensions by any application, project, or standard - regardless of the institution or jurisdiction that uses or defines the extensions.  The use of extensions is what allows the FHIR specification to retain a core level of simplicity for everyone." />
      <alias value="extensions" />
      <alias value="user content" />
      <min value="0" />
      <max value="1" />
      <base>
        <path value="Element.extension" />
        <min value="0" />
        <max value="*" />
      </base>
      <type>
        <code value="Extension" />
      </type>
      <condition value="ele-1" />
      <constraint>
        <key value="ele-1" />
        <severity value="error" />
        <human value="All FHIR elements must have a @value or children" />
        <expression value="hasValue() or (children().count() &gt; id.count())" />
        <xpath value="@value|f:*|h:div" />
      </constraint>
      <constraint>
        <key value="ext-1" />
        <severity value="error" />
        <human value="Must have either extensions or value[x], not both" />
        <expression value="extension.exists() != value.exists()" />
        <xpath value="exists(f:extension)!=exists(f:*[starts-with(local-name(.), 'value')])" />
      </constraint>
      <mapping>
        <identity value="rim" />
        <map value="n/a" />
      </mapping>
      <mapping>
        <identity value="rim" />
        <map value="N/A" />
      </mapping>
      <mapping>
        <identity value="KVDT" />
        <map value="3116" />
      </mapping>
    </element>
    <element id="Extension.extension:wop.id">
      <path value="Extension.extension.id" />
      <representation value="xmlAttr" />
      <short value="xml:id (or equivalent in JSON)" />
      <definition value="unique id for the element within a resource (for internal references). This may be any string value that does not contain spaces." />
      <comment value="Note that FHIR strings may not exceed 1MB in size" />
      <min value="0" />
      <max value="1" />
      <base>
        <path value="Element.id" />
        <min value="0" />
        <max value="1" />
      </base>
      <type>
        <code value="string" />
      </type>
      <condition value="ele-1" />
      <constraint>
        <key value="ele-1" />
        <severity value="error" />
        <human value="All FHIR elements must have a @value or children" />
        <expression value="hasValue() or (children().count() &gt; id.count())" />
        <xpath value="@value|f:*|h:div" />
      </constraint>
      <mapping>
        <identity value="rim" />
        <map value="n/a" />
      </mapping>
    </element>
    <element id="Extension.extension:wop.extension">
      <path value="Extension.extension.extension" />
      <slicing>
        <discriminator>
          <type value="value" />
          <path value="url" />
        </discriminator>
        <description value="Extensions are always sliced by (at least) url" />
        <rules value="open" />
      </slicing>
      <short value="Additional Content defined by implementations" />
      <definition value="May be used to represent additional information that is not part of the basic definition of the element. In order to make the use of extensions safe and manageable, there is a strict set of governance  applied to the definition and use of extensions. Though any implementer is allowed to define an extension, there is a set of requirements that SHALL be met as part of the definition of the extension." />
      <comment value="There can be no stigma associated with the use of extensions by any application, project, or standard - regardless of the institution or jurisdiction that uses or defines the extensions.  The use of extensions is what allows the FHIR specification to retain a core level of simplicity for everyone." />
      <alias value="extensions" />
      <alias value="user content" />
      <min value="0" />
      <max value="*" />
      <base>
        <path value="Element.extension" />
        <min value="0" />
        <max value="*" />
      </base>
      <type>
        <code value="Extension" />
      </type>
      <condition value="ele-1" />
      <constraint>
        <key value="ele-1" />
        <severity value="error" />
        <human value="All FHIR elements must have a @value or children" />
        <expression value="hasValue() or (children().count() &gt; id.count())" />
        <xpath value="@value|f:*|h:div" />
      </constraint>
      <constraint>
        <key value="ext-1" />
        <severity value="error" />
        <human value="Must have either extensions or value[x], not both" />
        <expression value="extension.exists() != value.exists()" />
        <xpath value="exists(f:extension)!=exists(f:*[starts-with(local-name(.), 'value')])" />
      </constraint>
      <mapping>
        <identity value="rim" />
        <map value="n/a" />
      </mapping>
      <mapping>
        <identity value="rim" />
        <map value="N/A" />
      </mapping>
    </element>
    <element id="Extension.extension:wop.url">
      <path value="Extension.extension.url" />
      <representation value="xmlAttr" />
      <short value="identifies the meaning of the extension" />
      <definition value="Source of the definition for the extension code - a logical name or a URL." />
      <comment value="The definition may point directly to a computable or human-readable definition of the extensibility codes, or it may be a logical URI as declared in some other specification. The definition SHALL be a URI for the Structure Definition defining the extension." />
      <min value="1" />
      <max value="1" />
      <base>
        <path value="Extension.url" />
        <min value="1" />
        <max value="1" />
      </base>
      <type>
        <code value="uri" />
      </type>
      <fixedUri value="wop" />
      <condition value="ele-1" />
      <constraint>
        <key value="ele-1" />
        <severity value="error" />
        <human value="All FHIR elements must have a @value or children" />
        <expression value="hasValue() or (children().count() &gt; id.count())" />
        <xpath value="@value|f:*|h:div" />
      </constraint>
      <mapping>
        <identity value="rim" />
        <map value="n/a" />
      </mapping>
      <mapping>
        <identity value="rim" />
        <map value="N/A" />
      </mapping>
    </element>
    <element id="Extension.extension:wop.value[x]:valueCode">
      <path value="Extension.extension.valueCode" />
      <sliceName value="valueCode" />
      <short value="Value of extension" />
      <definition value="Value of extension - may be a resource or one of a constrained set of the data types (see Extensibility in the spec for list)." />
      <comment value="A stream of bytes, base64 encoded" />
      <min value="1" />
      <max value="1" />
      <base>
        <path value="Extension.value[x]" />
        <min value="0" />
        <max value="1" />
      </base>
      <type>
        <code value="code" />
      </type>
      <condition value="ele-1" />
      <constraint>
        <key value="ele-1" />
        <severity value="error" />
        <human value="All FHIR elements must have a @value or children" />
        <expression value="hasValue() or (children().count() &gt; id.count())" />
        <xpath value="@value|f:*|h:div" />
      </constraint>
      <binding>
        <strength value="required" />
        <valueSetUri value="http://fhir.de/ValueSet/kbv/s-kbv-kv" />
      </binding>
      <mapping>
        <identity value="rim" />
        <map value="n/a" />
      </mapping>
      <mapping>
        <identity value="rim" />
        <map value="N/A" />
      </mapping>
    </element>
    <element id="Extension.extension:kostenerstattung">
      <path value="Extension.extension" />
      <sliceName value="kostenerstattung" />
      <short value="Additional Content defined by implementations" />
      <definition value="Gibt an, welche Kostenerstattungen der Versicherte nach § 13 SGB V gewählt hat." />
      <comment value="There can be no stigma associated with the use of extensions by any application, project, or standard - regardless of the institution or jurisdiction that uses or defines the extensions.  The use of extensions is what allows the FHIR specification to retain a core level of simplicity for everyone." />
      <alias value="extensions" />
      <alias value="user content" />
      <min value="0" />
      <max value="1" />
      <base>
        <path value="Element.extension" />
        <min value="0" />
        <max value="*" />
      </base>
      <type>
        <code value="Extension" />
      </type>
      <condition value="ele-1" />
      <constraint>
        <key value="ele-1" />
        <severity value="error" />
        <human value="All FHIR elements must have a @value or children" />
        <expression value="hasValue() or (children().count() &gt; id.count())" />
        <xpath value="@value|f:*|h:div" />
      </constraint>
      <constraint>
        <key value="ext-1" />
        <severity value="error" />
        <human value="Must have either extensions or value[x], not both" />
        <expression value="extension.exists() != value.exists()" />
        <xpath value="exists(f:extension)!=exists(f:*[starts-with(local-name(.), 'value')])" />
      </constraint>
      <mapping>
        <identity value="rim" />
        <map value="n/a" />
      </mapping>
      <mapping>
        <identity value="rim" />
        <map value="N/A" />
      </mapping>
    </element>
    <element id="Extension.extension:kostenerstattung.id">
      <path value="Extension.extension.id" />
      <representation value="xmlAttr" />
      <short value="xml:id (or equivalent in JSON)" />
      <definition value="unique id for the element within a resource (for internal references). This may be any string value that does not contain spaces." />
      <comment value="Note that FHIR strings may not exceed 1MB in size" />
      <min value="0" />
      <max value="1" />
      <base>
        <path value="Element.id" />
        <min value="0" />
        <max value="1" />
      </base>
      <type>
        <code value="string" />
      </type>
      <condition value="ele-1" />
      <constraint>
        <key value="ele-1" />
        <severity value="error" />
        <human value="All FHIR elements must have a @value or children" />
        <expression value="hasValue() or (children().count() &gt; id.count())" />
        <xpath value="@value|f:*|h:div" />
      </constraint>
      <mapping>
        <identity value="rim" />
        <map value="n/a" />
      </mapping>
    </element>
    <element id="Extension.extension:kostenerstattung.extension">
      <path value="Extension.extension.extension" />
      <slicing>
        <discriminator>
          <type value="value" />
          <path value="url" />
        </discriminator>
        <description value="Extensions are always sliced by (at least) url" />
        <rules value="open" />
      </slicing>
      <short value="Additional Content defined by implementations" />
      <definition value="May be used to represent additional information that is not part of the basic definition of the element. In order to make the use of extensions safe and manageable, there is a strict set of governance  applied to the definition and use of extensions. Though any implementer is allowed to define an extension, there is a set of requirements that SHALL be met as part of the definition of the extension." />
      <comment value="There can be no stigma associated with the use of extensions by any application, project, or standard - regardless of the institution or jurisdiction that uses or defines the extensions.  The use of extensions is what allows the FHIR specification to retain a core level of simplicity for everyone." />
      <alias value="extensions" />
      <alias value="user content" />
      <min value="0" />
      <max value="*" />
      <base>
        <path value="Element.extension" />
        <min value="0" />
        <max value="*" />
      </base>
      <type>
        <code value="Extension" />
      </type>
      <condition value="ele-1" />
      <constraint>
        <key value="ele-1" />
        <severity value="error" />
        <human value="All FHIR elements must have a @value or children" />
        <expression value="hasValue() or (children().count() &gt; id.count())" />
        <xpath value="@value|f:*|h:div" />
      </constraint>
      <constraint>
        <key value="ext-1" />
        <severity value="error" />
        <human value="Must have either extensions or value[x], not both" />
        <expression value="extension.exists() != value.exists()" />
        <xpath value="exists(f:extension)!=exists(f:*[starts-with(local-name(.), 'value')])" />
      </constraint>
      <mapping>
        <identity value="rim" />
        <map value="n/a" />
      </mapping>
      <mapping>
        <identity value="rim" />
        <map value="N/A" />
      </mapping>
    </element>
    <element id="Extension.extension:kostenerstattung.extension:aerztlicheVersorgung">
      <path value="Extension.extension.extension" />
      <sliceName value="aerztlicheVersorgung" />
      <short value="Kostenerstattung für die ärztliche Versorgung" />
      <definition value="Gibt die vom Versicherten gewählte Kostenerstattung für die ärztliche&#xD;&#xA;Versorgung an.&#xD;&#xA;1 (true) = Kostenerstattung für ärztliche Versorgung&#xD;&#xA;0 (false) = keine Kostenerstattung für ärztliche Versorgung" />
      <comment value="There can be no stigma associated with the use of extensions by any application, project, or standard - regardless of the institution or jurisdiction that uses or defines the extensions.  The use of extensions is what allows the FHIR specification to retain a core level of simplicity for everyone." />
      <alias value="extensions" />
      <alias value="user content" />
      <min value="0" />
      <max value="1" />
      <base>
        <path value="Element.extension" />
        <min value="0" />
        <max value="*" />
      </base>
      <type>
        <code value="Extension" />
      </type>
      <condition value="ele-1" />
      <constraint>
        <key value="ele-1" />
        <severity value="error" />
        <human value="All FHIR elements must have a @value or children" />
        <expression value="hasValue() or (children().count() &gt; id.count())" />
        <xpath value="@value|f:*|h:div" />
      </constraint>
      <constraint>
        <key value="ext-1" />
        <severity value="error" />
        <human value="Must have either extensions or value[x], not both" />
        <expression value="extension.exists() != value.exists()" />
        <xpath value="exists(f:extension)!=exists(f:*[starts-with(local-name(.), 'value')])" />
      </constraint>
      <mapping>
        <identity value="rim" />
        <map value="n/a" />
      </mapping>
      <mapping>
        <identity value="rim" />
        <map value="N/A" />
      </mapping>
    </element>
    <element id="Extension.extension:kostenerstattung.extension:aerztlicheVersorgung.id">
      <path value="Extension.extension.extension.id" />
      <representation value="xmlAttr" />
      <short value="xml:id (or equivalent in JSON)" />
      <definition value="unique id for the element within a resource (for internal references). This may be any string value that does not contain spaces." />
      <comment value="Note that FHIR strings may not exceed 1MB in size" />
      <min value="0" />
      <max value="1" />
      <base>
        <path value="Element.id" />
        <min value="0" />
        <max value="1" />
      </base>
      <type>
        <code value="string" />
      </type>
      <condition value="ele-1" />
      <constraint>
        <key value="ele-1" />
        <severity value="error" />
        <human value="All FHIR elements must have a @value or children" />
        <expression value="hasValue() or (children().count() &gt; id.count())" />
        <xpath value="@value|f:*|h:div" />
      </constraint>
      <mapping>
        <identity value="rim" />
        <map value="n/a" />
      </mapping>
    </element>
    <element id="Extension.extension:kostenerstattung.extension:aerztlicheVersorgung.extension">
      <path value="Extension.extension.extension.extension" />
      <slicing>
        <discriminator>
          <type value="value" />
          <path value="url" />
        </discriminator>
        <description value="Extensions are always sliced by (at least) url" />
        <rules value="open" />
      </slicing>
      <short value="Additional Content defined by implementations" />
      <definition value="May be used to represent additional information that is not part of the basic definition of the element. In order to make the use of extensions safe and manageable, there is a strict set of governance  applied to the definition and use of extensions. Though any implementer is allowed to define an extension, there is a set of requirements that SHALL be met as part of the definition of the extension." />
      <comment value="There can be no stigma associated with the use of extensions by any application, project, or standard - regardless of the institution or jurisdiction that uses or defines the extensions.  The use of extensions is what allows the FHIR specification to retain a core level of simplicity for everyone." />
      <alias value="extensions" />
      <alias value="user content" />
      <min value="0" />
      <max value="*" />
      <base>
        <path value="Element.extension" />
        <min value="0" />
        <max value="*" />
      </base>
      <type>
        <code value="Extension" />
      </type>
      <condition value="ele-1" />
      <constraint>
        <key value="ele-1" />
        <severity value="error" />
        <human value="All FHIR elements must have a @value or children" />
        <expression value="hasValue() or (children().count() &gt; id.count())" />
        <xpath value="@value|f:*|h:div" />
      </constraint>
      <constraint>
        <key value="ext-1" />
        <severity value="error" />
        <human value="Must have either extensions or value[x], not both" />
        <expression value="extension.exists() != value.exists()" />
        <xpath value="exists(f:extension)!=exists(f:*[starts-with(local-name(.), 'value')])" />
      </constraint>
      <mapping>
        <identity value="rim" />
        <map value="n/a" />
      </mapping>
      <mapping>
        <identity value="rim" />
        <map value="N/A" />
      </mapping>
    </element>
    <element id="Extension.extension:kostenerstattung.extension:aerztlicheVersorgung.url">
      <path value="Extension.extension.extension.url" />
      <representation value="xmlAttr" />
      <short value="identifies the meaning of the extension" />
      <definition value="Source of the definition for the extension code - a logical name or a URL." />
      <comment value="The definition may point directly to a computable or human-readable definition of the extensibility codes, or it may be a logical URI as declared in some other specification. The definition SHALL be a URI for the Structure Definition defining the extension." />
      <min value="1" />
      <max value="1" />
      <base>
        <path value="Extension.url" />
        <min value="1" />
        <max value="1" />
      </base>
      <type>
        <code value="uri" />
      </type>
      <fixedUri value="aerztlicheVersorgung" />
      <condition value="ele-1" />
      <constraint>
        <key value="ele-1" />
        <severity value="error" />
        <human value="All FHIR elements must have a @value or children" />
        <expression value="hasValue() or (children().count() &gt; id.count())" />
        <xpath value="@value|f:*|h:div" />
      </constraint>
      <mapping>
        <identity value="rim" />
        <map value="n/a" />
      </mapping>
      <mapping>
        <identity value="rim" />
        <map value="N/A" />
      </mapping>
    </element>
    <element id="Extension.extension:kostenerstattung.extension:aerztlicheVersorgung.value[x]:valueCode">
      <path value="Extension.extension.extension.valueCode" />
      <sliceName value="valueCode" />
      <short value="Value of extension" />
      <definition value="Value of extension - may be a resource or one of a constrained set of the data types (see Extensibility in the spec for list)." />
      <comment value="A stream of bytes, base64 encoded" />
      <min value="1" />
      <max value="1" />
      <base>
        <path value="Extension.value[x]" />
        <min value="0" />
        <max value="1" />
      </base>
      <type>
        <code value="code" />
      </type>
      <condition value="ele-1" />
      <constraint>
        <key value="ele-1" />
        <severity value="error" />
        <human value="All FHIR elements must have a @value or children" />
        <expression value="hasValue() or (children().count() &gt; id.count())" />
        <xpath value="@value|f:*|h:div" />
      </constraint>
      <constraint>
        <key value="gkv-13" />
        <severity value="error" />
        <human value="Es sind nur die Werte 1 (&quot;Kostenerstattung für ärztliche Versorgung&quot;) oder  0 (&quot;keine Kostenerstattung für ärztliche Versorgung&quot;) erlaubt." />
        <expression value="matches('[01]')" />
      </constraint>
      <mapping>
        <identity value="rim" />
        <map value="n/a" />
      </mapping>
      <mapping>
        <identity value="rim" />
        <map value="N/A" />
      </mapping>
    </element>
    <element id="Extension.extension:kostenerstattung.extension:zahnaerztlicheVersorgung">
      <path value="Extension.extension.extension" />
      <sliceName value="zahnaerztlicheVersorgung" />
      <short value="Kostenerstattung für zahnärztliche" />
      <definition value="Gibt die vom Versicherten gewählte Kostenerstattung für zahnärztliche&#xD;&#xA;Versorgung an.&#xD;&#xA;1 (true) = Kostenerstattung für zahnärztliche Versorgung&#xD;&#xA;0 (false) = keine Kostenerstattung für zahnärztliche Versorgung" />
      <comment value="There can be no stigma associated with the use of extensions by any application, project, or standard - regardless of the institution or jurisdiction that uses or defines the extensions.  The use of extensions is what allows the FHIR specification to retain a core level of simplicity for everyone." />
      <alias value="extensions" />
      <alias value="user content" />
      <min value="0" />
      <max value="1" />
      <base>
        <path value="Element.extension" />
        <min value="0" />
        <max value="*" />
      </base>
      <type>
        <code value="Extension" />
      </type>
      <condition value="ele-1" />
      <constraint>
        <key value="ele-1" />
        <severity value="error" />
        <human value="All FHIR elements must have a @value or children" />
        <expression value="hasValue() or (children().count() &gt; id.count())" />
        <xpath value="@value|f:*|h:div" />
      </constraint>
      <constraint>
        <key value="ext-1" />
        <severity value="error" />
        <human value="Must have either extensions or value[x], not both" />
        <expression value="extension.exists() != value.exists()" />
        <xpath value="exists(f:extension)!=exists(f:*[starts-with(local-name(.), 'value')])" />
      </constraint>
      <mapping>
        <identity value="rim" />
        <map value="n/a" />
      </mapping>
      <mapping>
        <identity value="rim" />
        <map value="N/A" />
      </mapping>
    </element>
    <element id="Extension.extension:kostenerstattung.extension:zahnaerztlicheVersorgung.id">
      <path value="Extension.extension.extension.id" />
      <representation value="xmlAttr" />
      <short value="xml:id (or equivalent in JSON)" />
      <definition value="unique id for the element within a resource (for internal references). This may be any string value that does not contain spaces." />
      <comment value="Note that FHIR strings may not exceed 1MB in size" />
      <min value="0" />
      <max value="1" />
      <base>
        <path value="Element.id" />
        <min value="0" />
        <max value="1" />
      </base>
      <type>
        <code value="string" />
      </type>
      <condition value="ele-1" />
      <constraint>
        <key value="ele-1" />
        <severity value="error" />
        <human value="All FHIR elements must have a @value or children" />
        <expression value="hasValue() or (children().count() &gt; id.count())" />
        <xpath value="@value|f:*|h:div" />
      </constraint>
      <mapping>
        <identity value="rim" />
        <map value="n/a" />
      </mapping>
    </element>
    <element id="Extension.extension:kostenerstattung.extension:zahnaerztlicheVersorgung.extension">
      <path value="Extension.extension.extension.extension" />
      <slicing>
        <discriminator>
          <type value="value" />
          <path value="url" />
        </discriminator>
        <description value="Extensions are always sliced by (at least) url" />
        <rules value="open" />
      </slicing>
      <short value="Additional Content defined by implementations" />
      <definition value="May be used to represent additional information that is not part of the basic definition of the element. In order to make the use of extensions safe and manageable, there is a strict set of governance  applied to the definition and use of extensions. Though any implementer is allowed to define an extension, there is a set of requirements that SHALL be met as part of the definition of the extension." />
      <comment value="There can be no stigma associated with the use of extensions by any application, project, or standard - regardless of the institution or jurisdiction that uses or defines the extensions.  The use of extensions is what allows the FHIR specification to retain a core level of simplicity for everyone." />
      <alias value="extensions" />
      <alias value="user content" />
      <min value="0" />
      <max value="*" />
      <base>
        <path value="Element.extension" />
        <min value="0" />
        <max value="*" />
      </base>
      <type>
        <code value="Extension" />
      </type>
      <condition value="ele-1" />
      <constraint>
        <key value="ele-1" />
        <severity value="error" />
        <human value="All FHIR elements must have a @value or children" />
        <expression value="hasValue() or (children().count() &gt; id.count())" />
        <xpath value="@value|f:*|h:div" />
      </constraint>
      <constraint>
        <key value="ext-1" />
        <severity value="error" />
        <human value="Must have either extensions or value[x], not both" />
        <expression value="extension.exists() != value.exists()" />
        <xpath value="exists(f:extension)!=exists(f:*[starts-with(local-name(.), 'value')])" />
      </constraint>
      <mapping>
        <identity value="rim" />
        <map value="n/a" />
      </mapping>
      <mapping>
        <identity value="rim" />
        <map value="N/A" />
      </mapping>
    </element>
    <element id="Extension.extension:kostenerstattung.extension:zahnaerztlicheVersorgung.url">
      <path value="Extension.extension.extension.url" />
      <representation value="xmlAttr" />
      <short value="identifies the meaning of the extension" />
      <definition value="Source of the definition for the extension code - a logical name or a URL." />
      <comment value="The definition may point directly to a computable or human-readable definition of the extensibility codes, or it may be a logical URI as declared in some other specification. The definition SHALL be a URI for the Structure Definition defining the extension." />
      <min value="1" />
      <max value="1" />
      <base>
        <path value="Extension.url" />
        <min value="1" />
        <max value="1" />
      </base>
      <type>
        <code value="uri" />
      </type>
      <fixedUri value="zahnaerztlicheVersorgung" />
      <condition value="ele-1" />
      <constraint>
        <key value="ele-1" />
        <severity value="error" />
        <human value="All FHIR elements must have a @value or children" />
        <expression value="hasValue() or (children().count() &gt; id.count())" />
        <xpath value="@value|f:*|h:div" />
      </constraint>
      <mapping>
        <identity value="rim" />
        <map value="n/a" />
      </mapping>
      <mapping>
        <identity value="rim" />
        <map value="N/A" />
      </mapping>
    </element>
    <element id="Extension.extension:kostenerstattung.extension:zahnaerztlicheVersorgung.value[x]:valueCode">
      <path value="Extension.extension.extension.valueCode" />
      <sliceName value="valueCode" />
      <short value="Value of extension" />
      <definition value="Value of extension - may be a resource or one of a constrained set of the data types (see Extensibility in the spec for list)." />
      <comment value="A stream of bytes, base64 encoded" />
      <min value="1" />
      <max value="1" />
      <base>
        <path value="Extension.value[x]" />
        <min value="0" />
        <max value="1" />
      </base>
      <type>
        <code value="code" />
      </type>
      <condition value="ele-1" />
      <constraint>
        <key value="ele-1" />
        <severity value="error" />
        <human value="All FHIR elements must have a @value or children" />
        <expression value="hasValue() or (children().count() &gt; id.count())" />
        <xpath value="@value|f:*|h:div" />
      </constraint>
      <constraint>
        <key value="gkv-10" />
        <severity value="error" />
        <human value="Es sind nur die Werte 1 (&quot;Kostenerstattung für zahnärztliche Versorgung&quot;) oder 2 (&quot;keine Kostenerstattung für zahnärztliche Versorgung&quot;) erlaubt" />
        <expression value="matches('[01]')" />
      </constraint>
      <mapping>
        <identity value="rim" />
        <map value="n/a" />
      </mapping>
      <mapping>
        <identity value="rim" />
        <map value="N/A" />
      </mapping>
    </element>
    <element id="Extension.extension:kostenerstattung.extension:stationaererBereich">
      <path value="Extension.extension.extension" />
      <sliceName value="stationaererBereich" />
      <short value="Kostenerstattung für den stationären" />
      <definition value="Gibt die vom Versicherten gewählte Kostenerstattung für den stationären&#xD;&#xA;Bereich an.&#xD;&#xA;1 (true) = Kostenerstattung für stationären Bereich&#xD;&#xA;0 (false) = keine Kostenerstattung für stationären Bereich" />
      <comment value="There can be no stigma associated with the use of extensions by any application, project, or standard - regardless of the institution or jurisdiction that uses or defines the extensions.  The use of extensions is what allows the FHIR specification to retain a core level of simplicity for everyone." />
      <alias value="extensions" />
      <alias value="user content" />
      <min value="0" />
      <max value="1" />
      <base>
        <path value="Element.extension" />
        <min value="0" />
        <max value="*" />
      </base>
      <type>
        <code value="Extension" />
      </type>
      <condition value="ele-1" />
      <constraint>
        <key value="ele-1" />
        <severity value="error" />
        <human value="All FHIR elements must have a @value or children" />
        <expression value="hasValue() or (children().count() &gt; id.count())" />
        <xpath value="@value|f:*|h:div" />
      </constraint>
      <constraint>
        <key value="ext-1" />
        <severity value="error" />
        <human value="Must have either extensions or value[x], not both" />
        <expression value="extension.exists() != value.exists()" />
        <xpath value="exists(f:extension)!=exists(f:*[starts-with(local-name(.), 'value')])" />
      </constraint>
      <mapping>
        <identity value="rim" />
        <map value="n/a" />
      </mapping>
      <mapping>
        <identity value="rim" />
        <map value="N/A" />
      </mapping>
    </element>
    <element id="Extension.extension:kostenerstattung.extension:stationaererBereich.id">
      <path value="Extension.extension.extension.id" />
      <representation value="xmlAttr" />
      <short value="xml:id (or equivalent in JSON)" />
      <definition value="unique id for the element within a resource (for internal references). This may be any string value that does not contain spaces." />
      <comment value="Note that FHIR strings may not exceed 1MB in size" />
      <min value="0" />
      <max value="1" />
      <base>
        <path value="Element.id" />
        <min value="0" />
        <max value="1" />
      </base>
      <type>
        <code value="string" />
      </type>
      <condition value="ele-1" />
      <constraint>
        <key value="ele-1" />
        <severity value="error" />
        <human value="All FHIR elements must have a @value or children" />
        <expression value="hasValue() or (children().count() &gt; id.count())" />
        <xpath value="@value|f:*|h:div" />
      </constraint>
      <mapping>
        <identity value="rim" />
        <map value="n/a" />
      </mapping>
    </element>
    <element id="Extension.extension:kostenerstattung.extension:stationaererBereich.extension">
      <path value="Extension.extension.extension.extension" />
      <slicing>
        <discriminator>
          <type value="value" />
          <path value="url" />
        </discriminator>
        <description value="Extensions are always sliced by (at least) url" />
        <rules value="open" />
      </slicing>
      <short value="Additional Content defined by implementations" />
      <definition value="May be used to represent additional information that is not part of the basic definition of the element. In order to make the use of extensions safe and manageable, there is a strict set of governance  applied to the definition and use of extensions. Though any implementer is allowed to define an extension, there is a set of requirements that SHALL be met as part of the definition of the extension." />
      <comment value="There can be no stigma associated with the use of extensions by any application, project, or standard - regardless of the institution or jurisdiction that uses or defines the extensions.  The use of extensions is what allows the FHIR specification to retain a core level of simplicity for everyone." />
      <alias value="extensions" />
      <alias value="user content" />
      <min value="0" />
      <max value="*" />
      <base>
        <path value="Element.extension" />
        <min value="0" />
        <max value="*" />
      </base>
      <type>
        <code value="Extension" />
      </type>
      <condition value="ele-1" />
      <constraint>
        <key value="ele-1" />
        <severity value="error" />
        <human value="All FHIR elements must have a @value or children" />
        <expression value="hasValue() or (children().count() &gt; id.count())" />
        <xpath value="@value|f:*|h:div" />
      </constraint>
      <constraint>
        <key value="ext-1" />
        <severity value="error" />
        <human value="Must have either extensions or value[x], not both" />
        <expression value="extension.exists() != value.exists()" />
        <xpath value="exists(f:extension)!=exists(f:*[starts-with(local-name(.), 'value')])" />
      </constraint>
      <mapping>
        <identity value="rim" />
        <map value="n/a" />
      </mapping>
      <mapping>
        <identity value="rim" />
        <map value="N/A" />
      </mapping>
    </element>
    <element id="Extension.extension:kostenerstattung.extension:stationaererBereich.url">
      <path value="Extension.extension.extension.url" />
      <representation value="xmlAttr" />
      <short value="identifies the meaning of the extension" />
      <definition value="Source of the definition for the extension code - a logical name or a URL." />
      <comment value="The definition may point directly to a computable or human-readable definition of the extensibility codes, or it may be a logical URI as declared in some other specification. The definition SHALL be a URI for the Structure Definition defining the extension." />
      <min value="1" />
      <max value="1" />
      <base>
        <path value="Extension.url" />
        <min value="1" />
        <max value="1" />
      </base>
      <type>
        <code value="uri" />
      </type>
      <fixedUri value="stationaererBereich" />
      <condition value="ele-1" />
      <constraint>
        <key value="ele-1" />
        <severity value="error" />
        <human value="All FHIR elements must have a @value or children" />
        <expression value="hasValue() or (children().count() &gt; id.count())" />
        <xpath value="@value|f:*|h:div" />
      </constraint>
      <mapping>
        <identity value="rim" />
        <map value="n/a" />
      </mapping>
      <mapping>
        <identity value="rim" />
        <map value="N/A" />
      </mapping>
    </element>
    <element id="Extension.extension:kostenerstattung.extension:stationaererBereich.value[x]:valueCode">
      <path value="Extension.extension.extension.valueCode" />
      <sliceName value="valueCode" />
      <short value="Value of extension" />
      <definition value="Value of extension - may be a resource or one of a constrained set of the data types (see Extensibility in the spec for list)." />
      <comment value="A stream of bytes, base64 encoded" />
      <min value="1" />
      <max value="1" />
      <base>
        <path value="Extension.value[x]" />
        <min value="0" />
        <max value="1" />
      </base>
      <type>
        <code value="code" />
      </type>
      <condition value="ele-1" />
      <constraint>
        <key value="ele-1" />
        <severity value="error" />
        <human value="All FHIR elements must have a @value or children" />
        <expression value="hasValue() or (children().count() &gt; id.count())" />
        <xpath value="@value|f:*|h:div" />
      </constraint>
      <constraint>
        <key value="gkv-11" />
        <severity value="error" />
        <human value="Es sind nur die Werte 1 (&quot;Kostenerstattung für stationären Bereich&quot;) oder 0 (&quot;keine Kostenerstattung für stationären Bereich&quot;)" />
        <expression value="matches('[01]')" />
      </constraint>
      <mapping>
        <identity value="rim" />
        <map value="n/a" />
      </mapping>
      <mapping>
        <identity value="rim" />
        <map value="N/A" />
      </mapping>
    </element>
    <element id="Extension.extension:kostenerstattung.extension:veranlassteLeistungen">
      <path value="Extension.extension.extension" />
      <sliceName value="veranlassteLeistungen" />
      <short value="Kostenerstattung für veranlasste Leistungen" />
      <definition value="Gibt die vom Versicherten gewählte Kostenerstattung für veranlasste&#xD;&#xA;Leistungen an.&#xD;&#xA;1 (true) = Kostenerstattung für veranlasste Leistungen&#xD;&#xA;0 (false) = keine Kostenerstattung für veranlasste Leistungen" />
      <comment value="There can be no stigma associated with the use of extensions by any application, project, or standard - regardless of the institution or jurisdiction that uses or defines the extensions.  The use of extensions is what allows the FHIR specification to retain a core level of simplicity for everyone." />
      <alias value="extensions" />
      <alias value="user content" />
      <min value="0" />
      <max value="1" />
      <base>
        <path value="Element.extension" />
        <min value="0" />
        <max value="*" />
      </base>
      <type>
        <code value="Extension" />
      </type>
      <condition value="ele-1" />
      <constraint>
        <key value="ele-1" />
        <severity value="error" />
        <human value="All FHIR elements must have a @value or children" />
        <expression value="hasValue() or (children().count() &gt; id.count())" />
        <xpath value="@value|f:*|h:div" />
      </constraint>
      <constraint>
        <key value="ext-1" />
        <severity value="error" />
        <human value="Must have either extensions or value[x], not both" />
        <expression value="extension.exists() != value.exists()" />
        <xpath value="exists(f:extension)!=exists(f:*[starts-with(local-name(.), 'value')])" />
      </constraint>
      <mapping>
        <identity value="rim" />
        <map value="n/a" />
      </mapping>
      <mapping>
        <identity value="rim" />
        <map value="N/A" />
      </mapping>
    </element>
    <element id="Extension.extension:kostenerstattung.extension:veranlassteLeistungen.id">
      <path value="Extension.extension.extension.id" />
      <representation value="xmlAttr" />
      <short value="xml:id (or equivalent in JSON)" />
      <definition value="unique id for the element within a resource (for internal references). This may be any string value that does not contain spaces." />
      <comment value="Note that FHIR strings may not exceed 1MB in size" />
      <min value="0" />
      <max value="1" />
      <base>
        <path value="Element.id" />
        <min value="0" />
        <max value="1" />
      </base>
      <type>
        <code value="string" />
      </type>
      <condition value="ele-1" />
      <constraint>
        <key value="ele-1" />
        <severity value="error" />
        <human value="All FHIR elements must have a @value or children" />
        <expression value="hasValue() or (children().count() &gt; id.count())" />
        <xpath value="@value|f:*|h:div" />
      </constraint>
      <mapping>
        <identity value="rim" />
        <map value="n/a" />
      </mapping>
    </element>
    <element id="Extension.extension:kostenerstattung.extension:veranlassteLeistungen.extension">
      <path value="Extension.extension.extension.extension" />
      <slicing>
        <discriminator>
          <type value="value" />
          <path value="url" />
        </discriminator>
        <description value="Extensions are always sliced by (at least) url" />
        <rules value="open" />
      </slicing>
      <short value="Additional Content defined by implementations" />
      <definition value="May be used to represent additional information that is not part of the basic definition of the element. In order to make the use of extensions safe and manageable, there is a strict set of governance  applied to the definition and use of extensions. Though any implementer is allowed to define an extension, there is a set of requirements that SHALL be met as part of the definition of the extension." />
      <comment value="There can be no stigma associated with the use of extensions by any application, project, or standard - regardless of the institution or jurisdiction that uses or defines the extensions.  The use of extensions is what allows the FHIR specification to retain a core level of simplicity for everyone." />
      <alias value="extensions" />
      <alias value="user content" />
      <min value="0" />
      <max value="*" />
      <base>
        <path value="Element.extension" />
        <min value="0" />
        <max value="*" />
      </base>
      <type>
        <code value="Extension" />
      </type>
      <condition value="ele-1" />
      <constraint>
        <key value="ele-1" />
        <severity value="error" />
        <human value="All FHIR elements must have a @value or children" />
        <expression value="hasValue() or (children().count() &gt; id.count())" />
        <xpath value="@value|f:*|h:div" />
      </constraint>
      <constraint>
        <key value="ext-1" />
        <severity value="error" />
        <human value="Must have either extensions or value[x], not both" />
        <expression value="extension.exists() != value.exists()" />
        <xpath value="exists(f:extension)!=exists(f:*[starts-with(local-name(.), 'value')])" />
      </constraint>
      <mapping>
        <identity value="rim" />
        <map value="n/a" />
      </mapping>
      <mapping>
        <identity value="rim" />
        <map value="N/A" />
      </mapping>
    </element>
    <element id="Extension.extension:kostenerstattung.extension:veranlassteLeistungen.url">
      <path value="Extension.extension.extension.url" />
      <representation value="xmlAttr" />
      <short value="identifies the meaning of the extension" />
      <definition value="Source of the definition for the extension code - a logical name or a URL." />
      <comment value="The definition may point directly to a computable or human-readable definition of the extensibility codes, or it may be a logical URI as declared in some other specification. The definition SHALL be a URI for the Structure Definition defining the extension." />
      <min value="1" />
      <max value="1" />
      <base>
        <path value="Extension.url" />
        <min value="1" />
        <max value="1" />
      </base>
      <type>
        <code value="uri" />
      </type>
      <fixedUri value="veranlassteLeistungen" />
      <condition value="ele-1" />
      <constraint>
        <key value="ele-1" />
        <severity value="error" />
        <human value="All FHIR elements must have a @value or children" />
        <expression value="hasValue() or (children().count() &gt; id.count())" />
        <xpath value="@value|f:*|h:div" />
      </constraint>
      <mapping>
        <identity value="rim" />
        <map value="n/a" />
      </mapping>
      <mapping>
        <identity value="rim" />
        <map value="N/A" />
      </mapping>
    </element>
    <element id="Extension.extension:kostenerstattung.extension:veranlassteLeistungen.value[x]:valueCode">
      <path value="Extension.extension.extension.valueCode" />
      <sliceName value="valueCode" />
      <short value="Value of extension" />
      <definition value="Value of extension - may be a resource or one of a constrained set of the data types (see Extensibility in the spec for list)." />
      <comment value="A stream of bytes, base64 encoded" />
      <min value="1" />
      <max value="1" />
      <base>
        <path value="Extension.value[x]" />
        <min value="0" />
        <max value="1" />
      </base>
      <type>
        <code value="code" />
      </type>
      <condition value="ele-1" />
      <constraint>
        <key value="ele-1" />
        <severity value="error" />
        <human value="All FHIR elements must have a @value or children" />
        <expression value="hasValue() or (children().count() &gt; id.count())" />
        <xpath value="@value|f:*|h:div" />
      </constraint>
      <constraint>
        <key value="gkv-12" />
        <severity value="error" />
        <human value="Es sind nur die Werte 1 (&quot;Kostenerstattung für veranlasste Leistungen&quot;) oder 0 (&quot;keine Kostenerstattung für veranlasste Leistungen&quot;)" />
        <expression value="matches('[01]')" />
      </constraint>
      <mapping>
        <identity value="rim" />
        <map value="n/a" />
      </mapping>
      <mapping>
        <identity value="rim" />
        <map value="N/A" />
      </mapping>
    </element>
    <element id="Extension.extension:kostenerstattung.url">
      <path value="Extension.extension.url" />
      <representation value="xmlAttr" />
      <short value="identifies the meaning of the extension" />
      <definition value="Source of the definition for the extension code - a logical name or a URL." />
      <comment value="The definition may point directly to a computable or human-readable definition of the extensibility codes, or it may be a logical URI as declared in some other specification. The definition SHALL be a URI for the Structure Definition defining the extension." />
      <min value="1" />
      <max value="1" />
      <base>
        <path value="Extension.url" />
        <min value="1" />
        <max value="1" />
      </base>
      <type>
        <code value="uri" />
      </type>
      <fixedUri value="kostenerstattung" />
      <condition value="ele-1" />
      <constraint>
        <key value="ele-1" />
        <severity value="error" />
        <human value="All FHIR elements must have a @value or children" />
        <expression value="hasValue() or (children().count() &gt; id.count())" />
        <xpath value="@value|f:*|h:div" />
      </constraint>
      <mapping>
        <identity value="rim" />
        <map value="n/a" />
      </mapping>
      <mapping>
        <identity value="rim" />
        <map value="N/A" />
      </mapping>
    </element>
    <element id="Extension.extension:kostenerstattung.value[x]">
      <path value="Extension.extension.value[x]" />
      <short value="Value of extension" />
      <definition value="Value of extension - may be a resource or one of a constrained set of the data types (see Extensibility in the spec for list)." />
      <comment value="A stream of bytes, base64 encoded" />
      <min value="0" />
      <max value="0" />
      <base>
        <path value="Extension.value[x]" />
        <min value="0" />
        <max value="1" />
      </base>
      <type>
        <code value="base64Binary" />
      </type>
      <type>
        <code value="boolean" />
      </type>
      <type>
        <code value="code" />
      </type>
      <type>
        <code value="date" />
      </type>
      <type>
        <code value="dateTime" />
      </type>
      <type>
        <code value="decimal" />
      </type>
      <type>
        <code value="id" />
      </type>
      <type>
        <code value="instant" />
      </type>
      <type>
        <code value="integer" />
      </type>
      <type>
        <code value="markdown" />
      </type>
      <type>
        <code value="oid" />
      </type>
      <type>
        <code value="positiveInt" />
      </type>
      <type>
        <code value="string" />
      </type>
      <type>
        <code value="time" />
      </type>
      <type>
        <code value="unsignedInt" />
      </type>
      <type>
        <code value="uri" />
      </type>
      <type>
        <code value="Address" />
      </type>
      <type>
        <code value="Age" />
      </type>
      <type>
        <code value="Annotation" />
      </type>
      <type>
        <code value="Attachment" />
      </type>
      <type>
        <code value="CodeableConcept" />
      </type>
      <type>
        <code value="Coding" />
      </type>
      <type>
        <code value="ContactPoint" />
      </type>
      <type>
        <code value="Count" />
      </type>
      <type>
        <code value="Distance" />
      </type>
      <type>
        <code value="Duration" />
      </type>
      <type>
        <code value="HumanName" />
      </type>
      <type>
        <code value="Identifier" />
      </type>
      <type>
        <code value="Money" />
      </type>
      <type>
        <code value="Period" />
      </type>
      <type>
        <code value="Quantity" />
      </type>
      <type>
        <code value="Range" />
      </type>
      <type>
        <code value="Ratio" />
      </type>
      <type>
        <code value="Reference" />
      </type>
      <type>
        <code value="SampledData" />
      </type>
      <type>
        <code value="Signature" />
      </type>
      <type>
        <code value="Timing" />
      </type>
      <type>
        <code value="Meta" />
      </type>
      <condition value="ele-1" />
      <constraint>
        <key value="ele-1" />
        <severity value="error" />
        <human value="All FHIR elements must have a @value or children" />
        <expression value="hasValue() or (children().count() &gt; id.count())" />
        <xpath value="@value|f:*|h:div" />
      </constraint>
      <mapping>
        <identity value="rim" />
        <map value="n/a" />
      </mapping>
      <mapping>
        <identity value="rim" />
        <map value="N/A" />
      </mapping>
    </element>
    <element id="Extension.url">
      <path value="Extension.url" />
      <representation value="xmlAttr" />
      <short value="identifies the meaning of the extension" />
      <definition value="Source of the definition for the extension code - a logical name or a URL." />
      <comment value="The definition may point directly to a computable or human-readable definition of the extensibility codes, or it may be a logical URI as declared in some other specification. The definition SHALL be a URI for the Structure Definition defining the extension." />
      <min value="1" />
      <max value="1" />
      <base>
        <path value="Extension.url" />
        <min value="1" />
        <max value="1" />
      </base>
      <type>
        <code value="uri" />
      </type>
      <fixedUri value="http://fhir.de/StructureDefinition/gkv/zusatzinfos-allgemein/0.2" />
      <condition value="ele-1" />
      <constraint>
        <key value="ele-1" />
        <severity value="error" />
        <human value="All FHIR elements must have a @value or children" />
        <expression value="hasValue() or (children().count() &gt; id.count())" />
        <xpath value="@value|f:*|h:div" />
      </constraint>
      <mapping>
        <identity value="rim" />
        <map value="n/a" />
      </mapping>
      <mapping>
        <identity value="rim" />
        <map value="N/A" />
      </mapping>
    </element>
    <element id="Extension.value[x]">
      <path value="Extension.value[x]" />
      <short value="Value of extension" />
      <definition value="Value of extension - may be a resource or one of a constrained set of the data types (see Extensibility in the spec for list)." />
      <comment value="A stream of bytes, base64 encoded" />
      <min value="0" />
      <max value="0" />
      <base>
        <path value="Extension.value[x]" />
        <min value="0" />
        <max value="1" />
      </base>
      <type>
        <code value="base64Binary" />
      </type>
      <type>
        <code value="boolean" />
      </type>
      <type>
        <code value="code" />
      </type>
      <type>
        <code value="date" />
      </type>
      <type>
        <code value="dateTime" />
      </type>
      <type>
        <code value="decimal" />
      </type>
      <type>
        <code value="id" />
      </type>
      <type>
        <code value="instant" />
      </type>
      <type>
        <code value="integer" />
      </type>
      <type>
        <code value="markdown" />
      </type>
      <type>
        <code value="oid" />
      </type>
      <type>
        <code value="positiveInt" />
      </type>
      <type>
        <code value="string" />
      </type>
      <type>
        <code value="time" />
      </type>
      <type>
        <code value="unsignedInt" />
      </type>
      <type>
        <code value="uri" />
      </type>
      <type>
        <code value="Address" />
      </type>
      <type>
        <code value="Age" />
      </type>
      <type>
        <code value="Annotation" />
      </type>
      <type>
        <code value="Attachment" />
      </type>
      <type>
        <code value="CodeableConcept" />
      </type>
      <type>
        <code value="Coding" />
      </type>
      <type>
        <code value="ContactPoint" />
      </type>
      <type>
        <code value="Count" />
      </type>
      <type>
        <code value="Distance" />
      </type>
      <type>
        <code value="Duration" />
      </type>
      <type>
        <code value="HumanName" />
      </type>
      <type>
        <code value="Identifier" />
      </type>
      <type>
        <code value="Money" />
      </type>
      <type>
        <code value="Period" />
      </type>
      <type>
        <code value="Quantity" />
      </type>
      <type>
        <code value="Range" />
      </type>
      <type>
        <code value="Ratio" />
      </type>
      <type>
        <code value="Reference" />
      </type>
      <type>
        <code value="SampledData" />
      </type>
      <type>
        <code value="Signature" />
      </type>
      <type>
        <code value="Timing" />
      </type>
      <type>
        <code value="Meta" />
      </type>
      <condition value="ele-1" />
      <constraint>
        <key value="ele-1" />
        <severity value="error" />
        <human value="All FHIR elements must have a @value or children" />
        <expression value="hasValue() or (children().count() &gt; id.count())" />
        <xpath value="@value|f:*|h:div" />
      </constraint>
      <mapping>
        <identity value="rim" />
        <map value="n/a" />
      </mapping>
      <mapping>
        <identity value="rim" />
        <map value="N/A" />
      </mapping>
    </element>
  </snapshot>
  <differential>
    <element id="Extension.extension">
      <path value="Extension.extension" />
      <slicing>
        <discriminator>
          <type value="value" />
          <path value="url" />
        </discriminator>
        <rules value="open" />
      </slicing>
    </element>
    <element id="Extension.extension:versichertenart">
      <path value="Extension.extension" />
      <sliceName value="versichertenart" />
      <short value="Versichertenart" />
      <definition value="Gibt die Versichertenart des Versicherten an." />
      <max value="1" />
      <mapping>
        <identity value="KVDT" />
        <map value="3108" />
      </mapping>
    </element>
    <element id="Extension.extension:versichertenart.url">
      <path value="Extension.extension.url" />
      <fixedUri value="versichertenart" />
    </element>
    <element id="Extension.extension:versichertenart.value[x]:valueCode">
      <path value="Extension.extension.valueCode" />
      <sliceName value="valueCode" />
      <short value="1=Mitglied, 3=Familienversicherter, 5=Rentner" />
      <definition value="Gibt die Versichertenart des Versicherten an.&#xD;&#xA;1=Mitglied&#xD;&#xA;3=Familienversicherter&#xD;&#xA;5=Rentner" />
      <min value="1" />
      <type>
        <code value="code" />
      </type>
      <binding>
        <strength value="required" />
        <valueSetUri value="http://fhir.de/ValueSet/kbv/s-kbv-versichertenstatus" />
      </binding>
    </element>
    <element id="Extension.extension:wop">
      <path value="Extension.extension" />
      <sliceName value="wop" />
      <short value="Kennzeichen Wohnortprinzip" />
      <definition value="Das Kennzeichen WOP ist gemäß § 2 Abs. 2 der Vereinbarung zur&#xD;&#xA;Festsetzung des Durchschnittsbetrages gemäß Artikel 2 § 2 Abs. 2 des&#xD;&#xA;Gesetzes zur Einführung des Wohnortprinzips bei Honorarvereinbarungen für&#xD;&#xA;Ärzte und Zahnärzte und zur Krankenversichertenkarte gemäß § 291 Abs. 2&#xD;&#xA;Fünftes Sozialgesetzbuch (SGB V) erforderlich." />
      <max value="1" />
      <mapping>
        <identity value="KVDT" />
        <map value="3116" />
      </mapping>
    </element>
    <element id="Extension.extension:wop.url">
      <path value="Extension.extension.url" />
      <fixedUri value="wop" />
    </element>
    <element id="Extension.extension:wop.value[x]:valueCode">
      <path value="Extension.extension.valueCode" />
      <sliceName value="valueCode" />
      <min value="1" />
      <type>
        <code value="code" />
      </type>
      <binding>
        <strength value="required" />
        <valueSetUri value="http://fhir.de/ValueSet/kbv/s-kbv-kv" />
      </binding>
    </element>
    <element id="Extension.extension:kostenerstattung">
      <path value="Extension.extension" />
      <sliceName value="kostenerstattung" />
      <definition value="Gibt an, welche Kostenerstattungen der Versicherte nach § 13 SGB V gewählt hat." />
      <max value="1" />
    </element>
    <element id="Extension.extension:kostenerstattung.extension">
      <path value="Extension.extension.extension" />
      <slicing>
        <discriminator>
          <type value="value" />
          <path value="url" />
        </discriminator>
        <rules value="open" />
      </slicing>
    </element>
    <element id="Extension.extension:kostenerstattung.extension:aerztlicheVersorgung">
      <path value="Extension.extension.extension" />
      <sliceName value="aerztlicheVersorgung" />
      <short value="Kostenerstattung für die ärztliche Versorgung" />
      <definition value="Gibt die vom Versicherten gewählte Kostenerstattung für die ärztliche&#xD;&#xA;Versorgung an.&#xD;&#xA;1 (true) = Kostenerstattung für ärztliche Versorgung&#xD;&#xA;0 (false) = keine Kostenerstattung für ärztliche Versorgung" />
      <max value="1" />
    </element>
    <element id="Extension.extension:kostenerstattung.extension:aerztlicheVersorgung.url">
      <path value="Extension.extension.extension.url" />
      <fixedUri value="aerztlicheVersorgung" />
    </element>
    <element id="Extension.extension:kostenerstattung.extension:aerztlicheVersorgung.value[x]:valueCode">
      <path value="Extension.extension.extension.valueCode" />
      <sliceName value="valueCode" />
      <min value="1" />
      <type>
        <code value="code" />
      </type>
      <constraint>
        <key value="gkv-13" />
        <severity value="error" />
        <human value="Es sind nur die Werte 1 (&quot;Kostenerstattung für ärztliche Versorgung&quot;) oder  0 (&quot;keine Kostenerstattung für ärztliche Versorgung&quot;) erlaubt." />
        <expression value="matches('[01]')" />
      </constraint>
    </element>
    <element id="Extension.extension:kostenerstattung.extension:zahnaerztlicheVersorgung">
      <path value="Extension.extension.extension" />
      <sliceName value="zahnaerztlicheVersorgung" />
      <short value="Kostenerstattung für zahnärztliche" />
      <definition value="Gibt die vom Versicherten gewählte Kostenerstattung für zahnärztliche&#xD;&#xA;Versorgung an.&#xD;&#xA;1 (true) = Kostenerstattung für zahnärztliche Versorgung&#xD;&#xA;0 (false) = keine Kostenerstattung für zahnärztliche Versorgung" />
      <max value="1" />
    </element>
    <element id="Extension.extension:kostenerstattung.extension:zahnaerztlicheVersorgung.url">
      <path value="Extension.extension.extension.url" />
      <fixedUri value="zahnaerztlicheVersorgung" />
    </element>
    <element id="Extension.extension:kostenerstattung.extension:zahnaerztlicheVersorgung.value[x]:valueCode">
      <path value="Extension.extension.extension.valueCode" />
      <sliceName value="valueCode" />
      <min value="1" />
      <type>
        <code value="code" />
      </type>
      <constraint>
        <key value="gkv-10" />
        <severity value="error" />
        <human value="Es sind nur die Werte 1 (&quot;Kostenerstattung für zahnärztliche Versorgung&quot;) oder 2 (&quot;keine Kostenerstattung für zahnärztliche Versorgung&quot;) erlaubt" />
        <expression value="matches('[01]')" />
      </constraint>
    </element>
    <element id="Extension.extension:kostenerstattung.extension:stationaererBereich">
      <path value="Extension.extension.extension" />
      <sliceName value="stationaererBereich" />
      <short value="Kostenerstattung für den stationären" />
      <definition value="Gibt die vom Versicherten gewählte Kostenerstattung für den stationären&#xD;&#xA;Bereich an.&#xD;&#xA;1 (true) = Kostenerstattung für stationären Bereich&#xD;&#xA;0 (false) = keine Kostenerstattung für stationären Bereich" />
      <max value="1" />
    </element>
    <element id="Extension.extension:kostenerstattung.extension:stationaererBereich.url">
      <path value="Extension.extension.extension.url" />
      <fixedUri value="stationaererBereich" />
    </element>
    <element id="Extension.extension:kostenerstattung.extension:stationaererBereich.value[x]:valueCode">
      <path value="Extension.extension.extension.valueCode" />
      <sliceName value="valueCode" />
      <min value="1" />
      <type>
        <code value="code" />
      </type>
      <constraint>
        <key value="gkv-11" />
        <severity value="error" />
        <human value="Es sind nur die Werte 1 (&quot;Kostenerstattung für stationären Bereich&quot;) oder 0 (&quot;keine Kostenerstattung für stationären Bereich&quot;)" />
        <expression value="matches('[01]')" />
      </constraint>
    </element>
    <element id="Extension.extension:kostenerstattung.extension:veranlassteLeistungen">
      <path value="Extension.extension.extension" />
      <sliceName value="veranlassteLeistungen" />
      <short value="Kostenerstattung für veranlasste Leistungen" />
      <definition value="Gibt die vom Versicherten gewählte Kostenerstattung für veranlasste&#xD;&#xA;Leistungen an.&#xD;&#xA;1 (true) = Kostenerstattung für veranlasste Leistungen&#xD;&#xA;0 (false) = keine Kostenerstattung für veranlasste Leistungen" />
      <max value="1" />
    </element>
    <element id="Extension.extension:kostenerstattung.extension:veranlassteLeistungen.url">
      <path value="Extension.extension.extension.url" />
      <fixedUri value="veranlassteLeistungen" />
    </element>
    <element id="Extension.extension:kostenerstattung.extension:veranlassteLeistungen.value[x]:valueCode">
      <path value="Extension.extension.extension.valueCode" />
      <sliceName value="valueCode" />
      <min value="1" />
      <type>
        <code value="code" />
      </type>
      <constraint>
        <key value="gkv-12" />
        <severity value="error" />
        <human value="Es sind nur die Werte 1 (&quot;Kostenerstattung für veranlasste Leistungen&quot;) oder 0 (&quot;keine Kostenerstattung für veranlasste Leistungen&quot;)" />
        <expression value="matches('[01]')" />
      </constraint>
    </element>
    <element id="Extension.extension:kostenerstattung.url">
      <path value="Extension.extension.url" />
      <fixedUri value="kostenerstattung" />
    </element>
    <element id="Extension.extension:kostenerstattung.value[x]">
      <path value="Extension.extension.value[x]" />
      <max value="0" />
    </element>
    <element id="Extension.url">
      <path value="Extension.url" />
      <fixedUri value="http://fhir.de/StructureDefinition/gkv/zusatzinfos-allgemein/0.2" />
    </element>
    <element id="Extension.value[x]">
      <path value="Extension.value[x]" />
      <max value="0" />
    </element>
  </differential>
</StructureDefinition>