<StructureDefinition xmlns="http://hl7.org/fhir">
  <meta>
    <lastUpdated value="2017-09-09T14:57:09.543-08:00" />
  </meta>
  <url value="http://fhir.de/StructureDefinition/humanname-namenszusatz/0.2" />
  <version value="0.2.4" />
  <name value="humanname-namenszusatz-0.2" />
  <title value="Extension zur Erfassung der VSDM Namensbestandteile (Version 0.2)" />
  <status value="draft" />
  <date value="2018-06-18" />
  <publisher value="HL7 Deutschland e.V. (Technisches Komitee FHIR)" />
  <contact>
    <telecom>
      <system value="url" />
      <value value="http://hl7.de/technische-komitees/fhir/" />
    </telecom>
  </contact>
  <description value="Namenszusatz als Bestandteil das Nachnamens, wie in VSDM (Versichertenstammdatenmanagement, &quot;eGK&quot;) definiert.&#xD;&#xA;Beispiele: Gräfin, Prinz oder Fürst" />
  <copyright value="HL7 Deutschland e.V." />
  <fhirVersion value="3.0.1" />
  <kind value="complex-type" />
  <abstract value="false" />
  <contextType value="datatype" />
  <context value="HumanName.family" />
  <type value="Extension" />
  <baseDefinition value="http://hl7.org/fhir/StructureDefinition/Extension" />
  <snapshot>
    <element id="Extension">
      <path value="Extension" />
      <short value="Namenszusatz gemäß VSDM (Versichertenstammdatenmanagement, &quot;eGK&quot;)" />
      <definition value="Namenszusatz als Bestandteil das Nachnamens, wie in VSDM (Versichertenstammdatenmanagement, &quot;eGK&quot;) definiert.&#xD;&#xA;Beispiele: Gräfin, Prinz oder Fürst" />
      <comment value="Die Extension wurde erstellt aufgrund der Anforderung, die auf der eGK vorhandenen Patientenstammdaten in FHIR abbilden zu können. Auf der eGK werden die Namensbestandteile &quot;Namenszusatz&quot; und &quot;Vorsatzwort&quot; getrennt vom Nachnamen gespeichert. Anhand der Liste der zulässigen Namenszusätze ist deutlich erkennbar, dass es sich hierbei sinngemäß um Adelstitel handelt.&#xD;&#xA;Das Vorsatzwort kann durch die Core-Extension http://build.fhir.org/extension-humanname-own-name.html abgebildet werden, für den Namenszusatz ergibt sich jedoch die Notwendikeit einer nationalen Extension, da in andern Ländern Adelstitel entweder gar nicht oder als reguläres Namenspräfix erfasst werden." />
      <min value="0" />
      <max value="*" />
      <base>
        <path value="Element" />
        <min value="0" />
        <max value="*" />
      </base>
      <condition value="ele-1" />
      <constraint>
        <key value="ele-1" />
        <severity value="error" />
        <human value="All FHIR elements must have a @value or children" />
        <expression value="hasValue() | (children().count() &gt; id.count())" />
        <xpath value="@value|f:*|h:div" />
      </constraint>
      <constraint>
        <key value="ext-1" />
        <severity value="error" />
        <human value="Must have either extensions or value[x], not both" />
        <expression value="extension.exists() != value.exists()" />
        <xpath value="exists(f:extension)!=exists(f:*[starts-with(local-name(.), 'value')])" />
      </constraint>
      <mapping>
        <identity value="rim" />
        <map value="n/a" />
      </mapping>
      <mapping>
        <identity value="rim" />
        <map value="N/A" />
      </mapping>
    </element>
    <element id="Extension.id">
      <path value="Extension.id" />
      <representation value="xmlAttr" />
      <short value="xml:id (or equivalent in JSON)" />
      <definition value="unique id for the element within a resource (for internal references). This may be any string value that does not contain spaces." />
      <comment value="Note that FHIR strings may not exceed 1MB in size" />
      <min value="0" />
      <max value="1" />
      <base>
        <path value="Element.id" />
        <min value="0" />
        <max value="1" />
      </base>
      <type>
        <code value="string" />
      </type>
      <condition value="ele-1" />
      <constraint>
        <key value="ele-1" />
        <severity value="error" />
        <human value="All FHIR elements must have a @value or children" />
        <expression value="hasValue() | (children().count() &gt; id.count())" />
        <xpath value="@value|f:*|h:div" />
      </constraint>
      <mapping>
        <identity value="rim" />
        <map value="n/a" />
      </mapping>
    </element>
    <element id="Extension.extension">
      <path value="Extension.extension" />
      <slicing>
        <discriminator>
          <type value="value" />
          <path value="url" />
        </discriminator>
        <description value="Extensions are always sliced by (at least) url" />
        <rules value="open" />
      </slicing>
      <short value="Additional Content defined by implementations" />
      <definition value="May be used to represent additional information that is not part of the basic definition of the element. In order to make the use of extensions safe and manageable, there is a strict set of governance  applied to the definition and use of extensions. Though any implementer is allowed to define an extension, there is a set of requirements that SHALL be met as part of the definition of the extension." />
      <comment value="There can be no stigma associated with the use of extensions by any application, project, or standard - regardless of the institution or jurisdiction that uses or defines the extensions.  The use of extensions is what allows the FHIR specification to retain a core level of simplicity for everyone." />
      <alias value="extensions" />
      <alias value="user content" />
      <min value="0" />
      <max value="*" />
      <base>
        <path value="Element.extension" />
        <min value="0" />
        <max value="*" />
      </base>
      <type>
        <code value="Extension" />
      </type>
      <condition value="ele-1" />
      <constraint>
        <key value="ele-1" />
        <severity value="error" />
        <human value="All FHIR elements must have a @value or children" />
        <expression value="hasValue() | (children().count() &gt; id.count())" />
        <xpath value="@value|f:*|h:div" />
      </constraint>
      <constraint>
        <key value="ext-1" />
        <severity value="error" />
        <human value="Must have either extensions or value[x], not both" />
        <expression value="extension.exists() != value.exists()" />
        <xpath value="exists(f:extension)!=exists(f:*[starts-with(local-name(.), 'value')])" />
      </constraint>
      <mapping>
        <identity value="rim" />
        <map value="n/a" />
      </mapping>
      <mapping>
        <identity value="rim" />
        <map value="N/A" />
      </mapping>
    </element>
    <element id="Extension.url">
      <path value="Extension.url" />
      <representation value="xmlAttr" />
      <short value="identifies the meaning of the extension" />
      <definition value="Source of the definition for the extension code - a logical name or a URL." />
      <comment value="The definition may point directly to a computable or human-readable definition of the extensibility codes, or it may be a logical URI as declared in some other specification. The definition SHALL be a URI for the Structure Definition defining the extension." />
      <min value="1" />
      <max value="1" />
      <base>
        <path value="Extension.url" />
        <min value="1" />
        <max value="1" />
      </base>
      <type>
        <code value="uri" />
      </type>
      <fixedUri value="http://fhir.de/StructureDefinition/humanname-namenszusatz/0.2" />
      <condition value="ele-1" />
      <constraint>
        <key value="ele-1" />
        <severity value="error" />
        <human value="All FHIR elements must have a @value or children" />
        <expression value="hasValue() | (children().count() &gt; id.count())" />
        <xpath value="@value|f:*|h:div" />
      </constraint>
      <mapping>
        <identity value="rim" />
        <map value="n/a" />
      </mapping>
      <mapping>
        <identity value="rim" />
        <map value="N/A" />
      </mapping>
    </element>
    <element id="Extension.value[x]:valueString">
      <path value="Extension.valueString" />
      <sliceName value="valueString" />
      <short value="Namenszusatz" />
      <definition value="Namenszusatz zum Nachnamen z.B. Gräfin, Prinz oder Fürst" />
      <comment value="A stream of bytes, base64 encoded" />
      <min value="0" />
      <max value="1" />
      <base>
        <path value="Extension.value[x]" />
        <min value="0" />
        <max value="1" />
      </base>
      <type>
        <code value="string" />
      </type>
      <condition value="ele-1" />
      <constraint>
        <key value="ele-1" />
        <severity value="error" />
        <human value="All FHIR elements must have a @value or children" />
        <expression value="hasValue() | (children().count() &gt; id.count())" />
        <xpath value="@value|f:*|h:div" />
      </constraint>
      <mapping>
        <identity value="rim" />
        <map value="n/a" />
      </mapping>
      <mapping>
        <identity value="rim" />
        <map value="N/A" />
      </mapping>
    </element>
  </snapshot>
  <differential>
    <element id="Extension">
      <path value="Extension" />
      <short value="Namenszusatz gemäß VSDM (Versichertenstammdatenmanagement, &quot;eGK&quot;)" />
      <definition value="Namenszusatz als Bestandteil das Nachnamens, wie in VSDM (Versichertenstammdatenmanagement, &quot;eGK&quot;) definiert.&#xD;&#xA;Beispiele: Gräfin, Prinz oder Fürst" />
      <comment value="Die Extension wurde erstellt aufgrund der Anforderung, die auf der eGK vorhandenen Patientenstammdaten in FHIR abbilden zu können. Auf der eGK werden die Namensbestandteile &quot;Namenszusatz&quot; und &quot;Vorsatzwort&quot; getrennt vom Nachnamen gespeichert. Anhand der Liste der zulässigen Namenszusätze ist deutlich erkennbar, dass es sich hierbei sinngemäß um Adelstitel handelt.&#xD;&#xA;Das Vorsatzwort kann durch die Core-Extension http://build.fhir.org/extension-humanname-own-name.html abgebildet werden, für den Namenszusatz ergibt sich jedoch die Notwendikeit einer nationalen Extension, da in andern Ländern Adelstitel entweder gar nicht oder als reguläres Namenspräfix erfasst werden." />
    </element>
    <element id="Extension.url">
      <path value="Extension.url" />
      <fixedUri value="http://fhir.de/StructureDefinition/humanname-namenszusatz/0.2" />
    </element>
    <element id="Extension.value[x]:valueString">
      <path value="Extension.valueString" />
      <sliceName value="valueString" />
      <short value="Namenszusatz" />
      <definition value="Namenszusatz zum Nachnamen z.B. Gräfin, Prinz oder Fürst" />
      <type>
        <code value="string" />
      </type>
    </element>
  </differential>
</StructureDefinition>