<StructureDefinition xmlns="http://hl7.org/fhir">
  <meta>
    <lastUpdated value="2017-09-09T21:48:06.151+01:00" />
  </meta>
  <text>
    <status value="generated" />
    <div xmlns="http://www.w3.org/1999/xhtml">Definition für NamingSystem-Ressourcen in deutschen Profilen</div>
  </text>
  <url value="http://fhir.de/StructureDefinition/namingsystem-de-basis/0.2" />
  <version value="0.2.4" />
  <name value="namingsystem-de-basis-0.2" />
  <title value="Namingsystem, deutsches Basisprofil (Version 0.2)" />
  <status value="draft" />
  <date value="2018-06-28" />
  <publisher value="HL7 Deutschland e.V. (Technisches Komitee FHIR)" />
  <contact>
    <telecom>
      <system value="url" />
      <value value="http://hl7.de/technische-komitees/fhir/" />
    </telecom>
  </contact>
  <description value="Definition für NamingSystem-Ressourcen in deutschen Profilen" />
  <purpose value="Definition für NamingSystem-Ressourcen in deutschen Profilen" />
  <copyright value="HL7 Deutschland e.V." />
  <fhirVersion value="3.0.1" />
  <kind value="resource" />
  <abstract value="false" />
  <type value="NamingSystem" />
  <baseDefinition value="http://hl7.org/fhir/StructureDefinition/NamingSystem" />
  <derivation value="constraint" />
  <snapshot>
    <element id="NamingSystem">
      <path value="NamingSystem" />
      <short value="System of unique identification" />
      <definition value="A curated namespace that issues unique symbols within that namespace for the identification of concepts, people, devices, etc.  Represents a &quot;System&quot; used within the Identifier and Coding data types." />
      <min value="0" />
      <max value="*" />
      <base>
        <path value="Resource" />
        <min value="0" />
        <max value="*" />
      </base>
      <constraint>
        <key value="dom-2" />
        <severity value="error" />
        <human value="If the resource is contained in another resource, it SHALL NOT contain nested Resources" />
        <expression value="contained.contained.empty()" />
        <xpath value="not(parent::f:contained and f:contained)" />
      </constraint>
      <constraint>
        <key value="dom-1" />
        <severity value="error" />
        <human value="If the resource is contained in another resource, it SHALL NOT contain any narrative" />
        <expression value="contained.text.empty()" />
        <xpath value="not(parent::f:contained and f:text)" />
      </constraint>
      <constraint>
        <key value="dom-4" />
        <severity value="error" />
        <human value="If a resource is contained in another resource, it SHALL NOT have a meta.versionId or a meta.lastUpdated" />
        <expression value="contained.meta.versionId.empty() and contained.meta.lastUpdated.empty()" />
        <xpath value="not(exists(f:contained/*/f:meta/f:versionId)) and not(exists(f:contained/*/f:meta/f:lastUpdated))" />
      </constraint>
      <constraint>
        <key value="dom-3" />
        <severity value="error" />
        <human value="If the resource is contained in another resource, it SHALL be referred to from elsewhere in the resource" />
        <expression value="contained.where(('#'+id in %resource.descendants().reference).not()).empty()" />
        <xpath value="not(exists(for $id in f:contained/*/@id return $id[not(ancestor::f:contained/parent::*/descendant::f:reference/@value=concat('#', $id))]))" />
      </constraint>
      <constraint>
        <key value="nsd-1" />
        <severity value="error" />
        <human value="Root systems cannot have uuid identifiers" />
        <expression value="kind != 'root' or uniqueId.type = 'uuid'" />
        <xpath value="not(f:kind/@value='root' and f:uniqueId/f:type/@value='uuid')" />
      </constraint>
      <constraint>
        <key value="nsd-3" />
        <severity value="error" />
        <human value="Can only have replacedBy if naming system is retired" />
        <expression value="replacedBy.empty() or status = 'retired'" />
        <xpath value="not(f:replacedBy) or f:status/@value='retired'" />
      </constraint>
      <constraint>
        <key value="nsd-2" />
        <severity value="error" />
        <human value="Can't have more than one preferred identifier for a type" />
        <expression value="uniqueId.where(preferred = true).select(type).isDistinct()" />
        <xpath value="not(exists(for $type in distinct-values(f:uniqueId/f:type/@value) return if (count(f:uniqueId[f:type/@value=$type and f:preferred/@value=true()])&gt;1) then $type else ()))" />
      </constraint>
      <mapping>
        <identity value="rim" />
        <map value="Entity. Role, or Act" />
      </mapping>
      <mapping>
        <identity value="v2" />
        <map value="N/A" />
      </mapping>
      <mapping>
        <identity value="rim" />
        <map value="N/A" />
      </mapping>
      <mapping>
        <identity value="w5" />
        <map value="conformance.terminology" />
      </mapping>
    </element>
    <element id="NamingSystem.id">
      <path value="NamingSystem.id" />
      <short value="Logical id of this artifact" />
      <definition value="The logical id of the resource, as used in the URL for the resource. Once assigned, this value never changes." />
      <comment value="The only time that a resource does not have an id is when it is being submitted to the server using a create operation." />
      <min value="0" />
      <max value="1" />
      <base>
        <path value="Resource.id" />
        <min value="0" />
        <max value="1" />
      </base>
      <type>
        <code value="id" />
      </type>
      <condition value="ele-1" />
      <constraint>
        <key value="ele-1" />
        <severity value="error" />
        <human value="All FHIR elements must have a @value or children" />
        <expression value="hasValue() | (children().count() &gt; id.count())" />
        <xpath value="@value|f:*|h:div" />
      </constraint>
      <isSummary value="true" />
      <mapping>
        <identity value="rim" />
        <map value="n/a" />
      </mapping>
    </element>
    <element id="NamingSystem.meta">
      <path value="NamingSystem.meta" />
      <short value="Metadata about the resource" />
      <definition value="The metadata about the resource. This is content that is maintained by the infrastructure. Changes to the content may not always be associated with version changes to the resource." />
      <min value="0" />
      <max value="1" />
      <base>
        <path value="Resource.meta" />
        <min value="0" />
        <max value="1" />
      </base>
      <type>
        <code value="Meta" />
      </type>
      <condition value="ele-1" />
      <constraint>
        <key value="ele-1" />
        <severity value="error" />
        <human value="All FHIR elements must have a @value or children" />
        <expression value="hasValue() | (children().count() &gt; id.count())" />
        <xpath value="@value|f:*|h:div" />
      </constraint>
      <isSummary value="true" />
      <mapping>
        <identity value="rim" />
        <map value="n/a" />
      </mapping>
      <mapping>
        <identity value="rim" />
        <map value="N/A" />
      </mapping>
    </element>
    <element id="NamingSystem.implicitRules">
      <path value="NamingSystem.implicitRules" />
      <short value="A set of rules under which this content was created" />
      <definition value="A reference to a set of rules that were followed when the resource was constructed, and which must be understood when processing the content." />
      <comment value="Asserting this rule set restricts the content to be only understood by a limited set of trading partners. This inherently limits the usefulness of the data in the long term. However, the existing health eco-system is highly fractured, and not yet ready to define, collect, and exchange data in a generally computable sense. Wherever possible, implementers and/or specification writers should avoid using this element. &#xA;&#xA;This element is labelled as a modifier because the implicit rules may provide additional knowledge about the resource that modifies it's meaning or interpretation." />
      <min value="0" />
      <max value="1" />
      <base>
        <path value="Resource.implicitRules" />
        <min value="0" />
        <max value="1" />
      </base>
      <type>
        <code value="uri" />
      </type>
      <condition value="ele-1" />
      <constraint>
        <key value="ele-1" />
        <severity value="error" />
        <human value="All FHIR elements must have a @value or children" />
        <expression value="hasValue() | (children().count() &gt; id.count())" />
        <xpath value="@value|f:*|h:div" />
      </constraint>
      <isModifier value="true" />
      <isSummary value="true" />
      <mapping>
        <identity value="rim" />
        <map value="n/a" />
      </mapping>
    </element>
    <element id="NamingSystem.language">
      <path value="NamingSystem.language" />
      <short value="Language of the resource content" />
      <definition value="The base language in which the resource is written." />
      <comment value="Language is provided to support indexing and accessibility (typically, services such as text to speech use the language tag). The html language tag in the narrative applies  to the narrative. The language tag on the resource may be used to specify the language of other presentations generated from the data in the resource  Not all the content has to be in the base language. The Resource.language should not be assumed to apply to the narrative automatically. If a language is specified, it should it also be specified on the div element in the html (see rules in HTML5 for information about the relationship between xml:lang and the html lang attribute)." />
      <min value="0" />
      <max value="1" />
      <base>
        <path value="Resource.language" />
        <min value="0" />
        <max value="1" />
      </base>
      <type>
        <code value="code" />
      </type>
      <condition value="ele-1" />
      <constraint>
        <key value="ele-1" />
        <severity value="error" />
        <human value="All FHIR elements must have a @value or children" />
        <expression value="hasValue() | (children().count() &gt; id.count())" />
        <xpath value="@value|f:*|h:div" />
      </constraint>
      <binding>
        <extension url="http://hl7.org/fhir/StructureDefinition/elementdefinition-maxValueSet">
          <valueReference>
            <reference value="http://hl7.org/fhir/ValueSet/all-languages" />
          </valueReference>
        </extension>
        <extension url="http://hl7.org/fhir/StructureDefinition/elementdefinition-bindingName">
          <valueString value="Language" />
        </extension>
        <extension url="http://hl7.org/fhir/StructureDefinition/elementdefinition-isCommonBinding">
          <valueBoolean value="true" />
        </extension>
        <strength value="extensible" />
        <description value="A human language." />
        <valueSetReference>
          <reference value="http://hl7.org/fhir/ValueSet/languages" />
        </valueSetReference>
      </binding>
      <mapping>
        <identity value="rim" />
        <map value="n/a" />
      </mapping>
    </element>
    <element id="NamingSystem.text">
      <path value="NamingSystem.text" />
      <short value="Text summary of the resource, for human interpretation" />
      <definition value="A human-readable narrative that contains a summary of the resource, and may be used to represent the content of the resource to a human. The narrative need not encode all the structured data, but is required to contain sufficient detail to make it &quot;clinically safe&quot; for a human to just read the narrative. Resource definitions may define what content should be represented in the narrative to ensure clinical safety." />
      <comment value="Contained resources do not have narrative. Resources that are not contained SHOULD have a narrative. In some cases, a resource may only have text with little or no additional discrete data (as long as all minOccurs=1 elements are satisfied).  This may be necessary for data from legacy systems where information is captured as a &quot;text blob&quot; or where text is additionally entered raw or narrated and encoded in formation is added later." />
      <alias value="narrative" />
      <alias value="html" />
      <alias value="xhtml" />
      <alias value="display" />
      <min value="0" />
      <max value="1" />
      <base>
        <path value="DomainResource.text" />
        <min value="0" />
        <max value="1" />
      </base>
      <type>
        <code value="Narrative" />
      </type>
      <condition value="ele-1" />
      <condition value="dom-1" />
      <constraint>
        <key value="ele-1" />
        <severity value="error" />
        <human value="All FHIR elements must have a @value or children" />
        <expression value="hasValue() | (children().count() &gt; id.count())" />
        <xpath value="@value|f:*|h:div" />
      </constraint>
      <mapping>
        <identity value="rim" />
        <map value="n/a" />
      </mapping>
      <mapping>
        <identity value="rim" />
        <map value="N/A" />
      </mapping>
      <mapping>
        <identity value="rim" />
        <map value="Act.text?" />
      </mapping>
    </element>
    <element id="NamingSystem.contained">
      <path value="NamingSystem.contained" />
      <short value="Contained, inline Resources" />
      <definition value="These resources do not have an independent existence apart from the resource that contains them - they cannot be identified independently, and nor can they have their own independent transaction scope." />
      <comment value="This should never be done when the content can be identified properly, as once identification is lost, it is extremely difficult (and context dependent) to restore it again." />
      <alias value="inline resources" />
      <alias value="anonymous resources" />
      <alias value="contained resources" />
      <min value="0" />
      <max value="*" />
      <base>
        <path value="DomainResource.contained" />
        <min value="0" />
        <max value="*" />
      </base>
      <type>
        <code value="Resource" />
      </type>
      <mapping>
        <identity value="rim" />
        <map value="Entity. Role, or Act" />
      </mapping>
      <mapping>
        <identity value="rim" />
        <map value="N/A" />
      </mapping>
    </element>
    <element id="NamingSystem.extension">
      <path value="NamingSystem.extension" />
      <slicing>
        <discriminator>
          <type value="value" />
          <path value="url" />
        </discriminator>
        <description value="Extensions are always sliced by (at least) url" />
        <rules value="open" />
      </slicing>
      <short value="Additional Content defined by implementations" />
      <definition value="May be used to represent additional information that is not part of the basic definition of the resource. In order to make the use of extensions safe and manageable, there is a strict set of governance  applied to the definition and use of extensions. Though any implementer is allowed to define an extension, there is a set of requirements that SHALL be met as part of the definition of the extension." />
      <comment value="There can be no stigma associated with the use of extensions by any application, project, or standard - regardless of the institution or jurisdiction that uses or defines the extensions.  The use of extensions is what allows the FHIR specification to retain a core level of simplicity for everyone." />
      <alias value="extensions" />
      <alias value="user content" />
      <min value="0" />
      <max value="*" />
      <base>
        <path value="DomainResource.extension" />
        <min value="0" />
        <max value="*" />
      </base>
      <type>
        <code value="Extension" />
      </type>
      <condition value="ele-1" />
      <constraint>
        <key value="ele-1" />
        <severity value="error" />
        <human value="All FHIR elements must have a @value or children" />
        <expression value="hasValue() | (children().count() &gt; id.count())" />
        <xpath value="@value|f:*|h:div" />
      </constraint>
      <constraint>
        <key value="ext-1" />
        <severity value="error" />
        <human value="Must have either extensions or value[x], not both" />
        <expression value="extension.exists() != value.exists()" />
        <xpath value="exists(f:extension)!=exists(f:*[starts-with(local-name(.), 'value')])" />
      </constraint>
      <mapping>
        <identity value="rim" />
        <map value="n/a" />
      </mapping>
      <mapping>
        <identity value="rim" />
        <map value="N/A" />
      </mapping>
    </element>
    <element id="NamingSystem.modifierExtension">
      <path value="NamingSystem.modifierExtension" />
      <slicing>
        <discriminator>
          <type value="value" />
          <path value="url" />
        </discriminator>
        <description value="Extensions are always sliced by (at least) url" />
        <rules value="open" />
      </slicing>
      <short value="Extensions that cannot be ignored" />
      <definition value="May be used to represent additional information that is not part of the basic definition of the resource, and that modifies the understanding of the element that contains it. Usually modifier elements provide negation or qualification. In order to make the use of extensions safe and manageable, there is a strict set of governance applied to the definition and use of extensions. Though any implementer is allowed to define an extension, there is a set of requirements that SHALL be met as part of the definition of the extension. Applications processing a resource are required to check for modifier extensions." />
      <comment value="There can be no stigma associated with the use of extensions by any application, project, or standard - regardless of the institution or jurisdiction that uses or defines the extensions.  The use of extensions is what allows the FHIR specification to retain a core level of simplicity for everyone." />
      <alias value="extensions" />
      <alias value="user content" />
      <min value="0" />
      <max value="*" />
      <base>
        <path value="DomainResource.modifierExtension" />
        <min value="0" />
        <max value="*" />
      </base>
      <type>
        <code value="Extension" />
      </type>
      <condition value="ele-1" />
      <constraint>
        <key value="ele-1" />
        <severity value="error" />
        <human value="All FHIR elements must have a @value or children" />
        <expression value="hasValue() | (children().count() &gt; id.count())" />
        <xpath value="@value|f:*|h:div" />
      </constraint>
      <constraint>
        <key value="ext-1" />
        <severity value="error" />
        <human value="Must have either extensions or value[x], not both" />
        <expression value="extension.exists() != value.exists()" />
        <xpath value="exists(f:extension)!=exists(f:*[starts-with(local-name(.), 'value')])" />
      </constraint>
      <isModifier value="true" />
      <mapping>
        <identity value="rim" />
        <map value="n/a" />
      </mapping>
      <mapping>
        <identity value="rim" />
        <map value="N/A" />
      </mapping>
    </element>
    <element id="NamingSystem.name">
      <path value="NamingSystem.name" />
      <short value="Name for this naming system (computer friendly)" />
      <definition value="A natural language name identifying the naming system. This name should be usable as an identifier for the module by machine processing applications such as code generation." />
      <comment value="The name is not expected to be globally unique. The name should be a simple alpha-numeric type name to ensure that it is computable friendly. The&quot;symbolic name&quot; for an OID would be captured as an extension." />
      <requirements value="Support human navigation and code generation." />
      <min value="1" />
      <max value="1" />
      <base>
        <path value="NamingSystem.name" />
        <min value="1" />
        <max value="1" />
      </base>
      <type>
        <code value="string" />
      </type>
      <condition value="ele-1" />
      <constraint>
        <key value="ele-1" />
        <severity value="error" />
        <human value="All FHIR elements must have a @value or children" />
        <expression value="hasValue() | (children().count() &gt; id.count())" />
        <xpath value="@value|f:*|h:div" />
      </constraint>
      <isSummary value="true" />
      <mapping>
        <identity value="rim" />
        <map value="n/a" />
      </mapping>
    </element>
    <element id="NamingSystem.status">
      <path value="NamingSystem.status" />
      <short value="draft | active | retired | unknown" />
      <definition value="The status of this naming system. Enables tracking the life-cycle of the content." />
      <comment value="Allows filtering of naming systems that are appropriate for use vs. not.  &#xA;This is labeled as &quot;Is Modifier&quot; because applications should not use a retired naming system without due consideration." />
      <min value="1" />
      <max value="1" />
      <base>
        <path value="NamingSystem.status" />
        <min value="1" />
        <max value="1" />
      </base>
      <type>
        <code value="code" />
      </type>
      <condition value="ele-1" />
      <constraint>
        <key value="ele-1" />
        <severity value="error" />
        <human value="All FHIR elements must have a @value or children" />
        <expression value="hasValue() | (children().count() &gt; id.count())" />
        <xpath value="@value|f:*|h:div" />
      </constraint>
      <isModifier value="true" />
      <isSummary value="true" />
      <binding>
        <extension url="http://hl7.org/fhir/StructureDefinition/elementdefinition-bindingName">
          <valueString value="PublicationStatus" />
        </extension>
        <extension url="http://hl7.org/fhir/StructureDefinition/elementdefinition-isCommonBinding">
          <valueBoolean value="true" />
        </extension>
        <strength value="required" />
        <description value="The lifecycle status of a Value Set or Concept Map." />
        <valueSetReference>
          <reference value="http://hl7.org/fhir/ValueSet/publication-status" />
        </valueSetReference>
      </binding>
      <mapping>
        <identity value="rim" />
        <map value="n/a" />
      </mapping>
      <mapping>
        <identity value="w5" />
        <map value="status" />
      </mapping>
    </element>
    <element id="NamingSystem.kind">
      <path value="NamingSystem.kind" />
      <short value="codesystem | identifier | root" />
      <definition value="Indicates the purpose for the naming system - what kinds of things does it make unique?" />
      <comment value="Note that FHIR strings may not exceed 1MB in size" />
      <min value="1" />
      <max value="1" />
      <base>
        <path value="NamingSystem.kind" />
        <min value="1" />
        <max value="1" />
      </base>
      <type>
        <code value="code" />
      </type>
      <condition value="ele-1" />
      <constraint>
        <key value="ele-1" />
        <severity value="error" />
        <human value="All FHIR elements must have a @value or children" />
        <expression value="hasValue() | (children().count() &gt; id.count())" />
        <xpath value="@value|f:*|h:div" />
      </constraint>
      <binding>
        <extension url="http://hl7.org/fhir/StructureDefinition/elementdefinition-bindingName">
          <valueString value="NamingSystemType" />
        </extension>
        <strength value="required" />
        <description value="Identifies the purpose of the naming system." />
        <valueSetReference>
          <reference value="http://hl7.org/fhir/ValueSet/namingsystem-type" />
        </valueSetReference>
      </binding>
      <mapping>
        <identity value="rim" />
        <map value="n/a" />
      </mapping>
      <mapping>
        <identity value="w5" />
        <map value="class" />
      </mapping>
    </element>
    <element id="NamingSystem.date">
      <path value="NamingSystem.date" />
      <short value="Date this was last changed" />
      <definition value="The date  (and optionally time) when the naming system was published. The date must change if and when the business version changes and it must change if the status code changes. In addition, it should change when the substantive content of the naming system changes." />
      <comment value="Note that this is not the same as the resource last-modified-date, since the resource may be a secondary representation of the naming system. Additional specific dates may be added as extensions or be found by consulting Provenances associated with past versions of the resource." />
      <alias value="Revision Date" />
      <min value="1" />
      <max value="1" />
      <base>
        <path value="NamingSystem.date" />
        <min value="1" />
        <max value="1" />
      </base>
      <type>
        <code value="dateTime" />
      </type>
      <condition value="ele-1" />
      <constraint>
        <key value="ele-1" />
        <severity value="error" />
        <human value="All FHIR elements must have a @value or children" />
        <expression value="hasValue() | (children().count() &gt; id.count())" />
        <xpath value="@value|f:*|h:div" />
      </constraint>
      <isSummary value="true" />
      <mapping>
        <identity value="rim" />
        <map value="n/a" />
      </mapping>
      <mapping>
        <identity value="w5" />
        <map value="when.recorded" />
      </mapping>
    </element>
    <element id="NamingSystem.publisher">
      <path value="NamingSystem.publisher" />
      <short value="Name of the publisher (organization or individual)" />
      <definition value="The name of the individual or organization that published the naming system." />
      <comment value="Usually an organization, but may be an individual. The publisher (or steward) of the naming system is the organization or individual primarily responsible for the maintenance and upkeep of the naming system. This is not necessarily the same individual or organization that developed and initially authored the content. The publisher is the primary point of contact for questions or issues with the naming system. This item SHOULD be populated unless the information is available from context." />
      <requirements value="Helps establish the &quot;authority/credibility&quot; of the naming system.  May also allow for contact." />
      <min value="0" />
      <max value="1" />
      <base>
        <path value="NamingSystem.publisher" />
        <min value="0" />
        <max value="1" />
      </base>
      <type>
        <code value="string" />
      </type>
      <condition value="ele-1" />
      <constraint>
        <key value="ele-1" />
        <severity value="error" />
        <human value="All FHIR elements must have a @value or children" />
        <expression value="hasValue() | (children().count() &gt; id.count())" />
        <xpath value="@value|f:*|h:div" />
      </constraint>
      <isSummary value="true" />
      <mapping>
        <identity value="rim" />
        <map value="n/a" />
      </mapping>
      <mapping>
        <identity value="w5" />
        <map value="who.witness" />
      </mapping>
    </element>
    <element id="NamingSystem.contact">
      <path value="NamingSystem.contact" />
      <short value="Contact details for the publisher" />
      <definition value="Contact details to assist a user in finding and communicating with the publisher." />
      <comment value="May be a web site, an email address, a telephone number, etc." />
      <min value="0" />
      <max value="*" />
      <base>
        <path value="NamingSystem.contact" />
        <min value="0" />
        <max value="*" />
      </base>
      <type>
        <code value="ContactDetail" />
      </type>
      <condition value="ele-1" />
      <constraint>
        <key value="ele-1" />
        <severity value="error" />
        <human value="All FHIR elements must have a @value or children" />
        <expression value="hasValue() | (children().count() &gt; id.count())" />
        <xpath value="@value|f:*|h:div" />
      </constraint>
      <isSummary value="true" />
      <mapping>
        <identity value="rim" />
        <map value="n/a" />
      </mapping>
    </element>
    <element id="NamingSystem.responsible">
      <path value="NamingSystem.responsible" />
      <short value="Who maintains system namespace?" />
      <definition value="The name of the organization that is responsible for issuing identifiers or codes for this namespace and ensuring their non-collision." />
      <comment value="This is the primary organization.  Responsibility for some aspects of a namespace may be delegated." />
      <min value="0" />
      <max value="1" />
      <base>
        <path value="NamingSystem.responsible" />
        <min value="0" />
        <max value="1" />
      </base>
      <type>
        <code value="string" />
      </type>
      <condition value="ele-1" />
      <constraint>
        <key value="ele-1" />
        <severity value="error" />
        <human value="All FHIR elements must have a @value or children" />
        <expression value="hasValue() | (children().count() &gt; id.count())" />
        <xpath value="@value|f:*|h:div" />
      </constraint>
      <mapping>
        <identity value="rim" />
        <map value="n/a" />
      </mapping>
      <mapping>
        <identity value="w5" />
        <map value="who.witness" />
      </mapping>
    </element>
    <element id="NamingSystem.type">
      <path value="NamingSystem.type" />
      <short value="Typ des beschriebenen NamingSystems" />
      <definition value="Typ (Gruppe) des beschriebenen NamingSystems." />
      <comment value="This will most commonly be used for identifier namespaces, but categories could potentially be useful for code systems and authorities as well." />
      <min value="1" />
      <max value="1" />
      <base>
        <path value="NamingSystem.type" />
        <min value="0" />
        <max value="1" />
      </base>
      <type>
        <code value="CodeableConcept" />
      </type>
      <condition value="ele-1" />
      <constraint>
        <key value="ele-1" />
        <severity value="error" />
        <human value="All FHIR elements must have a @value or children" />
        <expression value="hasValue() | (children().count() &gt; id.count())" />
        <xpath value="@value|f:*|h:div" />
      </constraint>
      <mustSupport value="true" />
      <binding>
        <extension url="http://hl7.org/fhir/StructureDefinition/elementdefinition-bindingName">
          <valueString value="IdentifierType" />
        </extension>
        <extension url="http://hl7.org/fhir/StructureDefinition/elementdefinition-isCommonBinding">
          <valueBoolean value="true" />
        </extension>
        <strength value="extensible" />
        <description value="A coded type for an identifier that can be used to determine which identifier to use for a specific purpose." />
        <valueSetUri value="http://fhir.de/ValueSet/identifier-type-de-basis" />
      </binding>
      <mapping>
        <identity value="rim" />
        <map value="n/a" />
      </mapping>
      <mapping>
        <identity value="v2" />
        <map value="CE/CNE/CWE" />
      </mapping>
      <mapping>
        <identity value="rim" />
        <map value="CD" />
      </mapping>
      <mapping>
        <identity value="orim" />
        <map value="fhir:CodeableConcept rdfs:subClassOf dt:CD" />
      </mapping>
    </element>
    <element id="NamingSystem.description">
      <path value="NamingSystem.description" />
      <short value="Natural language description of the naming system" />
      <definition value="A free text natural language description of the naming system from a consumer's perspective. Details about what the namespace identifies including scope, granularity, version labeling, etc." />
      <comment value="This description can be used to capture details such as why the naming system was built, comments about misuse, instructions for clinical use and interpretation, literature references, examples from the paper world, etc. It is not a rendering of the naming system as conveyed in the 'text' field of the resource itself. This item SHOULD be populated unless the information is available from context (e.g. the language of the profile is presumed to be the predominant language in the place the profile was created)." />
      <min value="0" />
      <max value="1" />
      <base>
        <path value="NamingSystem.description" />
        <min value="0" />
        <max value="1" />
      </base>
      <type>
        <code value="markdown" />
      </type>
      <condition value="ele-1" />
      <constraint>
        <key value="ele-1" />
        <severity value="error" />
        <human value="All FHIR elements must have a @value or children" />
        <expression value="hasValue() | (children().count() &gt; id.count())" />
        <xpath value="@value|f:*|h:div" />
      </constraint>
      <mapping>
        <identity value="rim" />
        <map value="n/a" />
      </mapping>
    </element>
    <element id="NamingSystem.useContext">
      <path value="NamingSystem.useContext" />
      <short value="Context the content is intended to support" />
      <definition value="The content was developed with a focus and intent of supporting the contexts that are listed. These terms may be used to assist with indexing and searching for appropriate naming system instances." />
      <comment value="When multiple useContexts are specified, there is no expectation whether all or any of the contexts apply." />
      <requirements value="Assist in searching for appropriate content." />
      <min value="0" />
      <max value="*" />
      <base>
        <path value="NamingSystem.useContext" />
        <min value="0" />
        <max value="*" />
      </base>
      <type>
        <code value="UsageContext" />
      </type>
      <condition value="ele-1" />
      <constraint>
        <key value="ele-1" />
        <severity value="error" />
        <human value="All FHIR elements must have a @value or children" />
        <expression value="hasValue() | (children().count() &gt; id.count())" />
        <xpath value="@value|f:*|h:div" />
      </constraint>
      <isSummary value="true" />
      <mapping>
        <identity value="rim" />
        <map value="n/a" />
      </mapping>
    </element>
    <element id="NamingSystem.jurisdiction">
      <path value="NamingSystem.jurisdiction" />
      <short value="Intended jurisdiction for naming system (if applicable)" />
      <definition value="A legal or geographic region in which the naming system is intended to be used." />
      <comment value="It may be possible for the naming system to be used in jurisdictions other than those for which it was originally designed or intended." />
      <min value="0" />
      <max value="*" />
      <base>
        <path value="NamingSystem.jurisdiction" />
        <min value="0" />
        <max value="*" />
      </base>
      <type>
        <code value="CodeableConcept" />
      </type>
      <condition value="ele-1" />
      <constraint>
        <key value="ele-1" />
        <severity value="error" />
        <human value="All FHIR elements must have a @value or children" />
        <expression value="hasValue() | (children().count() &gt; id.count())" />
        <xpath value="@value|f:*|h:div" />
      </constraint>
      <isSummary value="true" />
      <binding>
        <extension url="http://hl7.org/fhir/StructureDefinition/elementdefinition-bindingName">
          <valueString value="Jurisdiction" />
        </extension>
        <extension url="http://hl7.org/fhir/StructureDefinition/elementdefinition-isCommonBinding">
          <valueBoolean value="true" />
        </extension>
        <strength value="extensible" />
        <description value="Countries and regions within which this artifact is targeted for use" />
        <valueSetReference>
          <reference value="http://hl7.org/fhir/ValueSet/jurisdiction" />
        </valueSetReference>
      </binding>
      <mapping>
        <identity value="rim" />
        <map value="n/a" />
      </mapping>
      <mapping>
        <identity value="v2" />
        <map value="CE/CNE/CWE" />
      </mapping>
      <mapping>
        <identity value="rim" />
        <map value="CD" />
      </mapping>
      <mapping>
        <identity value="orim" />
        <map value="fhir:CodeableConcept rdfs:subClassOf dt:CD" />
      </mapping>
    </element>
    <element id="NamingSystem.usage">
      <path value="NamingSystem.usage" />
      <short value="How/where is it used" />
      <definition value="Provides guidance on the use of the namespace, including the handling of formatting characters, use of upper vs. lower case, etc." />
      <comment value="Note that FHIR strings may not exceed 1MB in size" />
      <min value="0" />
      <max value="1" />
      <base>
        <path value="NamingSystem.usage" />
        <min value="0" />
        <max value="1" />
      </base>
      <type>
        <code value="string" />
      </type>
      <condition value="ele-1" />
      <constraint>
        <key value="ele-1" />
        <severity value="error" />
        <human value="All FHIR elements must have a @value or children" />
        <expression value="hasValue() | (children().count() &gt; id.count())" />
        <xpath value="@value|f:*|h:div" />
      </constraint>
      <mapping>
        <identity value="rim" />
        <map value="n/a" />
      </mapping>
    </element>
    <element id="NamingSystem.uniqueId">
      <path value="NamingSystem.uniqueId" />
      <short value="Unique identifiers used for system" />
      <definition value="Indicates how the system may be identified when referenced in electronic exchange." />
      <comment value="Multiple identifiers may exist, either due to duplicate registration, regional rules, needs of different communication technologies, etc." />
      <min value="1" />
      <max value="*" />
      <base>
        <path value="NamingSystem.uniqueId" />
        <min value="1" />
        <max value="*" />
      </base>
      <type>
        <code value="BackboneElement" />
      </type>
      <condition value="ele-1" />
      <constraint>
        <key value="ele-1" />
        <severity value="error" />
        <human value="All FHIR elements must have a @value or children" />
        <expression value="hasValue() | (children().count() &gt; id.count())" />
        <xpath value="@value|f:*|h:div" />
      </constraint>
      <mapping>
        <identity value="rim" />
        <map value="n/a" />
      </mapping>
    </element>
    <element id="NamingSystem.uniqueId.id">
      <path value="NamingSystem.uniqueId.id" />
      <representation value="xmlAttr" />
      <short value="xml:id (or equivalent in JSON)" />
      <definition value="unique id for the element within a resource (for internal references). This may be any string value that does not contain spaces." />
      <comment value="Note that FHIR strings may not exceed 1MB in size" />
      <min value="0" />
      <max value="1" />
      <base>
        <path value="Element.id" />
        <min value="0" />
        <max value="1" />
      </base>
      <type>
        <code value="string" />
      </type>
      <condition value="ele-1" />
      <constraint>
        <key value="ele-1" />
        <severity value="error" />
        <human value="All FHIR elements must have a @value or children" />
        <expression value="hasValue() | (children().count() &gt; id.count())" />
        <xpath value="@value|f:*|h:div" />
      </constraint>
      <mapping>
        <identity value="rim" />
        <map value="n/a" />
      </mapping>
    </element>
    <element id="NamingSystem.uniqueId.extension">
      <path value="NamingSystem.uniqueId.extension" />
      <slicing>
        <discriminator>
          <type value="value" />
          <path value="url" />
        </discriminator>
        <description value="Extensions are always sliced by (at least) url" />
        <rules value="open" />
      </slicing>
      <short value="Additional Content defined by implementations" />
      <definition value="May be used to represent additional information that is not part of the basic definition of the element. In order to make the use of extensions safe and manageable, there is a strict set of governance  applied to the definition and use of extensions. Though any implementer is allowed to define an extension, there is a set of requirements that SHALL be met as part of the definition of the extension." />
      <comment value="There can be no stigma associated with the use of extensions by any application, project, or standard - regardless of the institution or jurisdiction that uses or defines the extensions.  The use of extensions is what allows the FHIR specification to retain a core level of simplicity for everyone." />
      <alias value="extensions" />
      <alias value="user content" />
      <min value="0" />
      <max value="*" />
      <base>
        <path value="Element.extension" />
        <min value="0" />
        <max value="*" />
      </base>
      <type>
        <code value="Extension" />
      </type>
      <condition value="ele-1" />
      <constraint>
        <key value="ele-1" />
        <severity value="error" />
        <human value="All FHIR elements must have a @value or children" />
        <expression value="hasValue() | (children().count() &gt; id.count())" />
        <xpath value="@value|f:*|h:div" />
      </constraint>
      <constraint>
        <key value="ext-1" />
        <severity value="error" />
        <human value="Must have either extensions or value[x], not both" />
        <expression value="extension.exists() != value.exists()" />
        <xpath value="exists(f:extension)!=exists(f:*[starts-with(local-name(.), 'value')])" />
      </constraint>
      <mapping>
        <identity value="rim" />
        <map value="n/a" />
      </mapping>
      <mapping>
        <identity value="rim" />
        <map value="N/A" />
      </mapping>
    </element>
    <element id="NamingSystem.uniqueId.modifierExtension">
      <path value="NamingSystem.uniqueId.modifierExtension" />
      <short value="Extensions that cannot be ignored" />
      <definition value="May be used to represent additional information that is not part of the basic definition of the element, and that modifies the understanding of the element that contains it. Usually modifier elements provide negation or qualification. In order to make the use of extensions safe and manageable, there is a strict set of governance applied to the definition and use of extensions. Though any implementer is allowed to define an extension, there is a set of requirements that SHALL be met as part of the definition of the extension. Applications processing a resource are required to check for modifier extensions." />
      <comment value="There can be no stigma associated with the use of extensions by any application, project, or standard - regardless of the institution or jurisdiction that uses or defines the extensions.  The use of extensions is what allows the FHIR specification to retain a core level of simplicity for everyone." />
      <alias value="extensions" />
      <alias value="user content" />
      <alias value="modifiers" />
      <min value="0" />
      <max value="*" />
      <base>
        <path value="BackboneElement.modifierExtension" />
        <min value="0" />
        <max value="*" />
      </base>
      <type>
        <code value="Extension" />
      </type>
      <condition value="ele-1" />
      <constraint>
        <key value="ele-1" />
        <severity value="error" />
        <human value="All FHIR elements must have a @value or children" />
        <expression value="hasValue() | (children().count() &gt; id.count())" />
        <xpath value="@value|f:*|h:div" />
      </constraint>
      <constraint>
        <key value="ext-1" />
        <severity value="error" />
        <human value="Must have either extensions or value[x], not both" />
        <expression value="extension.exists() != value.exists()" />
        <xpath value="exists(f:extension)!=exists(f:*[starts-with(local-name(.), 'value')])" />
      </constraint>
      <isModifier value="true" />
      <isSummary value="true" />
      <mapping>
        <identity value="rim" />
        <map value="n/a" />
      </mapping>
      <mapping>
        <identity value="rim" />
        <map value="N/A" />
      </mapping>
    </element>
    <element id="NamingSystem.uniqueId.type">
      <path value="NamingSystem.uniqueId.type" />
      <short value="oid | uuid | uri | other" />
      <definition value="Identifies the unique identifier scheme used for this particular identifier." />
      <comment value="Different identifier types may be used in different types of communications (OIDs for v3, URIs for FHIR, etc.).  Other includes RUIDs from v3, standard v2 code name strings, etc." />
      <min value="1" />
      <max value="1" />
      <base>
        <path value="NamingSystem.uniqueId.type" />
        <min value="1" />
        <max value="1" />
      </base>
      <type>
        <code value="code" />
      </type>
      <condition value="ele-1" />
      <constraint>
        <key value="ele-1" />
        <severity value="error" />
        <human value="All FHIR elements must have a @value or children" />
        <expression value="hasValue() | (children().count() &gt; id.count())" />
        <xpath value="@value|f:*|h:div" />
      </constraint>
      <binding>
        <extension url="http://hl7.org/fhir/StructureDefinition/elementdefinition-bindingName">
          <valueString value="NamingSystemIdentifierType" />
        </extension>
        <strength value="required" />
        <description value="Identifies the style of unique identifier used to identify a namespace." />
        <valueSetReference>
          <reference value="http://hl7.org/fhir/ValueSet/namingsystem-identifier-type" />
        </valueSetReference>
      </binding>
      <mapping>
        <identity value="rim" />
        <map value="n/a" />
      </mapping>
    </element>
    <element id="NamingSystem.uniqueId.value">
      <path value="NamingSystem.uniqueId.value" />
      <short value="The unique identifier" />
      <definition value="The string that should be sent over the wire to identify the code system or identifier system." />
      <comment value="If the value is a URI intended for use as FHIR system identifier, the URI should not contain &quot;\&quot; or &quot;?&quot; or &quot;,&quot; since this makes escaping very difficult." />
      <min value="1" />
      <max value="1" />
      <base>
        <path value="NamingSystem.uniqueId.value" />
        <min value="1" />
        <max value="1" />
      </base>
      <type>
        <code value="string" />
      </type>
      <condition value="ele-1" />
      <constraint>
        <key value="ele-1" />
        <severity value="error" />
        <human value="All FHIR elements must have a @value or children" />
        <expression value="hasValue() | (children().count() &gt; id.count())" />
        <xpath value="@value|f:*|h:div" />
      </constraint>
      <mapping>
        <identity value="rim" />
        <map value="n/a" />
      </mapping>
      <mapping>
        <identity value="w5" />
        <map value="id" />
      </mapping>
    </element>
    <element id="NamingSystem.uniqueId.preferred">
      <path value="NamingSystem.uniqueId.preferred" />
      <short value="Is this the id that should be used for this type" />
      <definition value="Indicates whether this identifier is the &quot;preferred&quot; identifier of this type." />
      <min value="0" />
      <max value="1" />
      <base>
        <path value="NamingSystem.uniqueId.preferred" />
        <min value="0" />
        <max value="1" />
      </base>
      <type>
        <code value="boolean" />
      </type>
      <meaningWhenMissing value="If there are multiple ids, and one is labeled &quot;preferred&quot;, then the assumption is that the others are not preferred. In the absence of any id marked as preferred, no inference can be drawn" />
      <condition value="ele-1" />
      <constraint>
        <key value="ele-1" />
        <severity value="error" />
        <human value="All FHIR elements must have a @value or children" />
        <expression value="hasValue() | (children().count() &gt; id.count())" />
        <xpath value="@value|f:*|h:div" />
      </constraint>
      <mapping>
        <identity value="rim" />
        <map value="n/a" />
      </mapping>
    </element>
    <element id="NamingSystem.uniqueId.comment">
      <path value="NamingSystem.uniqueId.comment" />
      <short value="Notes about identifier usage" />
      <definition value="Notes about the past or intended usage of this identifier." />
      <comment value="e.g. &quot;must be used in Germany&quot; or &quot;was initially published in error with this value&quot;." />
      <min value="0" />
      <max value="1" />
      <base>
        <path value="NamingSystem.uniqueId.comment" />
        <min value="0" />
        <max value="1" />
      </base>
      <type>
        <code value="string" />
      </type>
      <condition value="ele-1" />
      <constraint>
        <key value="ele-1" />
        <severity value="error" />
        <human value="All FHIR elements must have a @value or children" />
        <expression value="hasValue() | (children().count() &gt; id.count())" />
        <xpath value="@value|f:*|h:div" />
      </constraint>
      <mapping>
        <identity value="rim" />
        <map value="n/a" />
      </mapping>
    </element>
    <element id="NamingSystem.uniqueId.period">
      <path value="NamingSystem.uniqueId.period" />
      <short value="When is identifier valid?" />
      <definition value="Identifies the period of time over which this identifier is considered appropriate to refer to the naming system.  Outside of this window, the identifier might be non-deterministic." />
      <comment value="Within a registry, a given identifier should only be &quot;active&quot; for a single namespace at a time.  (Ideally, an identifier should only ever be associated with a single namespace across all time)." />
      <min value="0" />
      <max value="1" />
      <base>
        <path value="NamingSystem.uniqueId.period" />
        <min value="0" />
        <max value="1" />
      </base>
      <type>
        <code value="Period" />
      </type>
      <condition value="ele-1" />
      <constraint>
        <key value="ele-1" />
        <severity value="error" />
        <human value="All FHIR elements must have a @value or children" />
        <expression value="hasValue() | (children().count() &gt; id.count())" />
        <xpath value="@value|f:*|h:div" />
      </constraint>
      <constraint>
        <key value="per-1" />
        <severity value="error" />
        <human value="If present, start SHALL have a lower value than end" />
        <expression value="start.empty() or end.empty() or (start &lt;= end)" />
        <xpath value="not(exists(f:start)) or not(exists(f:end)) or (f:start/@value &lt;= f:end/@value)" />
      </constraint>
      <mapping>
        <identity value="rim" />
        <map value="n/a" />
      </mapping>
      <mapping>
        <identity value="v2" />
        <map value="DR" />
      </mapping>
      <mapping>
        <identity value="rim" />
        <map value="IVL&lt;TS&gt;[lowClosed=&quot;true&quot; and highClosed=&quot;true&quot;] or URG&lt;TS&gt;[lowClosed=&quot;true&quot; and highClosed=&quot;true&quot;]" />
      </mapping>
    </element>
    <element id="NamingSystem.replacedBy">
      <path value="NamingSystem.replacedBy" />
      <short value="Use this instead" />
      <definition value="For naming systems that are retired, indicates the naming system that should be used in their place (if any)." />
      <comment value="References SHALL be a reference to an actual FHIR resource, and SHALL be resolveable (allowing for access control, temporary unavailability, etc). Resolution can be either by retrieval from the URL, or, where applicable by resource type, by treating an absolute reference as a canonical URL and looking it up in a local registry/repository." />
      <min value="0" />
      <max value="1" />
      <base>
        <path value="NamingSystem.replacedBy" />
        <min value="0" />
        <max value="1" />
      </base>
      <type>
        <code value="Reference" />
        <targetProfile value="http://hl7.org/fhir/StructureDefinition/NamingSystem" />
      </type>
      <condition value="ele-1" />
      <condition value="nsd-3" />
      <constraint>
        <key value="ele-1" />
        <severity value="error" />
        <human value="All FHIR elements must have a @value or children" />
        <expression value="hasValue() | (children().count() &gt; id.count())" />
        <xpath value="@value|f:*|h:div" />
      </constraint>
      <constraint>
        <key value="ref-1" />
        <severity value="error" />
        <human value="SHALL have a contained resource if a local reference is provided" />
        <expression value="reference.startsWith('#').not() or (reference.substring(1).trace('url') in %resource.contained.id.trace('ids'))" />
        <xpath value="not(starts-with(f:reference/@value, '#')) or exists(ancestor::*[self::f:entry or self::f:parameter]/f:resource/f:*/f:contained/f:*[f:id/@value=substring-after(current()/f:reference/@value, '#')]|/*/f:contained/f:*[f:id/@value=substring-after(current()/f:reference/@value, '#')])" />
      </constraint>
      <mapping>
        <identity value="rim" />
        <map value="n/a" />
      </mapping>
      <mapping>
        <identity value="rim" />
        <map value="The target of a resource reference is a RIM entry point (Act, Role, or Entity)" />
      </mapping>
    </element>
  </snapshot>
  <differential>
    <element id="NamingSystem.type">
      <path value="NamingSystem.type" />
      <short value="Typ des beschriebenen NamingSystems" />
      <definition value="Typ (Gruppe) des beschriebenen NamingSystems." />
      <min value="1" />
      <mustSupport value="true" />
      <binding>
        <extension url="http://hl7.org/fhir/StructureDefinition/elementdefinition-bindingName">
          <valueString value="IdentifierType" />
        </extension>
        <extension url="http://hl7.org/fhir/StructureDefinition/elementdefinition-isCommonBinding">
          <valueBoolean value="true" />
        </extension>
        <strength value="extensible" />
        <valueSetUri value="http://fhir.de/ValueSet/identifier-type-de-basis" />
      </binding>
    </element>
  </differential>
</StructureDefinition>