<StructureDefinition xmlns="http://hl7.org/fhir">
  <meta>
    <lastUpdated value="2017-12-05T18:57:04.234+01:00" />
  </meta>
  <url value="http://fhir.de/StructureDefinition/address-de-basis/0.2" />
  <version value="0.2.4" />
  <name value="address-de-basis-0.2" />
  <title value="Adresse, deutsches Basisprofil (Version 0.2)" />
  <status value="draft" />
  <experimental value="true" />
  <date value="2018-11-06" />
  <publisher value="HL7 Deutschland e.V. (Technisches Komitee FHIR)" />
  <contact>
    <telecom>
      <system value="other" />
      <value value="http://hl7.de/technische-komitees/fhir/" />
    </telecom>
  </contact>
  <description value="Erweiterung des Komplexen Datentyps Address zur Verwendung im Kontext der Deutschen Basis-Profile" />
  <purpose value="Einige Systeme und Standards in Deutschland erfordern die separate Erfassung von Straße und Hausnummer.&#xD;&#xA;Die Erweiterung des Datentyps Address fügt hierfür die entsprechenden ISO-Extensions hinzu.&#xD;&#xA;Ob deren Verwendung in einem konkreten Kontext verpflichtend ist, muss in den abgeleiteten Profilen festgelegt werden." />
  <copyright value="HL7 Deutschland e.V." />
  <fhirVersion value="3.0.1" />
  <mapping>
    <identity value="KVDT" />
    <name value="KVDT Mapping" />
  </mapping>
  <mapping>
    <identity value="BDT" />
    <name value="BDT Mapping" />
  </mapping>
  <kind value="complex-type" />
  <abstract value="false" />
  <type value="Address" />
  <baseDefinition value="http://hl7.org/fhir/StructureDefinition/Address" />
  <derivation value="constraint" />
  <snapshot>
    <element id="Address">
      <path value="Address" />
      <short value="Eine Adresse gemäß postalischer Konventionen" />
      <definition value="Eine Adresse gemäß postalischer Konventionen (im Gegensatz zu bspw. GPS-Koordinaten). Die Adresse kann sowohl zur Zustellung von Postsendungen oder zum Aufsuchen von Orten, die keine gültige Postadresse haben, verwendet werden.&#xD;&#xA;&#xD;&#xA;Die verwendeten Extensions in diesem Profil bilden die Struktur der Adresse ab, wie sie im VSDM-Format der elektronischen Versichertenkarte verwendet wird.&#xD;&#xA;&#xD;&#xA;Insbesondere bei ausländischen Adresse oder Adressen, die nicht durch Einlesen einer elektronischen Versichertenkarte erfasst wurden, sind abweichende Strukturen möglich. Die Verwendung der Extensions ist nicht verpflichtend." />
      <comment value="Note: address is for postal addresses, not physical locations." />
      <min value="0" />
      <max value="*" />
      <base>
        <path value="Element" />
        <min value="0" />
        <max value="*" />
      </base>
      <example>
        <label value="Beispiel für einfache Adresse" />
        <valueAddress>
          <use value="home" />
          <type value="postal" />
          <line value="Musterweg 42" />
          <city value="Musterhausen" />
          <postalCode value="99999" />
        </valueAddress>
      </example>
      <condition value="ele-1" />
      <constraint>
        <key value="ele-1" />
        <severity value="error" />
        <human value="All FHIR elements must have a @value or children" />
        <expression value="hasValue() | (children().count() &gt; id.count())" />
        <xpath value="@value|f:*|h:div" />
      </constraint>
      <constraint>
        <key value="add-1" />
        <severity value="error" />
        <human value="Wenn die Extension 'Hausnummer' verwendet wird, muss auch Address.line gefüllt werden" />
        <expression value="line.all($this.extension('http://hl7.org/fhir/StructureDefinition/iso21090-ADXP-houseNumber').empty() or $this.hasValue())" />
      </constraint>
      <constraint>
        <key value="add-2" />
        <severity value="error" />
        <human value="Wenn die Extension 'Strasse' verwendet wird, muss auch Address.line gefüllt werden" />
        <expression value="line.all($this.extension('http://hl7.org/fhir/StructureDefinition/iso21090-ADXP-streetName').empty() or $this.hasValue())" />
      </constraint>
      <constraint>
        <key value="add-3" />
        <severity value="error" />
        <human value="Wenn die Extension 'Postfach' verwendet wird, muss auch Address.line gefüllt werden" />
        <expression value="line.all($this.extension('http://hl7.org/fhir/StructureDefinition/iso21090-ADXP-postBox').empty() or $this.hasValue())" />
      </constraint>
      <constraint>
        <key value="add-4" />
        <severity value="warning" />
        <human value="Eine Postfach-Adresse darf nicht vom Type &quot;physical&quot; oder &quot;both&quot; sein." />
        <expression value="line.all($this.extension('http://hl7.org/fhir/StructureDefinition/iso21090-ADXP-postBox').empty() or $this.hasValue()) or type='postal' or type.empty()" />
      </constraint>
      <constraint>
        <key value="add-5" />
        <severity value="error" />
        <human value="Wenn die Extension 'Adresszusatz' verwendet wird, muss auch Address.line gefüllt werden" />
        <expression value="line.all($this.extension('http://hl7.org/fhir/StructureDefinition/iso21090-ADXP-additionalLocator').empty() or $this.hasValue())" />
      </constraint>
      <constraint>
        <key value="add-6" />
        <severity value="warning" />
        <human value="Wenn die Extension 'Postfach' verwendet wird, dürfen die Extensions 'Strasse' und 'Hausnummer' nicht verwendet werden" />
        <expression value="line.all($this.extension('http://hl7.org/fhir/StructureDefinition/iso21090-ADXP-postBox').empty() or ($this.extension('http://hl7.org/fhir/StructureDefinition/iso21090-ADXP-streetName').empty() and $this.extension('http://hl7.org/fhir/StructureDefinition/iso21090-ADXP-houseNumber').empty()))" />
      </constraint>
      <mapping>
        <identity value="rim" />
        <map value="n/a" />
      </mapping>
      <mapping>
        <identity value="v2" />
        <map value="XAD" />
      </mapping>
      <mapping>
        <identity value="rim" />
        <map value="AD" />
      </mapping>
      <mapping>
        <identity value="servd" />
        <map value="Address" />
      </mapping>
    </element>
    <element id="Address.id">
      <path value="Address.id" />
      <representation value="xmlAttr" />
      <short value="xml:id (or equivalent in JSON)" />
      <definition value="unique id for the element within a resource (for internal references). This may be any string value that does not contain spaces." />
      <comment value="Note that FHIR strings may not exceed 1MB in size" />
      <min value="0" />
      <max value="1" />
      <base>
        <path value="Element.id" />
        <min value="0" />
        <max value="1" />
      </base>
      <type>
        <code value="string" />
      </type>
      <condition value="ele-1" />
      <constraint>
        <key value="ele-1" />
        <severity value="error" />
        <human value="All FHIR elements must have a @value or children" />
        <expression value="hasValue() | (children().count() &gt; id.count())" />
        <xpath value="@value|f:*|h:div" />
      </constraint>
      <mapping>
        <identity value="rim" />
        <map value="n/a" />
      </mapping>
    </element>
    <element id="Address.extension">
      <path value="Address.extension" />
      <slicing>
        <discriminator>
          <type value="value" />
          <path value="url" />
        </discriminator>
        <description value="Extensions are always sliced by (at least) url" />
        <rules value="open" />
      </slicing>
      <short value="Additional Content defined by implementations" />
      <definition value="May be used to represent additional information that is not part of the basic definition of the element. In order to make the use of extensions safe and manageable, there is a strict set of governance  applied to the definition and use of extensions. Though any implementer is allowed to define an extension, there is a set of requirements that SHALL be met as part of the definition of the extension." />
      <comment value="There can be no stigma associated with the use of extensions by any application, project, or standard - regardless of the institution or jurisdiction that uses or defines the extensions.  The use of extensions is what allows the FHIR specification to retain a core level of simplicity for everyone." />
      <alias value="extensions" />
      <alias value="user content" />
      <min value="0" />
      <max value="*" />
      <base>
        <path value="Element.extension" />
        <min value="0" />
        <max value="*" />
      </base>
      <type>
        <code value="Extension" />
      </type>
      <condition value="ele-1" />
      <constraint>
        <key value="ele-1" />
        <severity value="error" />
        <human value="All FHIR elements must have a @value or children" />
        <expression value="hasValue() | (children().count() &gt; id.count())" />
        <xpath value="@value|f:*|h:div" />
      </constraint>
      <constraint>
        <key value="ext-1" />
        <severity value="error" />
        <human value="Must have either extensions or value[x], not both" />
        <expression value="extension.exists() != value.exists()" />
        <xpath value="exists(f:extension)!=exists(f:*[starts-with(local-name(.), 'value')])" />
      </constraint>
      <mapping>
        <identity value="rim" />
        <map value="n/a" />
      </mapping>
      <mapping>
        <identity value="rim" />
        <map value="N/A" />
      </mapping>
    </element>
    <element id="Address.use">
      <path value="Address.use" />
      <short value="home | work | temp | old - purpose of this address" />
      <definition value="The purpose of this address." />
      <comment value="This is labeled as &quot;Is Modifier&quot; because applications should not mistake a temporary or old address etc.for a current/permanent one. Applications can assume that an address is current unless it explicitly says that it is temporary or old." />
      <requirements value="Allows an appropriate address to be chosen from a list of many." />
      <min value="0" />
      <max value="1" />
      <base>
        <path value="Address.use" />
        <min value="0" />
        <max value="1" />
      </base>
      <type>
        <code value="code" />
      </type>
      <example>
        <label value="General" />
        <valueCode value="home" />
      </example>
      <condition value="ele-1" />
      <constraint>
        <key value="ele-1" />
        <severity value="error" />
        <human value="All FHIR elements must have a @value or children" />
        <expression value="hasValue() | (children().count() &gt; id.count())" />
        <xpath value="@value|f:*|h:div" />
      </constraint>
      <isModifier value="true" />
      <isSummary value="true" />
      <binding>
        <extension url="http://hl7.org/fhir/StructureDefinition/elementdefinition-bindingName">
          <valueString value="AddressUse" />
        </extension>
        <strength value="required" />
        <description value="The use of an address" />
        <valueSetReference>
          <reference value="http://hl7.org/fhir/ValueSet/address-use" />
        </valueSetReference>
      </binding>
      <mapping>
        <identity value="rim" />
        <map value="n/a" />
      </mapping>
      <mapping>
        <identity value="v2" />
        <map value="XAD.7" />
      </mapping>
      <mapping>
        <identity value="rim" />
        <map value="unique(./use)" />
      </mapping>
      <mapping>
        <identity value="servd" />
        <map value="./AddressPurpose" />
      </mapping>
    </element>
    <element id="Address.type">
      <path value="Address.type" />
      <short value="postal | physical | both" />
      <definition value="Distinguishes between physical addresses (those you can visit) and mailing addresses (e.g. PO Boxes and care-of addresses). Most addresses are both." />
      <comment value="Note that FHIR strings may not exceed 1MB in size" />
      <min value="0" />
      <max value="1" />
      <base>
        <path value="Address.type" />
        <min value="0" />
        <max value="1" />
      </base>
      <type>
        <code value="code" />
      </type>
      <example>
        <label value="General" />
        <valueCode value="both" />
      </example>
      <condition value="ele-1" />
      <condition value="add-4" />
      <constraint>
        <key value="ele-1" />
        <severity value="error" />
        <human value="All FHIR elements must have a @value or children" />
        <expression value="hasValue() | (children().count() &gt; id.count())" />
        <xpath value="@value|f:*|h:div" />
      </constraint>
      <isSummary value="true" />
      <binding>
        <extension url="http://hl7.org/fhir/StructureDefinition/elementdefinition-bindingName">
          <valueString value="AddressType" />
        </extension>
        <strength value="required" />
        <description value="The type of an address (physical / postal)" />
        <valueSetReference>
          <reference value="http://hl7.org/fhir/ValueSet/address-type" />
        </valueSetReference>
      </binding>
      <mapping>
        <identity value="rim" />
        <map value="n/a" />
      </mapping>
      <mapping>
        <identity value="v2" />
        <map value="XAD.18" />
      </mapping>
      <mapping>
        <identity value="rim" />
        <map value="unique(./use)" />
      </mapping>
      <mapping>
        <identity value="vcard" />
        <map value="address type parameter" />
      </mapping>
      <mapping>
        <identity value="BDT" />
        <map value="1202 (1=physical, 2=postal)" />
      </mapping>
    </element>
    <element id="Address.text">
      <path value="Address.text" />
      <short value="Text representation of the address" />
      <definition value="A full text representation of the address." />
      <comment value="Can provide both a text representation and parts." />
      <requirements value="A renderable, unencoded form." />
      <min value="0" />
      <max value="1" />
      <base>
        <path value="Address.text" />
        <min value="0" />
        <max value="1" />
      </base>
      <type>
        <code value="string" />
      </type>
      <example>
        <label value="General" />
        <valueString value="137 Nowhere Street, Erewhon 9132" />
      </example>
      <condition value="ele-1" />
      <constraint>
        <key value="ele-1" />
        <severity value="error" />
        <human value="All FHIR elements must have a @value or children" />
        <expression value="hasValue() | (children().count() &gt; id.count())" />
        <xpath value="@value|f:*|h:div" />
      </constraint>
      <isSummary value="true" />
      <mapping>
        <identity value="rim" />
        <map value="n/a" />
      </mapping>
      <mapping>
        <identity value="v2" />
        <map value="XAD.1 + XAD.2 + XAD.3 + XAD.4 + XAD.5 + XAD.6" />
      </mapping>
      <mapping>
        <identity value="rim" />
        <map value="./formatted" />
      </mapping>
      <mapping>
        <identity value="vcard" />
        <map value="address label parameter" />
      </mapping>
    </element>
    <element id="Address.line">
      <path value="Address.line" />
      <short value="Straßenname mit Hausnummer oder Postfach sowie weitere Angaben zur Zustellung" />
      <definition value="Diese Komponente kann Straßennamen, Hausnummer, Appartmentnummer, Postfach, c/o sowie weitere Zustellungshinweise enthalten. Die Informationen können in mehrere line-Komponenten aufgeteilt werden.&#xD;&#xA;Bei Verwendung der Extensions, um Straße, Hausnnummer und Postleitzahl strukturiert zu übermitteln, müssen diese Informationen stets vollständig auch in der line-Komponente, die sie erweitern, enthalten sein, um es Systemen, die diese Extensions nicht verwenden zu ermöglichen, auf diese Informationen zugreifen zu können." />
      <comment value="Note that FHIR strings may not exceed 1MB in size" />
      <requirements value="home | work | temp | old - purpose of this address." />
      <min value="0" />
      <max value="*" />
      <base>
        <path value="Address.line" />
        <min value="0" />
        <max value="*" />
      </base>
      <type>
        <code value="string" />
      </type>
      <orderMeaning value="The order in which lines should appear in an address label" />
      <example>
        <label value="General" />
        <valueString value="137 Nowhere Street" />
      </example>
      <example>
        <label value="Beipiel für Adresszeile mit Extensions für Straße und Hausnummer" />
        <valueString value="Musterweg 42">
          <extension url="http://hl7.org/fhir/StructureDefinition/iso21090-ADXP-streetName">
            <valueString value="Musterweg 42" />
          </extension>
          <extension url="http://hl7.org/fhir/StructureDefinition/iso21090-ADXP-houseNumber">
            <valueString value="42" />
          </extension>
        </valueString>
      </example>
      <condition value="ele-1" />
      <condition value="add-1" />
      <condition value="add-2" />
      <condition value="add-3" />
      <condition value="add-4" />
      <condition value="add-5" />
      <condition value="add-6" />
      <constraint>
        <key value="ele-1" />
        <severity value="error" />
        <human value="All FHIR elements must have a @value or children" />
        <expression value="hasValue() | (children().count() &gt; id.count())" />
        <xpath value="@value|f:*|h:div" />
      </constraint>
      <isSummary value="true" />
      <mapping>
        <identity value="rim" />
        <map value="n/a" />
      </mapping>
      <mapping>
        <identity value="v2" />
        <map value="XAD.1 + XAD.2 (note: XAD.1 and XAD.2 have different meanings for a company address than for a person address)" />
      </mapping>
      <mapping>
        <identity value="rim" />
        <map value="AD.part[parttype = AL]" />
      </mapping>
      <mapping>
        <identity value="vcard" />
        <map value="street" />
      </mapping>
      <mapping>
        <identity value="servd" />
        <map value="./StreetAddress (newline delimitted)" />
      </mapping>
      <mapping>
        <identity value="KVDT" />
        <map value="3107 + 3109 + 3115 oder 3123" />
      </mapping>
      <mapping>
        <identity value="BDT" />
        <map value="3107 + 3109 + 3115 oder 3123" />
      </mapping>
    </element>
    <element id="Address.line.id">
      <path value="Address.line.id" />
      <representation value="xmlAttr" />
      <short value="xml:id (or equivalent in JSON)" />
      <definition value="unique id for the element within a resource (for internal references). This may be any string value that does not contain spaces." />
      <comment value="Note that FHIR strings may not exceed 1MB in size" />
      <min value="0" />
      <max value="1" />
      <base>
        <path value="Element.id" />
        <min value="0" />
        <max value="1" />
      </base>
      <type>
        <code value="string" />
      </type>
      <condition value="ele-1" />
      <constraint>
        <key value="ele-1" />
        <severity value="error" />
        <human value="All FHIR elements must have a @value or children" />
        <expression value="hasValue() | (children().count() &gt; id.count())" />
        <xpath value="@value|f:*|h:div" />
      </constraint>
      <mapping>
        <identity value="rim" />
        <map value="n/a" />
      </mapping>
    </element>
    <element id="Address.line.extension">
      <path value="Address.line.extension" />
      <slicing>
        <discriminator>
          <type value="value" />
          <path value="url" />
        </discriminator>
        <description value="Extensions are always sliced by (at least) url" />
        <rules value="open" />
      </slicing>
      <short value="Additional Content defined by implementations" />
      <definition value="May be used to represent additional information that is not part of the basic definition of the element. In order to make the use of extensions safe and manageable, there is a strict set of governance  applied to the definition and use of extensions. Though any implementer is allowed to define an extension, there is a set of requirements that SHALL be met as part of the definition of the extension." />
      <comment value="There can be no stigma associated with the use of extensions by any application, project, or standard - regardless of the institution or jurisdiction that uses or defines the extensions.  The use of extensions is what allows the FHIR specification to retain a core level of simplicity for everyone." />
      <alias value="extensions" />
      <alias value="user content" />
      <min value="0" />
      <max value="*" />
      <base>
        <path value="Element.extension" />
        <min value="0" />
        <max value="*" />
      </base>
      <type>
        <code value="Extension" />
      </type>
      <condition value="ele-1" />
      <constraint>
        <key value="ele-1" />
        <severity value="error" />
        <human value="All FHIR elements must have a @value or children" />
        <expression value="hasValue() | (children().count() &gt; id.count())" />
        <xpath value="@value|f:*|h:div" />
      </constraint>
      <constraint>
        <key value="ext-1" />
        <severity value="error" />
        <human value="Must have either extensions or value[x], not both" />
        <expression value="extension.exists() != value.exists()" />
        <xpath value="exists(f:extension)!=exists(f:*[starts-with(local-name(.), 'value')])" />
      </constraint>
      <mapping>
        <identity value="rim" />
        <map value="n/a" />
      </mapping>
      <mapping>
        <identity value="rim" />
        <map value="N/A" />
      </mapping>
    </element>
    <element id="Address.line.extension:Strasse">
      <path value="Address.line.extension" />
      <sliceName value="Strasse" />
      <short value="Strassenname (ohne Hausnummer)" />
      <definition value="Strassenname (ohne Hausnummer)&#xD;&#xA;Bei Angabe einer Strasse in dieser Extension muss diese auch in Address.line angegeben werden um die Interoperabilität mit Systemen zu gewährleisten, die diese Extension nicht verwenden." />
      <comment value="There can be no stigma associated with the use of extensions by any application, project, or standard - regardless of the institution or jurisdiction that uses or defines the extensions.  The use of extensions is what allows the FHIR specification to retain a core level of simplicity for everyone." />
      <alias value="extensions" />
      <alias value="user content" />
      <min value="0" />
      <max value="1" />
      <base>
        <path value="Element.extension" />
        <min value="0" />
        <max value="*" />
      </base>
      <type>
        <code value="Extension" />
        <profile value="http://hl7.org/fhir/StructureDefinition/iso21090-ADXP-streetName" />
      </type>
      <condition value="ele-1" />
      <condition value="add-2" />
      <condition value="add-6" />
      <constraint>
        <key value="ele-1" />
        <severity value="error" />
        <human value="All FHIR elements must have a @value or children" />
        <expression value="hasValue() | (children().count() &gt; id.count())" />
        <xpath value="@value|f:*|h:div" />
      </constraint>
      <constraint>
        <key value="ext-1" />
        <severity value="error" />
        <human value="Must have either extensions or value[x], not both" />
        <expression value="extension.exists() != value.exists()" />
        <xpath value="exists(f:extension)!=exists(f:*[starts-with(local-name(.), 'value')])" />
      </constraint>
      <mapping>
        <identity value="rim" />
        <map value="n/a" />
      </mapping>
      <mapping>
        <identity value="rim" />
        <map value="N/A" />
      </mapping>
      <mapping>
        <identity value="rim" />
        <map value="ADXP[partType=STR]" />
      </mapping>
      <mapping>
        <identity value="KVDT" />
        <map value="3107" />
      </mapping>
      <mapping>
        <identity value="BDT" />
        <map value="3107" />
      </mapping>
    </element>
    <element id="Address.line.extension:Strasse.id">
      <path value="Address.line.extension.id" />
      <representation value="xmlAttr" />
      <short value="xml:id (or equivalent in JSON)" />
      <definition value="unique id for the element within a resource (for internal references). This may be any string value that does not contain spaces." />
      <comment value="Note that FHIR strings may not exceed 1MB in size" />
      <min value="0" />
      <max value="1" />
      <base>
        <path value="Element.id" />
        <min value="0" />
        <max value="1" />
      </base>
      <type>
        <code value="string" />
      </type>
      <condition value="ele-1" />
      <constraint>
        <key value="ele-1" />
        <severity value="error" />
        <human value="All FHIR elements must have a @value or children" />
        <expression value="hasValue() | (children().count() &gt; id.count())" />
        <xpath value="@value|f:*|h:div" />
      </constraint>
      <mapping>
        <identity value="rim" />
        <map value="n/a" />
      </mapping>
    </element>
    <element id="Address.line.extension:Strasse.extension">
      <path value="Address.line.extension.extension" />
      <slicing>
        <discriminator>
          <type value="value" />
          <path value="url" />
        </discriminator>
        <description value="Extensions are always sliced by (at least) url" />
        <rules value="open" />
      </slicing>
      <short value="Additional Content defined by implementations" />
      <definition value="May be used to represent additional information that is not part of the basic definition of the element. In order to make the use of extensions safe and manageable, there is a strict set of governance  applied to the definition and use of extensions. Though any implementer is allowed to define an extension, there is a set of requirements that SHALL be met as part of the definition of the extension." />
      <comment value="There can be no stigma associated with the use of extensions by any application, project, or standard - regardless of the institution or jurisdiction that uses or defines the extensions.  The use of extensions is what allows the FHIR specification to retain a core level of simplicity for everyone." />
      <alias value="extensions" />
      <alias value="user content" />
      <min value="0" />
      <max value="0" />
      <base>
        <path value="Element.extension" />
        <min value="0" />
        <max value="*" />
      </base>
      <type>
        <code value="Extension" />
      </type>
      <condition value="ele-1" />
      <constraint>
        <key value="ele-1" />
        <severity value="error" />
        <human value="All FHIR elements must have a @value or children" />
        <expression value="hasValue() | (children().count() &gt; id.count())" />
        <xpath value="@value|f:*|h:div" />
      </constraint>
      <constraint>
        <key value="ext-1" />
        <severity value="error" />
        <human value="Must have either extensions or value[x], not both" />
        <expression value="extension.exists() != value.exists()" />
        <xpath value="exists(f:extension)!=exists(f:*[starts-with(local-name(.), 'value')])" />
      </constraint>
      <mapping>
        <identity value="rim" />
        <map value="n/a" />
      </mapping>
      <mapping>
        <identity value="rim" />
        <map value="N/A" />
      </mapping>
    </element>
    <element id="Address.line.extension:Strasse.url">
      <path value="Address.line.extension.url" />
      <representation value="xmlAttr" />
      <short value="identifies the meaning of the extension" />
      <definition value="Source of the definition for the extension code - a logical name or a URL." />
      <comment value="The definition may point directly to a computable or human-readable definition of the extensibility codes, or it may be a logical URI as declared in some other specification. The definition SHALL be a URI for the Structure Definition defining the extension." />
      <min value="1" />
      <max value="1" />
      <base>
        <path value="Extension.url" />
        <min value="1" />
        <max value="1" />
      </base>
      <type>
        <code value="uri" />
      </type>
      <fixedUri value="http://hl7.org/fhir/StructureDefinition/iso21090-ADXP-streetName" />
      <condition value="ele-1" />
      <constraint>
        <key value="ele-1" />
        <severity value="error" />
        <human value="All FHIR elements must have a @value or children" />
        <expression value="hasValue() | (children().count() &gt; id.count())" />
        <xpath value="@value|f:*|h:div" />
      </constraint>
      <mapping>
        <identity value="rim" />
        <map value="n/a" />
      </mapping>
      <mapping>
        <identity value="rim" />
        <map value="N/A" />
      </mapping>
    </element>
    <element id="Address.line.extension:Strasse.valueString:valueString">
      <path value="Address.line.extension.valueString" />
      <sliceName value="valueString" />
      <short value="Value of extension" />
      <definition value="Value of extension - may be a resource or one of a constrained set of the data types (see Extensibility in the spec for list)." />
      <comment value="A stream of bytes, base64 encoded" />
      <min value="0" />
      <max value="1" />
      <base>
        <path value="Extension.value[x]" />
        <min value="0" />
        <max value="1" />
      </base>
      <type>
        <code value="string" />
      </type>
      <condition value="ele-1" />
      <constraint>
        <key value="ele-1" />
        <severity value="error" />
        <human value="All FHIR elements must have a @value or children" />
        <expression value="hasValue() | (children().count() &gt; id.count())" />
        <xpath value="@value|f:*|h:div" />
      </constraint>
      <mapping>
        <identity value="rim" />
        <map value="n/a" />
      </mapping>
      <mapping>
        <identity value="rim" />
        <map value="N/A" />
      </mapping>
    </element>
    <element id="Address.line.extension:Hausnummer">
      <path value="Address.line.extension" />
      <sliceName value="Hausnummer" />
      <short value="Hausnummer" />
      <definition value="Hausnummer, sowie Zusätze (Appartmentnummer, Etage...)&#xD;&#xA;Bei Angabe einer Hausnummer in dieser Extension muss diese auch in Address.line angegeben werden um die Interoperabilität mit Systemen zu gewährleisten, die diese Extension nicht verwenden." />
      <comment value="There can be no stigma associated with the use of extensions by any application, project, or standard - regardless of the institution or jurisdiction that uses or defines the extensions.  The use of extensions is what allows the FHIR specification to retain a core level of simplicity for everyone." />
      <alias value="extensions" />
      <alias value="user content" />
      <min value="0" />
      <max value="1" />
      <base>
        <path value="Element.extension" />
        <min value="0" />
        <max value="*" />
      </base>
      <type>
        <code value="Extension" />
        <profile value="http://hl7.org/fhir/StructureDefinition/iso21090-ADXP-houseNumber" />
      </type>
      <condition value="ele-1" />
      <condition value="add-1" />
      <condition value="add-6" />
      <constraint>
        <key value="ele-1" />
        <severity value="error" />
        <human value="All FHIR elements must have a @value or children" />
        <expression value="hasValue() | (children().count() &gt; id.count())" />
        <xpath value="@value|f:*|h:div" />
      </constraint>
      <constraint>
        <key value="ext-1" />
        <severity value="error" />
        <human value="Must have either extensions or value[x], not both" />
        <expression value="extension.exists() != value.exists()" />
        <xpath value="exists(f:extension)!=exists(f:*[starts-with(local-name(.), 'value')])" />
      </constraint>
      <mapping>
        <identity value="rim" />
        <map value="n/a" />
      </mapping>
      <mapping>
        <identity value="rim" />
        <map value="N/A" />
      </mapping>
      <mapping>
        <identity value="rim" />
        <map value="ADXP[partType=BNR]" />
      </mapping>
      <mapping>
        <identity value="KVDT" />
        <map value="3109" />
      </mapping>
      <mapping>
        <identity value="BDT" />
        <map value="3109" />
      </mapping>
    </element>
    <element id="Address.line.extension:Hausnummer.id">
      <path value="Address.line.extension.id" />
      <representation value="xmlAttr" />
      <short value="xml:id (or equivalent in JSON)" />
      <definition value="unique id for the element within a resource (for internal references). This may be any string value that does not contain spaces." />
      <comment value="Note that FHIR strings may not exceed 1MB in size" />
      <min value="0" />
      <max value="1" />
      <base>
        <path value="Element.id" />
        <min value="0" />
        <max value="1" />
      </base>
      <type>
        <code value="string" />
      </type>
      <condition value="ele-1" />
      <constraint>
        <key value="ele-1" />
        <severity value="error" />
        <human value="All FHIR elements must have a @value or children" />
        <expression value="hasValue() | (children().count() &gt; id.count())" />
        <xpath value="@value|f:*|h:div" />
      </constraint>
      <mapping>
        <identity value="rim" />
        <map value="n/a" />
      </mapping>
    </element>
    <element id="Address.line.extension:Hausnummer.extension">
      <path value="Address.line.extension.extension" />
      <slicing>
        <discriminator>
          <type value="value" />
          <path value="url" />
        </discriminator>
        <description value="Extensions are always sliced by (at least) url" />
        <rules value="open" />
      </slicing>
      <short value="Additional Content defined by implementations" />
      <definition value="May be used to represent additional information that is not part of the basic definition of the element. In order to make the use of extensions safe and manageable, there is a strict set of governance  applied to the definition and use of extensions. Though any implementer is allowed to define an extension, there is a set of requirements that SHALL be met as part of the definition of the extension." />
      <comment value="There can be no stigma associated with the use of extensions by any application, project, or standard - regardless of the institution or jurisdiction that uses or defines the extensions.  The use of extensions is what allows the FHIR specification to retain a core level of simplicity for everyone." />
      <alias value="extensions" />
      <alias value="user content" />
      <min value="0" />
      <max value="0" />
      <base>
        <path value="Element.extension" />
        <min value="0" />
        <max value="*" />
      </base>
      <type>
        <code value="Extension" />
      </type>
      <condition value="ele-1" />
      <constraint>
        <key value="ele-1" />
        <severity value="error" />
        <human value="All FHIR elements must have a @value or children" />
        <expression value="hasValue() | (children().count() &gt; id.count())" />
        <xpath value="@value|f:*|h:div" />
      </constraint>
      <constraint>
        <key value="ext-1" />
        <severity value="error" />
        <human value="Must have either extensions or value[x], not both" />
        <expression value="extension.exists() != value.exists()" />
        <xpath value="exists(f:extension)!=exists(f:*[starts-with(local-name(.), 'value')])" />
      </constraint>
      <mapping>
        <identity value="rim" />
        <map value="n/a" />
      </mapping>
      <mapping>
        <identity value="rim" />
        <map value="N/A" />
      </mapping>
    </element>
    <element id="Address.line.extension:Hausnummer.url">
      <path value="Address.line.extension.url" />
      <representation value="xmlAttr" />
      <short value="identifies the meaning of the extension" />
      <definition value="Source of the definition for the extension code - a logical name or a URL." />
      <comment value="The definition may point directly to a computable or human-readable definition of the extensibility codes, or it may be a logical URI as declared in some other specification. The definition SHALL be a URI for the Structure Definition defining the extension." />
      <min value="1" />
      <max value="1" />
      <base>
        <path value="Extension.url" />
        <min value="1" />
        <max value="1" />
      </base>
      <type>
        <code value="uri" />
      </type>
      <fixedUri value="http://hl7.org/fhir/StructureDefinition/iso21090-ADXP-houseNumber" />
      <condition value="ele-1" />
      <constraint>
        <key value="ele-1" />
        <severity value="error" />
        <human value="All FHIR elements must have a @value or children" />
        <expression value="hasValue() | (children().count() &gt; id.count())" />
        <xpath value="@value|f:*|h:div" />
      </constraint>
      <mapping>
        <identity value="rim" />
        <map value="n/a" />
      </mapping>
      <mapping>
        <identity value="rim" />
        <map value="N/A" />
      </mapping>
    </element>
    <element id="Address.line.extension:Hausnummer.valueString:valueString">
      <path value="Address.line.extension.valueString" />
      <sliceName value="valueString" />
      <short value="Value of extension" />
      <definition value="Value of extension - may be a resource or one of a constrained set of the data types (see Extensibility in the spec for list)." />
      <comment value="A stream of bytes, base64 encoded" />
      <min value="0" />
      <max value="1" />
      <base>
        <path value="Extension.value[x]" />
        <min value="0" />
        <max value="1" />
      </base>
      <type>
        <code value="string" />
      </type>
      <condition value="ele-1" />
      <constraint>
        <key value="ele-1" />
        <severity value="error" />
        <human value="All FHIR elements must have a @value or children" />
        <expression value="hasValue() | (children().count() &gt; id.count())" />
        <xpath value="@value|f:*|h:div" />
      </constraint>
      <mapping>
        <identity value="rim" />
        <map value="n/a" />
      </mapping>
      <mapping>
        <identity value="rim" />
        <map value="N/A" />
      </mapping>
    </element>
    <element id="Address.line.extension:Adresszusatz">
      <path value="Address.line.extension" />
      <sliceName value="Adresszusatz" />
      <short value="Adresszusatz" />
      <definition value="Zusätzliche Informationen, wie z.B. &quot;3. Etage&quot;, &quot;Appartment C&quot;&#xD;&#xA;Bei Angabe einer Zusatzinformation in dieser Extension muss diese auch in Address.line angegeben werden um die Interoperabilität mit Systemen zu gewährleisten, die diese Extension nicht verwenden." />
      <comment value="There can be no stigma associated with the use of extensions by any application, project, or standard - regardless of the institution or jurisdiction that uses or defines the extensions.  The use of extensions is what allows the FHIR specification to retain a core level of simplicity for everyone." />
      <alias value="extensions" />
      <alias value="user content" />
      <min value="0" />
      <max value="1" />
      <base>
        <path value="Element.extension" />
        <min value="0" />
        <max value="*" />
      </base>
      <type>
        <code value="Extension" />
        <profile value="http://hl7.org/fhir/StructureDefinition/iso21090-ADXP-additionalLocator" />
      </type>
      <condition value="ele-1" />
      <condition value="add-5" />
      <constraint>
        <key value="ele-1" />
        <severity value="error" />
        <human value="All FHIR elements must have a @value or children" />
        <expression value="hasValue() | (children().count() &gt; id.count())" />
        <xpath value="@value|f:*|h:div" />
      </constraint>
      <constraint>
        <key value="ext-1" />
        <severity value="error" />
        <human value="Must have either extensions or value[x], not both" />
        <expression value="extension.exists() != value.exists()" />
        <xpath value="exists(f:extension)!=exists(f:*[starts-with(local-name(.), 'value')])" />
      </constraint>
      <mapping>
        <identity value="rim" />
        <map value="n/a" />
      </mapping>
      <mapping>
        <identity value="rim" />
        <map value="N/A" />
      </mapping>
      <mapping>
        <identity value="rim" />
        <map value="ADXP[partType=ADL]" />
      </mapping>
      <mapping>
        <identity value="KVDT" />
        <map value="3115" />
      </mapping>
      <mapping>
        <identity value="BDT" />
        <map value="3115" />
      </mapping>
    </element>
    <element id="Address.line.extension:Adresszusatz.id">
      <path value="Address.line.extension.id" />
      <representation value="xmlAttr" />
      <short value="xml:id (or equivalent in JSON)" />
      <definition value="unique id for the element within a resource (for internal references). This may be any string value that does not contain spaces." />
      <comment value="Note that FHIR strings may not exceed 1MB in size" />
      <min value="0" />
      <max value="1" />
      <base>
        <path value="Element.id" />
        <min value="0" />
        <max value="1" />
      </base>
      <type>
        <code value="string" />
      </type>
      <condition value="ele-1" />
      <constraint>
        <key value="ele-1" />
        <severity value="error" />
        <human value="All FHIR elements must have a @value or children" />
        <expression value="hasValue() | (children().count() &gt; id.count())" />
        <xpath value="@value|f:*|h:div" />
      </constraint>
      <mapping>
        <identity value="rim" />
        <map value="n/a" />
      </mapping>
    </element>
    <element id="Address.line.extension:Adresszusatz.extension">
      <path value="Address.line.extension.extension" />
      <slicing>
        <discriminator>
          <type value="value" />
          <path value="url" />
        </discriminator>
        <description value="Extensions are always sliced by (at least) url" />
        <rules value="open" />
      </slicing>
      <short value="Additional Content defined by implementations" />
      <definition value="May be used to represent additional information that is not part of the basic definition of the element. In order to make the use of extensions safe and manageable, there is a strict set of governance  applied to the definition and use of extensions. Though any implementer is allowed to define an extension, there is a set of requirements that SHALL be met as part of the definition of the extension." />
      <comment value="There can be no stigma associated with the use of extensions by any application, project, or standard - regardless of the institution or jurisdiction that uses or defines the extensions.  The use of extensions is what allows the FHIR specification to retain a core level of simplicity for everyone." />
      <alias value="extensions" />
      <alias value="user content" />
      <min value="0" />
      <max value="0" />
      <base>
        <path value="Element.extension" />
        <min value="0" />
        <max value="*" />
      </base>
      <type>
        <code value="Extension" />
      </type>
      <condition value="ele-1" />
      <constraint>
        <key value="ele-1" />
        <severity value="error" />
        <human value="All FHIR elements must have a @value or children" />
        <expression value="hasValue() | (children().count() &gt; id.count())" />
        <xpath value="@value|f:*|h:div" />
      </constraint>
      <constraint>
        <key value="ext-1" />
        <severity value="error" />
        <human value="Must have either extensions or value[x], not both" />
        <expression value="extension.exists() != value.exists()" />
        <xpath value="exists(f:extension)!=exists(f:*[starts-with(local-name(.), 'value')])" />
      </constraint>
      <mapping>
        <identity value="rim" />
        <map value="n/a" />
      </mapping>
      <mapping>
        <identity value="rim" />
        <map value="N/A" />
      </mapping>
    </element>
    <element id="Address.line.extension:Adresszusatz.url">
      <path value="Address.line.extension.url" />
      <representation value="xmlAttr" />
      <short value="identifies the meaning of the extension" />
      <definition value="Source of the definition for the extension code - a logical name or a URL." />
      <comment value="The definition may point directly to a computable or human-readable definition of the extensibility codes, or it may be a logical URI as declared in some other specification. The definition SHALL be a URI for the Structure Definition defining the extension." />
      <min value="1" />
      <max value="1" />
      <base>
        <path value="Extension.url" />
        <min value="1" />
        <max value="1" />
      </base>
      <type>
        <code value="uri" />
      </type>
      <fixedUri value="http://hl7.org/fhir/StructureDefinition/iso21090-ADXP-additionalLocator" />
      <condition value="ele-1" />
      <constraint>
        <key value="ele-1" />
        <severity value="error" />
        <human value="All FHIR elements must have a @value or children" />
        <expression value="hasValue() | (children().count() &gt; id.count())" />
        <xpath value="@value|f:*|h:div" />
      </constraint>
      <mapping>
        <identity value="rim" />
        <map value="n/a" />
      </mapping>
      <mapping>
        <identity value="rim" />
        <map value="N/A" />
      </mapping>
    </element>
    <element id="Address.line.extension:Adresszusatz.valueString:valueString">
      <path value="Address.line.extension.valueString" />
      <sliceName value="valueString" />
      <short value="Value of extension" />
      <definition value="Value of extension - may be a resource or one of a constrained set of the data types (see Extensibility in the spec for list)." />
      <comment value="A stream of bytes, base64 encoded" />
      <min value="0" />
      <max value="1" />
      <base>
        <path value="Extension.value[x]" />
        <min value="0" />
        <max value="1" />
      </base>
      <type>
        <code value="string" />
      </type>
      <condition value="ele-1" />
      <constraint>
        <key value="ele-1" />
        <severity value="error" />
        <human value="All FHIR elements must have a @value or children" />
        <expression value="hasValue() | (children().count() &gt; id.count())" />
        <xpath value="@value|f:*|h:div" />
      </constraint>
      <mapping>
        <identity value="rim" />
        <map value="n/a" />
      </mapping>
      <mapping>
        <identity value="rim" />
        <map value="N/A" />
      </mapping>
    </element>
    <element id="Address.line.extension:Postfach">
      <path value="Address.line.extension" />
      <sliceName value="Postfach" />
      <short value="Postfach" />
      <definition value="Postfach-Adresse.&#xD;&#xA;Bei Angabe eines Postfaches in dieser Extension muss das Postfach auch in Address.line angegeben werden um die Interoperabilität mit Systemen zu gewährleisten, die diese Extension nicht verwenden.&#xD;&#xA;Eine Postfach-Adresse darf nicht in Verbindung mit Address.type &quot;physical&quot; oder &quot;both&quot; verwendet werden." />
      <comment value="There can be no stigma associated with the use of extensions by any application, project, or standard - regardless of the institution or jurisdiction that uses or defines the extensions.  The use of extensions is what allows the FHIR specification to retain a core level of simplicity for everyone." />
      <alias value="extensions" />
      <alias value="user content" />
      <min value="0" />
      <max value="1" />
      <base>
        <path value="Element.extension" />
        <min value="0" />
        <max value="*" />
      </base>
      <type>
        <code value="Extension" />
        <profile value="http://hl7.org/fhir/StructureDefinition/iso21090-ADXP-postBox" />
      </type>
      <condition value="ele-1" />
      <condition value="add-3" />
      <condition value="add-4" />
      <condition value="add-6" />
      <constraint>
        <key value="ele-1" />
        <severity value="error" />
        <human value="All FHIR elements must have a @value or children" />
        <expression value="hasValue() | (children().count() &gt; id.count())" />
        <xpath value="@value|f:*|h:div" />
      </constraint>
      <constraint>
        <key value="ext-1" />
        <severity value="error" />
        <human value="Must have either extensions or value[x], not both" />
        <expression value="extension.exists() != value.exists()" />
        <xpath value="exists(f:extension)!=exists(f:*[starts-with(local-name(.), 'value')])" />
      </constraint>
      <mapping>
        <identity value="rim" />
        <map value="n/a" />
      </mapping>
      <mapping>
        <identity value="rim" />
        <map value="N/A" />
      </mapping>
      <mapping>
        <identity value="rim" />
        <map value="ADXP[partType=POB]" />
      </mapping>
      <mapping>
        <identity value="KVDT" />
        <map value="3123" />
      </mapping>
      <mapping>
        <identity value="BDT" />
        <map value="3123" />
      </mapping>
    </element>
    <element id="Address.line.extension:Postfach.id">
      <path value="Address.line.extension.id" />
      <representation value="xmlAttr" />
      <short value="xml:id (or equivalent in JSON)" />
      <definition value="unique id for the element within a resource (for internal references). This may be any string value that does not contain spaces." />
      <comment value="Note that FHIR strings may not exceed 1MB in size" />
      <min value="0" />
      <max value="1" />
      <base>
        <path value="Element.id" />
        <min value="0" />
        <max value="1" />
      </base>
      <type>
        <code value="string" />
      </type>
      <condition value="ele-1" />
      <constraint>
        <key value="ele-1" />
        <severity value="error" />
        <human value="All FHIR elements must have a @value or children" />
        <expression value="hasValue() | (children().count() &gt; id.count())" />
        <xpath value="@value|f:*|h:div" />
      </constraint>
      <mapping>
        <identity value="rim" />
        <map value="n/a" />
      </mapping>
    </element>
    <element id="Address.line.extension:Postfach.extension">
      <path value="Address.line.extension.extension" />
      <slicing>
        <discriminator>
          <type value="value" />
          <path value="url" />
        </discriminator>
        <description value="Extensions are always sliced by (at least) url" />
        <rules value="open" />
      </slicing>
      <short value="Additional Content defined by implementations" />
      <definition value="May be used to represent additional information that is not part of the basic definition of the element. In order to make the use of extensions safe and manageable, there is a strict set of governance  applied to the definition and use of extensions. Though any implementer is allowed to define an extension, there is a set of requirements that SHALL be met as part of the definition of the extension." />
      <comment value="There can be no stigma associated with the use of extensions by any application, project, or standard - regardless of the institution or jurisdiction that uses or defines the extensions.  The use of extensions is what allows the FHIR specification to retain a core level of simplicity for everyone." />
      <alias value="extensions" />
      <alias value="user content" />
      <min value="0" />
      <max value="0" />
      <base>
        <path value="Element.extension" />
        <min value="0" />
        <max value="*" />
      </base>
      <type>
        <code value="Extension" />
      </type>
      <condition value="ele-1" />
      <constraint>
        <key value="ele-1" />
        <severity value="error" />
        <human value="All FHIR elements must have a @value or children" />
        <expression value="hasValue() | (children().count() &gt; id.count())" />
        <xpath value="@value|f:*|h:div" />
      </constraint>
      <constraint>
        <key value="ext-1" />
        <severity value="error" />
        <human value="Must have either extensions or value[x], not both" />
        <expression value="extension.exists() != value.exists()" />
        <xpath value="exists(f:extension)!=exists(f:*[starts-with(local-name(.), 'value')])" />
      </constraint>
      <mapping>
        <identity value="rim" />
        <map value="n/a" />
      </mapping>
      <mapping>
        <identity value="rim" />
        <map value="N/A" />
      </mapping>
    </element>
    <element id="Address.line.extension:Postfach.url">
      <path value="Address.line.extension.url" />
      <representation value="xmlAttr" />
      <short value="identifies the meaning of the extension" />
      <definition value="Source of the definition for the extension code - a logical name or a URL." />
      <comment value="The definition may point directly to a computable or human-readable definition of the extensibility codes, or it may be a logical URI as declared in some other specification. The definition SHALL be a URI for the Structure Definition defining the extension." />
      <min value="1" />
      <max value="1" />
      <base>
        <path value="Extension.url" />
        <min value="1" />
        <max value="1" />
      </base>
      <type>
        <code value="uri" />
      </type>
      <fixedUri value="http://hl7.org/fhir/StructureDefinition/iso21090-ADXP-postBox" />
      <condition value="ele-1" />
      <constraint>
        <key value="ele-1" />
        <severity value="error" />
        <human value="All FHIR elements must have a @value or children" />
        <expression value="hasValue() | (children().count() &gt; id.count())" />
        <xpath value="@value|f:*|h:div" />
      </constraint>
      <mapping>
        <identity value="rim" />
        <map value="n/a" />
      </mapping>
      <mapping>
        <identity value="rim" />
        <map value="N/A" />
      </mapping>
    </element>
    <element id="Address.line.extension:Postfach.valueString:valueString">
      <path value="Address.line.extension.valueString" />
      <sliceName value="valueString" />
      <short value="Value of extension" />
      <definition value="Value of extension - may be a resource or one of a constrained set of the data types (see Extensibility in the spec for list)." />
      <comment value="A stream of bytes, base64 encoded" />
      <min value="0" />
      <max value="1" />
      <base>
        <path value="Extension.value[x]" />
        <min value="0" />
        <max value="1" />
      </base>
      <type>
        <code value="string" />
      </type>
      <condition value="ele-1" />
      <constraint>
        <key value="ele-1" />
        <severity value="error" />
        <human value="All FHIR elements must have a @value or children" />
        <expression value="hasValue() | (children().count() &gt; id.count())" />
        <xpath value="@value|f:*|h:div" />
      </constraint>
      <mapping>
        <identity value="rim" />
        <map value="n/a" />
      </mapping>
      <mapping>
        <identity value="rim" />
        <map value="N/A" />
      </mapping>
    </element>
    <element id="Address.line.value">
      <path value="Address.line.value" />
      <representation value="xmlAttr" />
      <short value="Primitive value for string" />
      <definition value="Primitive value for string" />
      <min value="0" />
      <max value="1" />
      <base>
        <path value="string.value" />
        <min value="0" />
        <max value="1" />
      </base>
      <type>
        <code>
          <extension url="http://hl7.org/fhir/StructureDefinition/structuredefinition-json-type">
            <valueString value="string" />
          </extension>
          <extension url="http://hl7.org/fhir/StructureDefinition/structuredefinition-xml-type">
            <valueString value="xsd:string" />
          </extension>
          <extension url="http://hl7.org/fhir/StructureDefinition/structuredefinition-rdf-type">
            <valueString value="xsd:string" />
          </extension>
        </code>
      </type>
      <maxLength value="1048576" />
    </element>
    <element id="Address.city">
      <path value="Address.city" />
      <short value="Name of city, town etc." />
      <definition value="The name of the city, town, village or other community or delivery center." />
      <comment value="Note that FHIR strings may not exceed 1MB in size" />
      <alias value="Municpality" />
      <min value="0" />
      <max value="1" />
      <base>
        <path value="Address.city" />
        <min value="0" />
        <max value="1" />
      </base>
      <type>
        <code value="string" />
      </type>
      <example>
        <label value="General" />
        <valueString value="Erewhon" />
      </example>
      <condition value="ele-1" />
      <constraint>
        <key value="ele-1" />
        <severity value="error" />
        <human value="All FHIR elements must have a @value or children" />
        <expression value="hasValue() | (children().count() &gt; id.count())" />
        <xpath value="@value|f:*|h:div" />
      </constraint>
      <isSummary value="true" />
      <mapping>
        <identity value="rim" />
        <map value="n/a" />
      </mapping>
      <mapping>
        <identity value="v2" />
        <map value="XAD.3" />
      </mapping>
      <mapping>
        <identity value="rim" />
        <map value="AD.part[parttype = CTY]" />
      </mapping>
      <mapping>
        <identity value="vcard" />
        <map value="locality" />
      </mapping>
      <mapping>
        <identity value="servd" />
        <map value="./Jurisdiction" />
      </mapping>
      <mapping>
        <identity value="BDT" />
        <map value="3113 oder 3122 (Postfach)" />
      </mapping>
      <mapping>
        <identity value="KVDT" />
        <map value="3113 oder 3122 (Postfach)" />
      </mapping>
    </element>
    <element id="Address.district">
      <path value="Address.district" />
      <short value="District name (aka county)" />
      <definition value="The name of the administrative area (county)." />
      <comment value="District is sometimes known as county, but in some regions 'county' is used in place of city (municipality), so county name should be conveyed in city instead." />
      <alias value="County" />
      <min value="0" />
      <max value="0" />
      <base>
        <path value="Address.district" />
        <min value="0" />
        <max value="1" />
      </base>
      <type>
        <code value="string" />
      </type>
      <example>
        <label value="General" />
        <valueString value="Madison" />
      </example>
      <condition value="ele-1" />
      <constraint>
        <key value="ele-1" />
        <severity value="error" />
        <human value="All FHIR elements must have a @value or children" />
        <expression value="hasValue() | (children().count() &gt; id.count())" />
        <xpath value="@value|f:*|h:div" />
      </constraint>
      <isSummary value="true" />
      <mapping>
        <identity value="rim" />
        <map value="n/a" />
      </mapping>
      <mapping>
        <identity value="v2" />
        <map value="XAD.9" />
      </mapping>
      <mapping>
        <identity value="rim" />
        <map value="AD.part[parttype = CNT | CPA]" />
      </mapping>
    </element>
    <element id="Address.state">
      <path value="Address.state" />
      <short value="Bundesland" />
      <definition value="Name (oder Kürzel) des Bundeslandes." />
      <comment value="Note that FHIR strings may not exceed 1MB in size" />
      <alias value="Province" />
      <alias value="Territory" />
      <min value="0" />
      <max value="1" />
      <base>
        <path value="Address.state" />
        <min value="0" />
        <max value="1" />
      </base>
      <type>
        <code value="string" />
      </type>
      <condition value="ele-1" />
      <constraint>
        <key value="ele-1" />
        <severity value="error" />
        <human value="All FHIR elements must have a @value or children" />
        <expression value="hasValue() | (children().count() &gt; id.count())" />
        <xpath value="@value|f:*|h:div" />
      </constraint>
      <isSummary value="true" />
      <binding>
        <strength value="preferred" />
        <valueSetUri value="http://fhir.de/ValueSet/iso/bundeslaender" />
      </binding>
      <mapping>
        <identity value="rim" />
        <map value="n/a" />
      </mapping>
      <mapping>
        <identity value="v2" />
        <map value="XAD.4" />
      </mapping>
      <mapping>
        <identity value="rim" />
        <map value="AD.part[parttype = STA]" />
      </mapping>
      <mapping>
        <identity value="vcard" />
        <map value="region" />
      </mapping>
      <mapping>
        <identity value="servd" />
        <map value="./Region" />
      </mapping>
    </element>
    <element id="Address.postalCode">
      <path value="Address.postalCode" />
      <short value="Postleitzahl" />
      <definition value="Postleitzahl gemäß der im jeweiligen Land gültigen Konventionen" />
      <comment value="Note that FHIR strings may not exceed 1MB in size" />
      <alias value="Zip" />
      <min value="0" />
      <max value="1" />
      <base>
        <path value="Address.postalCode" />
        <min value="0" />
        <max value="1" />
      </base>
      <type>
        <code value="string" />
      </type>
      <example>
        <label value="General" />
        <valueString value="9132" />
      </example>
      <condition value="ele-1" />
      <constraint>
        <key value="ele-1" />
        <severity value="error" />
        <human value="All FHIR elements must have a @value or children" />
        <expression value="hasValue() | (children().count() &gt; id.count())" />
        <xpath value="@value|f:*|h:div" />
      </constraint>
      <isSummary value="true" />
      <mapping>
        <identity value="rim" />
        <map value="n/a" />
      </mapping>
      <mapping>
        <identity value="v2" />
        <map value="XAD.5" />
      </mapping>
      <mapping>
        <identity value="rim" />
        <map value="AD.part[parttype = ZIP]" />
      </mapping>
      <mapping>
        <identity value="vcard" />
        <map value="code" />
      </mapping>
      <mapping>
        <identity value="servd" />
        <map value="./PostalIdentificationCode" />
      </mapping>
      <mapping>
        <identity value="BDT" />
        <map value="3112 oder 3121 (Postfach)" />
      </mapping>
      <mapping>
        <identity value="KVDT" />
        <map value="3112 oder 3121 (Postfach)" />
      </mapping>
    </element>
    <element id="Address.country">
      <path value="Address.country" />
      <short value="Staat" />
      <definition value="Staat (vorzugsweise als 2-Stelliger ISO-Ländercode).&#xD;&#xA;Es obliegt abgeleiteten Profilen, hier die Verwendung der ISO-Ländercodes verbindlich vorzuschreiben" />
      <comment value="ISO 3166 3 letter codes can be used in place of a full country name." />
      <min value="0" />
      <max value="1" />
      <base>
        <path value="Address.country" />
        <min value="0" />
        <max value="1" />
      </base>
      <type>
        <code value="string" />
      </type>
      <condition value="ele-1" />
      <constraint>
        <key value="ele-1" />
        <severity value="error" />
        <human value="All FHIR elements must have a @value or children" />
        <expression value="hasValue() | (children().count() &gt; id.count())" />
        <xpath value="@value|f:*|h:div" />
      </constraint>
      <isSummary value="true" />
      <binding>
        <strength value="preferred" />
        <valueSetUri value="http://hl7.org/fhir/ValueSet/jurisdiction" />
      </binding>
      <mapping>
        <identity value="rim" />
        <map value="n/a" />
      </mapping>
      <mapping>
        <identity value="v2" />
        <map value="XAD.6" />
      </mapping>
      <mapping>
        <identity value="rim" />
        <map value="AD.part[parttype = CNT]" />
      </mapping>
      <mapping>
        <identity value="vcard" />
        <map value="country" />
      </mapping>
      <mapping>
        <identity value="servd" />
        <map value="./Country" />
      </mapping>
      <mapping>
        <identity value="BDT" />
        <map value="3114 oder 3124 (Postfach), abweichendes CodeSystem" />
      </mapping>
      <mapping>
        <identity value="KVDT" />
        <map value="3114 oder 3124 (Postfach), abweichendes CodeSystem" />
      </mapping>
    </element>
    <element id="Address.period">
      <path value="Address.period" />
      <short value="Time period when address was/is in use" />
      <definition value="Time period when address was/is in use." />
      <comment value="This is not a duration - that's a measure of time (a separate type), but a duration that occurs at a fixed value of time. A Period specifies a range of time; the context of use will specify whether the entire range applies (e.g. &quot;the patient was an inpatient of the hospital for this time range&quot;) or one value from the range applies (e.g. &quot;give to the patient between these two times&quot;). If duration is required, specify the type as Interval|Duration." />
      <requirements value="Allows addresses to be placed in historical context." />
      <min value="0" />
      <max value="1" />
      <base>
        <path value="Address.period" />
        <min value="0" />
        <max value="1" />
      </base>
      <type>
        <code value="Period" />
      </type>
      <example>
        <label value="General" />
        <valuePeriod>
          <start value="2010-03-23" />
          <end value="2010-07-01" />
        </valuePeriod>
      </example>
      <condition value="ele-1" />
      <constraint>
        <key value="ele-1" />
        <severity value="error" />
        <human value="All FHIR elements must have a @value or children" />
        <expression value="hasValue() | (children().count() &gt; id.count())" />
        <xpath value="@value|f:*|h:div" />
      </constraint>
      <constraint>
        <key value="per-1" />
        <severity value="error" />
        <human value="If present, start SHALL have a lower value than end" />
        <expression value="start.empty() or end.empty() or (start &lt;= end)" />
        <xpath value="not(exists(f:start)) or not(exists(f:end)) or (f:start/@value &lt;= f:end/@value)" />
      </constraint>
      <isSummary value="true" />
      <mapping>
        <identity value="rim" />
        <map value="n/a" />
      </mapping>
      <mapping>
        <identity value="v2" />
        <map value="DR" />
      </mapping>
      <mapping>
        <identity value="rim" />
        <map value="IVL&lt;TS&gt;[lowClosed=&quot;true&quot; and highClosed=&quot;true&quot;] or URG&lt;TS&gt;[lowClosed=&quot;true&quot; and highClosed=&quot;true&quot;]" />
      </mapping>
      <mapping>
        <identity value="v2" />
        <map value="XAD.12 / XAD.13 + XAD.14" />
      </mapping>
      <mapping>
        <identity value="rim" />
        <map value="./usablePeriod[type=&quot;IVL&lt;TS&gt;&quot;]" />
      </mapping>
      <mapping>
        <identity value="servd" />
        <map value="./StartDate and ./EndDate" />
      </mapping>
    </element>
    <element id="Address.period.id">
      <path value="Address.period.id" />
      <representation value="xmlAttr" />
      <short value="xml:id (or equivalent in JSON)" />
      <definition value="unique id for the element within a resource (for internal references). This may be any string value that does not contain spaces." />
      <comment value="Note that FHIR strings may not exceed 1MB in size" />
      <min value="0" />
      <max value="1" />
      <base>
        <path value="Element.id" />
        <min value="0" />
        <max value="1" />
      </base>
      <type>
        <code value="string" />
      </type>
      <condition value="ele-1" />
      <constraint>
        <key value="ele-1" />
        <severity value="error" />
        <human value="All FHIR elements must have a @value or children" />
        <expression value="hasValue() | (children().count() &gt; id.count())" />
        <xpath value="@value|f:*|h:div" />
      </constraint>
      <mapping>
        <identity value="rim" />
        <map value="n/a" />
      </mapping>
    </element>
    <element id="Address.period.extension">
      <path value="Address.period.extension" />
      <slicing>
        <discriminator>
          <type value="value" />
          <path value="url" />
        </discriminator>
        <description value="Extensions are always sliced by (at least) url" />
        <rules value="open" />
      </slicing>
      <short value="Additional Content defined by implementations" />
      <definition value="May be used to represent additional information that is not part of the basic definition of the element. In order to make the use of extensions safe and manageable, there is a strict set of governance  applied to the definition and use of extensions. Though any implementer is allowed to define an extension, there is a set of requirements that SHALL be met as part of the definition of the extension." />
      <comment value="There can be no stigma associated with the use of extensions by any application, project, or standard - regardless of the institution or jurisdiction that uses or defines the extensions.  The use of extensions is what allows the FHIR specification to retain a core level of simplicity for everyone." />
      <alias value="extensions" />
      <alias value="user content" />
      <min value="0" />
      <max value="*" />
      <base>
        <path value="Element.extension" />
        <min value="0" />
        <max value="*" />
      </base>
      <type>
        <code value="Extension" />
      </type>
      <condition value="ele-1" />
      <constraint>
        <key value="ele-1" />
        <severity value="error" />
        <human value="All FHIR elements must have a @value or children" />
        <expression value="hasValue() | (children().count() &gt; id.count())" />
        <xpath value="@value|f:*|h:div" />
      </constraint>
      <constraint>
        <key value="ext-1" />
        <severity value="error" />
        <human value="Must have either extensions or value[x], not both" />
        <expression value="extension.exists() != value.exists()" />
        <xpath value="exists(f:extension)!=exists(f:*[starts-with(local-name(.), 'value')])" />
      </constraint>
      <mapping>
        <identity value="rim" />
        <map value="n/a" />
      </mapping>
      <mapping>
        <identity value="rim" />
        <map value="N/A" />
      </mapping>
    </element>
    <element id="Address.period.start">
      <path value="Address.period.start" />
      <short value="Starting time with inclusive boundary" />
      <definition value="The start of the period. The boundary is inclusive." />
      <comment value="If the low element is missing, the meaning is that the low boundary is not known." />
      <min value="0" />
      <max value="1" />
      <base>
        <path value="Period.start" />
        <min value="0" />
        <max value="1" />
      </base>
      <type>
        <code value="dateTime" />
      </type>
      <condition value="ele-1" />
      <condition value="per-1" />
      <constraint>
        <key value="ele-1" />
        <severity value="error" />
        <human value="All FHIR elements must have a @value or children" />
        <expression value="hasValue() | (children().count() &gt; id.count())" />
        <xpath value="@value|f:*|h:div" />
      </constraint>
      <isSummary value="true" />
      <mapping>
        <identity value="rim" />
        <map value="n/a" />
      </mapping>
      <mapping>
        <identity value="v2" />
        <map value="DR.1" />
      </mapping>
      <mapping>
        <identity value="rim" />
        <map value="./low" />
      </mapping>
      <mapping>
        <identity value="BDT" />
        <map value="8226" />
      </mapping>
    </element>
    <element id="Address.period.end">
      <path value="Address.period.end" />
      <short value="End time with inclusive boundary, if not ongoing" />
      <definition value="The end of the period. If the end of the period is missing, it means that the period is ongoing. The start may be in the past, and the end date in the future, which means that period is expected/planned to end at that time." />
      <comment value="The high value includes any matching date/time. i.e. 2012-02-03T10:00:00 is in a period that has a end value of 2012-02-03." />
      <min value="0" />
      <max value="1" />
      <base>
        <path value="Period.end" />
        <min value="0" />
        <max value="1" />
      </base>
      <type>
        <code value="dateTime" />
      </type>
      <meaningWhenMissing value="If the end of the period is missing, it means that the period is ongoing" />
      <condition value="ele-1" />
      <condition value="per-1" />
      <constraint>
        <key value="ele-1" />
        <severity value="error" />
        <human value="All FHIR elements must have a @value or children" />
        <expression value="hasValue() | (children().count() &gt; id.count())" />
        <xpath value="@value|f:*|h:div" />
      </constraint>
      <isSummary value="true" />
      <mapping>
        <identity value="rim" />
        <map value="n/a" />
      </mapping>
      <mapping>
        <identity value="v2" />
        <map value="DR.2" />
      </mapping>
      <mapping>
        <identity value="rim" />
        <map value="./high" />
      </mapping>
      <mapping>
        <identity value="BDT" />
        <map value="8227" />
      </mapping>
    </element>
  </snapshot>
  <differential>
    <element id="Address">
      <path value="Address" />
      <short value="Eine Adresse gemäß postalischer Konventionen" />
      <definition value="Eine Adresse gemäß postalischer Konventionen (im Gegensatz zu bspw. GPS-Koordinaten). Die Adresse kann sowohl zur Zustellung von Postsendungen oder zum Aufsuchen von Orten, die keine gültige Postadresse haben, verwendet werden.&#xD;&#xA;&#xD;&#xA;Die verwendeten Extensions in diesem Profil bilden die Struktur der Adresse ab, wie sie im VSDM-Format der elektronischen Versichertenkarte verwendet wird.&#xD;&#xA;&#xD;&#xA;Insbesondere bei ausländischen Adresse oder Adressen, die nicht durch Einlesen einer elektronischen Versichertenkarte erfasst wurden, sind abweichende Strukturen möglich. Die Verwendung der Extensions ist nicht verpflichtend." />
      <example>
        <label value="Beispiel für einfache Adresse" />
        <valueAddress>
          <use value="home" />
          <type value="postal" />
          <line value="Musterweg 42" />
          <city value="Musterhausen" />
          <postalCode value="99999" />
        </valueAddress>
      </example>
      <constraint>
        <key value="add-1" />
        <severity value="error" />
        <human value="Wenn die Extension 'Hausnummer' verwendet wird, muss auch Address.line gefüllt werden" />
        <expression value="line.all($this.extension('http://hl7.org/fhir/StructureDefinition/iso21090-ADXP-houseNumber').empty() or $this.hasValue())" />
      </constraint>
      <constraint>
        <key value="add-2" />
        <severity value="error" />
        <human value="Wenn die Extension 'Strasse' verwendet wird, muss auch Address.line gefüllt werden" />
        <expression value="line.all($this.extension('http://hl7.org/fhir/StructureDefinition/iso21090-ADXP-streetName').empty() or $this.hasValue())" />
      </constraint>
      <constraint>
        <key value="add-3" />
        <severity value="error" />
        <human value="Wenn die Extension 'Postfach' verwendet wird, muss auch Address.line gefüllt werden" />
        <expression value="line.all($this.extension('http://hl7.org/fhir/StructureDefinition/iso21090-ADXP-postBox').empty() or $this.hasValue())" />
      </constraint>
      <constraint>
        <key value="add-4" />
        <severity value="warning" />
        <human value="Eine Postfach-Adresse darf nicht vom Type &quot;physical&quot; oder &quot;both&quot; sein." />
        <expression value="line.all($this.extension('http://hl7.org/fhir/StructureDefinition/iso21090-ADXP-postBox').empty() or $this.hasValue()) or type='postal' or type.empty()" />
      </constraint>
      <constraint>
        <key value="add-5" />
        <severity value="error" />
        <human value="Wenn die Extension 'Adresszusatz' verwendet wird, muss auch Address.line gefüllt werden" />
        <expression value="line.all($this.extension('http://hl7.org/fhir/StructureDefinition/iso21090-ADXP-additionalLocator').empty() or $this.hasValue())" />
      </constraint>
      <constraint>
        <key value="add-6" />
        <severity value="warning" />
        <human value="Wenn die Extension 'Postfach' verwendet wird, dürfen die Extensions 'Strasse' und 'Hausnummer' nicht verwendet werden" />
        <expression value="line.all($this.extension('http://hl7.org/fhir/StructureDefinition/iso21090-ADXP-postBox').empty() or ($this.extension('http://hl7.org/fhir/StructureDefinition/iso21090-ADXP-streetName').empty() and $this.extension('http://hl7.org/fhir/StructureDefinition/iso21090-ADXP-houseNumber').empty()))" />
      </constraint>
    </element>
    <element id="Address.type">
      <path value="Address.type" />
      <condition value="add-4" />
      <mapping>
        <identity value="BDT" />
        <map value="1202 (1=physical, 2=postal)" />
      </mapping>
    </element>
    <element id="Address.line">
      <path value="Address.line" />
      <short value="Straßenname mit Hausnummer oder Postfach sowie weitere Angaben zur Zustellung" />
      <definition value="Diese Komponente kann Straßennamen, Hausnummer, Appartmentnummer, Postfach, c/o sowie weitere Zustellungshinweise enthalten. Die Informationen können in mehrere line-Komponenten aufgeteilt werden.&#xD;&#xA;Bei Verwendung der Extensions, um Straße, Hausnnummer und Postleitzahl strukturiert zu übermitteln, müssen diese Informationen stets vollständig auch in der line-Komponente, die sie erweitern, enthalten sein, um es Systemen, die diese Extensions nicht verwenden zu ermöglichen, auf diese Informationen zugreifen zu können." />
      <example>
        <label value="Beipiel für Adresszeile mit Extensions für Straße und Hausnummer" />
        <valueString value="Musterweg 42">
          <extension url="http://hl7.org/fhir/StructureDefinition/iso21090-ADXP-streetName">
            <valueString value="Musterweg 42" />
          </extension>
          <extension url="http://hl7.org/fhir/StructureDefinition/iso21090-ADXP-houseNumber">
            <valueString value="42" />
          </extension>
        </valueString>
      </example>
      <condition value="add-1" />
      <condition value="add-2" />
      <condition value="add-3" />
      <condition value="add-4" />
      <condition value="add-5" />
      <condition value="add-6" />
      <mapping>
        <identity value="KVDT" />
        <map value="3107 + 3109 + 3115 oder 3123" />
      </mapping>
      <mapping>
        <identity value="BDT" />
        <map value="3107 + 3109 + 3115 oder 3123" />
      </mapping>
    </element>
    <element id="Address.line.extension">
      <path value="Address.line.extension" />
      <slicing>
        <discriminator>
          <type value="value" />
          <path value="url" />
        </discriminator>
        <rules value="open" />
      </slicing>
    </element>
    <element id="Address.line.extension:Strasse">
      <path value="Address.line.extension" />
      <sliceName value="Strasse" />
      <short value="Strassenname (ohne Hausnummer)" />
      <definition value="Strassenname (ohne Hausnummer)&#xD;&#xA;Bei Angabe einer Strasse in dieser Extension muss diese auch in Address.line angegeben werden um die Interoperabilität mit Systemen zu gewährleisten, die diese Extension nicht verwenden." />
      <max value="1" />
      <type>
        <code value="Extension" />
        <profile value="http://hl7.org/fhir/StructureDefinition/iso21090-ADXP-streetName" />
      </type>
      <condition value="add-2" />
      <condition value="add-6" />
      <mapping>
        <identity value="KVDT" />
        <map value="3107" />
      </mapping>
      <mapping>
        <identity value="BDT" />
        <map value="3107" />
      </mapping>
    </element>
    <element id="Address.line.extension:Strasse.valueString:valueString">
      <path value="Address.line.extension.valueString" />
      <sliceName value="valueString" />
    </element>
    <element id="Address.line.extension:Hausnummer">
      <path value="Address.line.extension" />
      <sliceName value="Hausnummer" />
      <short value="Hausnummer" />
      <definition value="Hausnummer, sowie Zusätze (Appartmentnummer, Etage...)&#xD;&#xA;Bei Angabe einer Hausnummer in dieser Extension muss diese auch in Address.line angegeben werden um die Interoperabilität mit Systemen zu gewährleisten, die diese Extension nicht verwenden." />
      <max value="1" />
      <type>
        <code value="Extension" />
        <profile value="http://hl7.org/fhir/StructureDefinition/iso21090-ADXP-houseNumber" />
      </type>
      <condition value="add-1" />
      <condition value="add-6" />
      <mapping>
        <identity value="KVDT" />
        <map value="3109" />
      </mapping>
      <mapping>
        <identity value="BDT" />
        <map value="3109" />
      </mapping>
    </element>
    <element id="Address.line.extension:Hausnummer.valueString:valueString">
      <path value="Address.line.extension.valueString" />
      <sliceName value="valueString" />
    </element>
    <element id="Address.line.extension:Adresszusatz">
      <path value="Address.line.extension" />
      <sliceName value="Adresszusatz" />
      <short value="Adresszusatz" />
      <definition value="Zusätzliche Informationen, wie z.B. &quot;3. Etage&quot;, &quot;Appartment C&quot;&#xD;&#xA;Bei Angabe einer Zusatzinformation in dieser Extension muss diese auch in Address.line angegeben werden um die Interoperabilität mit Systemen zu gewährleisten, die diese Extension nicht verwenden." />
      <max value="1" />
      <type>
        <code value="Extension" />
        <profile value="http://hl7.org/fhir/StructureDefinition/iso21090-ADXP-additionalLocator" />
      </type>
      <condition value="add-5" />
      <mapping>
        <identity value="KVDT" />
        <map value="3115" />
      </mapping>
      <mapping>
        <identity value="BDT" />
        <map value="3115" />
      </mapping>
    </element>
    <element id="Address.line.extension:Adresszusatz.valueString:valueString">
      <path value="Address.line.extension.valueString" />
      <sliceName value="valueString" />
    </element>
    <element id="Address.line.extension:Postfach">
      <path value="Address.line.extension" />
      <sliceName value="Postfach" />
      <short value="Postfach" />
      <definition value="Postfach-Adresse.&#xD;&#xA;Bei Angabe eines Postfaches in dieser Extension muss das Postfach auch in Address.line angegeben werden um die Interoperabilität mit Systemen zu gewährleisten, die diese Extension nicht verwenden.&#xD;&#xA;Eine Postfach-Adresse darf nicht in Verbindung mit Address.type &quot;physical&quot; oder &quot;both&quot; verwendet werden." />
      <max value="1" />
      <type>
        <code value="Extension" />
        <profile value="http://hl7.org/fhir/StructureDefinition/iso21090-ADXP-postBox" />
      </type>
      <condition value="add-3" />
      <condition value="add-4" />
      <condition value="add-6" />
      <mapping>
        <identity value="KVDT" />
        <map value="3123" />
      </mapping>
      <mapping>
        <identity value="BDT" />
        <map value="3123" />
      </mapping>
    </element>
    <element id="Address.line.extension:Postfach.valueString:valueString">
      <path value="Address.line.extension.valueString" />
      <sliceName value="valueString" />
    </element>
    <element id="Address.city">
      <path value="Address.city" />
      <mapping>
        <identity value="BDT" />
        <map value="3113 oder 3122 (Postfach)" />
      </mapping>
      <mapping>
        <identity value="KVDT" />
        <map value="3113 oder 3122 (Postfach)" />
      </mapping>
    </element>
    <element id="Address.district">
      <path value="Address.district" />
      <max value="0" />
    </element>
    <element id="Address.state">
      <path value="Address.state" />
      <short value="Bundesland" />
      <definition value="Name (oder Kürzel) des Bundeslandes." />
      <binding>
        <strength value="preferred" />
        <valueSetUri value="http://fhir.de/ValueSet/iso/bundeslaender" />
      </binding>
    </element>
    <element id="Address.postalCode">
      <path value="Address.postalCode" />
      <short value="Postleitzahl" />
      <definition value="Postleitzahl gemäß der im jeweiligen Land gültigen Konventionen" />
      <mapping>
        <identity value="BDT" />
        <map value="3112 oder 3121 (Postfach)" />
      </mapping>
      <mapping>
        <identity value="KVDT" />
        <map value="3112 oder 3121 (Postfach)" />
      </mapping>
    </element>
    <element id="Address.country">
      <path value="Address.country" />
      <short value="Staat" />
      <definition value="Staat (vorzugsweise als 2-Stelliger ISO-Ländercode).&#xD;&#xA;Es obliegt abgeleiteten Profilen, hier die Verwendung der ISO-Ländercodes verbindlich vorzuschreiben" />
      <binding>
        <strength value="preferred" />
        <valueSetUri value="http://hl7.org/fhir/ValueSet/jurisdiction" />
      </binding>
      <mapping>
        <identity value="BDT" />
        <map value="3114 oder 3124 (Postfach), abweichendes CodeSystem" />
      </mapping>
      <mapping>
        <identity value="KVDT" />
        <map value="3114 oder 3124 (Postfach), abweichendes CodeSystem" />
      </mapping>
    </element>
    <element id="Address.period.start">
      <path value="Address.period.start" />
      <mapping>
        <identity value="BDT" />
        <map value="8226" />
      </mapping>
    </element>
    <element id="Address.period.end">
      <path value="Address.period.end" />
      <mapping>
        <identity value="BDT" />
        <map value="8227" />
      </mapping>
    </element>
  </differential>
</StructureDefinition>