<StructureDefinition xmlns="http://hl7.org/fhir">
  <meta>
    <lastUpdated value="2017-09-14T14:03:29.723-08:00" />
  </meta>
  <url value="http://fhir.de/StructureDefinition/coverage-de-sel/0.2" />
  <version value="0.2.4" />
  <name value="coverage-de-sel-0.2" />
  <title value="Coverage, deutsches Selbstzahlerprofil (Version 0.2)" />
  <status value="draft" />
  <experimental value="true" />
  <date value="2018-06-27" />
  <publisher value="HL7 Deutschland e.V. (Technisches Komitee FHIR)" />
  <contact>
    <telecom>
      <system value="other" />
      <value value="http://hl7.de/technische-komitees/fhir/" />
    </telecom>
  </contact>
  <description value="Profil für die Nutzung der Coverage-Resource in Deutschland zur Darstellung eines Selbstzahlerverhältnisses." />
  <copyright value="HL7 Deutschland e.V." />
  <fhirVersion value="3.0.1" />
  <kind value="resource" />
  <abstract value="false" />
  <type value="Coverage" />
  <baseDefinition value="http://fhir.de/StructureDefinition/coverage-de-basis/0.2" />
  <derivation value="constraint" />
  <snapshot>
    <element id="Coverage">
      <path value="Coverage" />
      <short value="Versicherungsdaten" />
      <definition value="Angaben zur Versicherung oder zur Kostenübernahme durch den Patienten selbst oder durch Dritte." />
      <min value="0" />
      <max value="*" />
      <base>
        <path value="Resource" />
        <min value="0" />
        <max value="*" />
      </base>
      <constraint>
        <key value="dom-2" />
        <severity value="error" />
        <human value="If the resource is contained in another resource, it SHALL NOT contain nested Resources" />
        <expression value="contained.contained.empty()" />
        <xpath value="not(parent::f:contained and f:contained)" />
      </constraint>
      <constraint>
        <key value="dom-1" />
        <severity value="error" />
        <human value="If the resource is contained in another resource, it SHALL NOT contain any narrative" />
        <expression value="contained.text.empty()" />
        <xpath value="not(parent::f:contained and f:text)" />
      </constraint>
      <constraint>
        <key value="dom-4" />
        <severity value="error" />
        <human value="If a resource is contained in another resource, it SHALL NOT have a meta.versionId or a meta.lastUpdated" />
        <expression value="contained.meta.versionId.empty() and contained.meta.lastUpdated.empty()" />
        <xpath value="not(exists(f:contained/*/f:meta/f:versionId)) and not(exists(f:contained/*/f:meta/f:lastUpdated))" />
      </constraint>
      <constraint>
        <key value="dom-3" />
        <severity value="error" />
        <human value="If the resource is contained in another resource, it SHALL be referred to from elsewhere in the resource" />
        <expression value="contained.where(('#'+id in %resource.descendants().reference).not()).empty()" />
        <xpath value="not(exists(for $id in f:contained/*/@id return $id[not(ancestor::f:contained/parent::*/descendant::f:reference/@value=concat('#', $id))]))" />
      </constraint>
      <mapping>
        <identity value="rim" />
        <map value="Entity. Role, or Act" />
      </mapping>
      <mapping>
        <identity value="workflow" />
        <map value="Event" />
      </mapping>
      <mapping>
        <identity value="rim" />
        <map value="Coverage" />
      </mapping>
      <mapping>
        <identity value="w5" />
        <map value="financial.support" />
      </mapping>
    </element>
    <element id="Coverage.id">
      <path value="Coverage.id" />
      <short value="Logical id of this artifact" />
      <definition value="The logical id of the resource, as used in the URL for the resource. Once assigned, this value never changes." />
      <comment value="The only time that a resource does not have an id is when it is being submitted to the server using a create operation." />
      <min value="0" />
      <max value="1" />
      <base>
        <path value="Resource.id" />
        <min value="0" />
        <max value="1" />
      </base>
      <type>
        <code value="id" />
      </type>
      <condition value="ele-1" />
      <constraint>
        <key value="ele-1" />
        <severity value="error" />
        <human value="All FHIR elements must have a @value or children" />
        <expression value="hasValue() | (children().count() &gt; id.count())" />
        <xpath value="@value|f:*|h:div" />
      </constraint>
      <isSummary value="true" />
      <mapping>
        <identity value="rim" />
        <map value="n/a" />
      </mapping>
    </element>
    <element id="Coverage.meta">
      <path value="Coverage.meta" />
      <short value="Metadata about the resource" />
      <definition value="The metadata about the resource. This is content that is maintained by the infrastructure. Changes to the content may not always be associated with version changes to the resource." />
      <min value="0" />
      <max value="1" />
      <base>
        <path value="Resource.meta" />
        <min value="0" />
        <max value="1" />
      </base>
      <type>
        <code value="Meta" />
      </type>
      <condition value="ele-1" />
      <constraint>
        <key value="ele-1" />
        <severity value="error" />
        <human value="All FHIR elements must have a @value or children" />
        <expression value="hasValue() | (children().count() &gt; id.count())" />
        <xpath value="@value|f:*|h:div" />
      </constraint>
      <isSummary value="true" />
      <mapping>
        <identity value="rim" />
        <map value="n/a" />
      </mapping>
      <mapping>
        <identity value="rim" />
        <map value="N/A" />
      </mapping>
    </element>
    <element id="Coverage.implicitRules">
      <path value="Coverage.implicitRules" />
      <short value="A set of rules under which this content was created" />
      <definition value="A reference to a set of rules that were followed when the resource was constructed, and which must be understood when processing the content." />
      <comment value="Asserting this rule set restricts the content to be only understood by a limited set of trading partners. This inherently limits the usefulness of the data in the long term. However, the existing health eco-system is highly fractured, and not yet ready to define, collect, and exchange data in a generally computable sense. Wherever possible, implementers and/or specification writers should avoid using this element. &#xA;&#xA;This element is labelled as a modifier because the implicit rules may provide additional knowledge about the resource that modifies it's meaning or interpretation." />
      <min value="0" />
      <max value="1" />
      <base>
        <path value="Resource.implicitRules" />
        <min value="0" />
        <max value="1" />
      </base>
      <type>
        <code value="uri" />
      </type>
      <condition value="ele-1" />
      <constraint>
        <key value="ele-1" />
        <severity value="error" />
        <human value="All FHIR elements must have a @value or children" />
        <expression value="hasValue() | (children().count() &gt; id.count())" />
        <xpath value="@value|f:*|h:div" />
      </constraint>
      <isModifier value="true" />
      <isSummary value="true" />
      <mapping>
        <identity value="rim" />
        <map value="n/a" />
      </mapping>
    </element>
    <element id="Coverage.language">
      <path value="Coverage.language" />
      <short value="Language of the resource content" />
      <definition value="The base language in which the resource is written." />
      <comment value="Language is provided to support indexing and accessibility (typically, services such as text to speech use the language tag). The html language tag in the narrative applies  to the narrative. The language tag on the resource may be used to specify the language of other presentations generated from the data in the resource  Not all the content has to be in the base language. The Resource.language should not be assumed to apply to the narrative automatically. If a language is specified, it should it also be specified on the div element in the html (see rules in HTML5 for information about the relationship between xml:lang and the html lang attribute)." />
      <min value="0" />
      <max value="1" />
      <base>
        <path value="Resource.language" />
        <min value="0" />
        <max value="1" />
      </base>
      <type>
        <code value="code" />
      </type>
      <condition value="ele-1" />
      <constraint>
        <key value="ele-1" />
        <severity value="error" />
        <human value="All FHIR elements must have a @value or children" />
        <expression value="hasValue() | (children().count() &gt; id.count())" />
        <xpath value="@value|f:*|h:div" />
      </constraint>
      <binding>
        <extension url="http://hl7.org/fhir/StructureDefinition/elementdefinition-maxValueSet">
          <valueReference>
            <reference value="http://hl7.org/fhir/ValueSet/all-languages" />
          </valueReference>
        </extension>
        <extension url="http://hl7.org/fhir/StructureDefinition/elementdefinition-bindingName">
          <valueString value="Language" />
        </extension>
        <extension url="http://hl7.org/fhir/StructureDefinition/elementdefinition-isCommonBinding">
          <valueBoolean value="true" />
        </extension>
        <strength value="extensible" />
        <description value="A human language." />
        <valueSetReference>
          <reference value="http://hl7.org/fhir/ValueSet/languages" />
        </valueSetReference>
      </binding>
      <mapping>
        <identity value="rim" />
        <map value="n/a" />
      </mapping>
    </element>
    <element id="Coverage.text">
      <path value="Coverage.text" />
      <short value="Text summary of the resource, for human interpretation" />
      <definition value="A human-readable narrative that contains a summary of the resource, and may be used to represent the content of the resource to a human. The narrative need not encode all the structured data, but is required to contain sufficient detail to make it &quot;clinically safe&quot; for a human to just read the narrative. Resource definitions may define what content should be represented in the narrative to ensure clinical safety." />
      <comment value="Contained resources do not have narrative. Resources that are not contained SHOULD have a narrative. In some cases, a resource may only have text with little or no additional discrete data (as long as all minOccurs=1 elements are satisfied).  This may be necessary for data from legacy systems where information is captured as a &quot;text blob&quot; or where text is additionally entered raw or narrated and encoded in formation is added later." />
      <alias value="narrative" />
      <alias value="html" />
      <alias value="xhtml" />
      <alias value="display" />
      <min value="0" />
      <max value="1" />
      <base>
        <path value="DomainResource.text" />
        <min value="0" />
        <max value="1" />
      </base>
      <type>
        <code value="Narrative" />
      </type>
      <condition value="ele-1" />
      <condition value="dom-1" />
      <constraint>
        <key value="ele-1" />
        <severity value="error" />
        <human value="All FHIR elements must have a @value or children" />
        <expression value="hasValue() | (children().count() &gt; id.count())" />
        <xpath value="@value|f:*|h:div" />
      </constraint>
      <mapping>
        <identity value="rim" />
        <map value="n/a" />
      </mapping>
      <mapping>
        <identity value="rim" />
        <map value="N/A" />
      </mapping>
      <mapping>
        <identity value="rim" />
        <map value="Act.text?" />
      </mapping>
    </element>
    <element id="Coverage.contained">
      <path value="Coverage.contained" />
      <short value="Contained, inline Resources" />
      <definition value="These resources do not have an independent existence apart from the resource that contains them - they cannot be identified independently, and nor can they have their own independent transaction scope." />
      <comment value="This should never be done when the content can be identified properly, as once identification is lost, it is extremely difficult (and context dependent) to restore it again." />
      <alias value="inline resources" />
      <alias value="anonymous resources" />
      <alias value="contained resources" />
      <min value="0" />
      <max value="*" />
      <base>
        <path value="DomainResource.contained" />
        <min value="0" />
        <max value="*" />
      </base>
      <type>
        <code value="Resource" />
      </type>
      <mapping>
        <identity value="rim" />
        <map value="Entity. Role, or Act" />
      </mapping>
      <mapping>
        <identity value="rim" />
        <map value="N/A" />
      </mapping>
    </element>
    <element id="Coverage.extension">
      <path value="Coverage.extension" />
      <slicing>
        <discriminator>
          <type value="value" />
          <path value="url" />
        </discriminator>
        <description value="Extensions are always sliced by (at least) url" />
        <rules value="open" />
      </slicing>
      <short value="Additional Content defined by implementations" />
      <definition value="May be used to represent additional information that is not part of the basic definition of the resource. In order to make the use of extensions safe and manageable, there is a strict set of governance  applied to the definition and use of extensions. Though any implementer is allowed to define an extension, there is a set of requirements that SHALL be met as part of the definition of the extension." />
      <comment value="There can be no stigma associated with the use of extensions by any application, project, or standard - regardless of the institution or jurisdiction that uses or defines the extensions.  The use of extensions is what allows the FHIR specification to retain a core level of simplicity for everyone." />
      <alias value="extensions" />
      <alias value="user content" />
      <min value="0" />
      <max value="*" />
      <base>
        <path value="DomainResource.extension" />
        <min value="0" />
        <max value="*" />
      </base>
      <type>
        <code value="Extension" />
      </type>
      <condition value="ele-1" />
      <constraint>
        <key value="ele-1" />
        <severity value="error" />
        <human value="All FHIR elements must have a @value or children" />
        <expression value="hasValue() | (children().count() &gt; id.count())" />
        <xpath value="@value|f:*|h:div" />
      </constraint>
      <constraint>
        <key value="ext-1" />
        <severity value="error" />
        <human value="Must have either extensions or value[x], not both" />
        <expression value="extension.exists() != value.exists()" />
        <xpath value="exists(f:extension)!=exists(f:*[starts-with(local-name(.), 'value')])" />
      </constraint>
      <mapping>
        <identity value="rim" />
        <map value="n/a" />
      </mapping>
      <mapping>
        <identity value="rim" />
        <map value="N/A" />
      </mapping>
    </element>
    <element id="Coverage.modifierExtension">
      <path value="Coverage.modifierExtension" />
      <slicing>
        <discriminator>
          <type value="value" />
          <path value="url" />
        </discriminator>
        <description value="Extensions are always sliced by (at least) url" />
        <rules value="open" />
      </slicing>
      <short value="Extensions that cannot be ignored" />
      <definition value="May be used to represent additional information that is not part of the basic definition of the resource, and that modifies the understanding of the element that contains it. Usually modifier elements provide negation or qualification. In order to make the use of extensions safe and manageable, there is a strict set of governance applied to the definition and use of extensions. Though any implementer is allowed to define an extension, there is a set of requirements that SHALL be met as part of the definition of the extension. Applications processing a resource are required to check for modifier extensions." />
      <comment value="There can be no stigma associated with the use of extensions by any application, project, or standard - regardless of the institution or jurisdiction that uses or defines the extensions.  The use of extensions is what allows the FHIR specification to retain a core level of simplicity for everyone." />
      <alias value="extensions" />
      <alias value="user content" />
      <min value="0" />
      <max value="*" />
      <base>
        <path value="DomainResource.modifierExtension" />
        <min value="0" />
        <max value="*" />
      </base>
      <type>
        <code value="Extension" />
      </type>
      <condition value="ele-1" />
      <constraint>
        <key value="ele-1" />
        <severity value="error" />
        <human value="All FHIR elements must have a @value or children" />
        <expression value="hasValue() | (children().count() &gt; id.count())" />
        <xpath value="@value|f:*|h:div" />
      </constraint>
      <constraint>
        <key value="ext-1" />
        <severity value="error" />
        <human value="Must have either extensions or value[x], not both" />
        <expression value="extension.exists() != value.exists()" />
        <xpath value="exists(f:extension)!=exists(f:*[starts-with(local-name(.), 'value')])" />
      </constraint>
      <isModifier value="true" />
      <mapping>
        <identity value="rim" />
        <map value="n/a" />
      </mapping>
      <mapping>
        <identity value="rim" />
        <map value="N/A" />
      </mapping>
    </element>
    <element id="Coverage.identifier">
      <path value="Coverage.identifier" />
      <short value="The primary coverage ID" />
      <definition value="The main (and possibly only) identifier for the coverage - often referred to as a Member Id, Certificate number, Personal Health Number or Case ID. May be constructed as the concatination of the Coverage.SubscriberID and the Coverage.dependant." />
      <requirements value="This value may uniquely identify the coverage or it may be used in conjunction with the additional identifiers below." />
      <min value="0" />
      <max value="*" />
      <base>
        <path value="Coverage.identifier" />
        <min value="0" />
        <max value="*" />
      </base>
      <type>
        <code value="Identifier" />
      </type>
      <condition value="ele-1" />
      <constraint>
        <key value="ele-1" />
        <severity value="error" />
        <human value="All FHIR elements must have a @value or children" />
        <expression value="hasValue() | (children().count() &gt; id.count())" />
        <xpath value="@value|f:*|h:div" />
      </constraint>
      <isSummary value="true" />
      <mapping>
        <identity value="rim" />
        <map value="n/a" />
      </mapping>
      <mapping>
        <identity value="v2" />
        <map value="CX / EI (occasionally, more often EI maps to a resource id or a URL)" />
      </mapping>
      <mapping>
        <identity value="rim" />
        <map value="II - see see identifier pattern at http://wiki.hl7.org/index.php?title=Common_Design_Patterns#Identifier_Pattern for relevant discussion. The Identifier class is a little looser than the v3 type II because it allows URIs as well as registered OIDs or GUIDs.  Also maps to Role[classCode=IDENT]" />
      </mapping>
      <mapping>
        <identity value="servd" />
        <map value="Identifier" />
      </mapping>
      <mapping>
        <identity value="workflow" />
        <map value="Event.identifier" />
      </mapping>
      <mapping>
        <identity value="cdanetv4" />
        <map value="C02" />
      </mapping>
      <mapping>
        <identity value="v2" />
        <map value="IN1-2" />
      </mapping>
      <mapping>
        <identity value="cpha3pharm" />
        <map value="C.32, C.33, C.39" />
      </mapping>
      <mapping>
        <identity value="w5" />
        <map value="id" />
      </mapping>
    </element>
    <element id="Coverage.status">
      <path value="Coverage.status" />
      <short value="active | cancelled | draft | entered-in-error" />
      <definition value="The status of the resource instance." />
      <comment value="This element is labeled as a modifier because the status contains the code entered-in-error that marks the coverage as not currently valid." />
      <min value="1" />
      <max value="1" />
      <base>
        <path value="Coverage.status" />
        <min value="0" />
        <max value="1" />
      </base>
      <type>
        <code value="code" />
      </type>
      <condition value="ele-1" />
      <constraint>
        <key value="ele-1" />
        <severity value="error" />
        <human value="All FHIR elements must have a @value or children" />
        <expression value="hasValue() | (children().count() &gt; id.count())" />
        <xpath value="@value|f:*|h:div" />
      </constraint>
      <isModifier value="true" />
      <isSummary value="true" />
      <binding>
        <extension url="http://hl7.org/fhir/StructureDefinition/elementdefinition-bindingName">
          <valueString value="CoverageStatus" />
        </extension>
        <strength value="required" />
        <description value="A code specifying the state of the resource instance." />
        <valueSetReference>
          <reference value="http://hl7.org/fhir/ValueSet/fm-status" />
        </valueSetReference>
      </binding>
      <mapping>
        <identity value="rim" />
        <map value="n/a" />
      </mapping>
      <mapping>
        <identity value="workflow" />
        <map value="Event.status" />
      </mapping>
      <mapping>
        <identity value="w5" />
        <map value="status" />
      </mapping>
    </element>
    <element id="Coverage.type">
      <path value="Coverage.type" />
      <short value="Versicherungsart" />
      <definition value="Art der Versicherung: Selbstzahler, gesetzliche/private Versicherung, Berufsgenossenschaft oder Sozialamt" />
      <comment value="28.07.2017 (zulip): TC Konsens bzgl. Verwendung eines eigenen ValueSets anstelle des im Standrad definierten preferred bindings, da die dort igen Codes nicht passen." />
      <requirements value="The order of application of coverages is dependent on the types of coverage." />
      <min value="0" />
      <max value="1" />
      <base>
        <path value="Coverage.type" />
        <min value="0" />
        <max value="1" />
      </base>
      <type>
        <code value="CodeableConcept" />
      </type>
      <condition value="ele-1" />
      <constraint>
        <key value="ele-1" />
        <severity value="error" />
        <human value="All FHIR elements must have a @value or children" />
        <expression value="hasValue() | (children().count() &gt; id.count())" />
        <xpath value="@value|f:*|h:div" />
      </constraint>
      <isSummary value="true" />
      <binding>
        <extension url="http://hl7.org/fhir/StructureDefinition/elementdefinition-bindingName">
          <valueString value="CoverageType" />
        </extension>
        <strength value="required" />
        <description value="Art der Versicherung: Selbstzahler, gesetzliche/private Versicherung, Berufsgenossenschaft oder Sozialamt" />
        <valueSetUri value="http://fhir.de/ValueSet/versicherungsart-de-basis" />
      </binding>
      <mapping>
        <identity value="rim" />
        <map value="n/a" />
      </mapping>
      <mapping>
        <identity value="v2" />
        <map value="CE/CNE/CWE" />
      </mapping>
      <mapping>
        <identity value="rim" />
        <map value="CD" />
      </mapping>
      <mapping>
        <identity value="orim" />
        <map value="fhir:CodeableConcept rdfs:subClassOf dt:CD" />
      </mapping>
      <mapping>
        <identity value="v2" />
        <map value="IN1-15" />
      </mapping>
      <mapping>
        <identity value="w5" />
        <map value="class" />
      </mapping>
    </element>
    <element id="Coverage.type.id">
      <path value="Coverage.type.id" />
      <representation value="xmlAttr" />
      <short value="xml:id (or equivalent in JSON)" />
      <definition value="unique id for the element within a resource (for internal references). This may be any string value that does not contain spaces." />
      <comment value="Note that FHIR strings may not exceed 1MB in size" />
      <min value="0" />
      <max value="1" />
      <base>
        <path value="Element.id" />
        <min value="0" />
        <max value="1" />
      </base>
      <type>
        <code value="string" />
      </type>
      <condition value="ele-1" />
      <constraint>
        <key value="ele-1" />
        <severity value="error" />
        <human value="All FHIR elements must have a @value or children" />
        <expression value="hasValue() | (children().count() &gt; id.count())" />
        <xpath value="@value|f:*|h:div" />
      </constraint>
      <mapping>
        <identity value="rim" />
        <map value="n/a" />
      </mapping>
    </element>
    <element id="Coverage.type.extension">
      <path value="Coverage.type.extension" />
      <slicing>
        <discriminator>
          <type value="value" />
          <path value="url" />
        </discriminator>
        <description value="Extensions are always sliced by (at least) url" />
        <rules value="open" />
      </slicing>
      <short value="Additional Content defined by implementations" />
      <definition value="May be used to represent additional information that is not part of the basic definition of the element. In order to make the use of extensions safe and manageable, there is a strict set of governance  applied to the definition and use of extensions. Though any implementer is allowed to define an extension, there is a set of requirements that SHALL be met as part of the definition of the extension." />
      <comment value="There can be no stigma associated with the use of extensions by any application, project, or standard - regardless of the institution or jurisdiction that uses or defines the extensions.  The use of extensions is what allows the FHIR specification to retain a core level of simplicity for everyone." />
      <alias value="extensions" />
      <alias value="user content" />
      <min value="0" />
      <max value="*" />
      <base>
        <path value="Element.extension" />
        <min value="0" />
        <max value="*" />
      </base>
      <type>
        <code value="Extension" />
      </type>
      <condition value="ele-1" />
      <constraint>
        <key value="ele-1" />
        <severity value="error" />
        <human value="All FHIR elements must have a @value or children" />
        <expression value="hasValue() | (children().count() &gt; id.count())" />
        <xpath value="@value|f:*|h:div" />
      </constraint>
      <constraint>
        <key value="ext-1" />
        <severity value="error" />
        <human value="Must have either extensions or value[x], not both" />
        <expression value="extension.exists() != value.exists()" />
        <xpath value="exists(f:extension)!=exists(f:*[starts-with(local-name(.), 'value')])" />
      </constraint>
      <mapping>
        <identity value="rim" />
        <map value="n/a" />
      </mapping>
      <mapping>
        <identity value="rim" />
        <map value="N/A" />
      </mapping>
    </element>
    <element id="Coverage.type.coding">
      <path value="Coverage.type.coding" />
      <short value="Code defined by a terminology system" />
      <definition value="A reference to a code defined by a terminology system." />
      <comment value="Codes may be defined very casually in enumerations, or code lists, up to very formal definitions such as SNOMED CT - see the HL7 v3 Core Principles for more information.  Ordering of codings is undefined and SHALL NOT be used to infer meaning. Generally, at most only one of the coding values will be labeled as UserSelected = true." />
      <requirements value="Allows for translations and alternate encodings within a code system.  Also supports communication of the same instance to systems requiring different encodings." />
      <min value="0" />
      <max value="*" />
      <base>
        <path value="CodeableConcept.coding" />
        <min value="0" />
        <max value="*" />
      </base>
      <type>
        <code value="Coding" />
      </type>
      <condition value="ele-1" />
      <constraint>
        <key value="ele-1" />
        <severity value="error" />
        <human value="All FHIR elements must have a @value or children" />
        <expression value="hasValue() | (children().count() &gt; id.count())" />
        <xpath value="@value|f:*|h:div" />
      </constraint>
      <isSummary value="true" />
      <mapping>
        <identity value="rim" />
        <map value="n/a" />
      </mapping>
      <mapping>
        <identity value="v2" />
        <map value="CE/CNE/CWE subset one of the sets of component 1-3 or 4-6" />
      </mapping>
      <mapping>
        <identity value="rim" />
        <map value="CV" />
      </mapping>
      <mapping>
        <identity value="orim" />
        <map value="fhir:Coding rdfs:subClassOf dt:CDCoding" />
      </mapping>
      <mapping>
        <identity value="v2" />
        <map value="C*E.1-8, C*E.10-22" />
      </mapping>
      <mapping>
        <identity value="rim" />
        <map value="union(., ./translation)" />
      </mapping>
      <mapping>
        <identity value="orim" />
        <map value="fhir:CodeableConcept.coding rdfs:subPropertyOf dt:CD.coding" />
      </mapping>
    </element>
    <element id="Coverage.type.coding.id">
      <path value="Coverage.type.coding.id" />
      <representation value="xmlAttr" />
      <short value="xml:id (or equivalent in JSON)" />
      <definition value="unique id for the element within a resource (for internal references). This may be any string value that does not contain spaces." />
      <comment value="Note that FHIR strings may not exceed 1MB in size" />
      <min value="0" />
      <max value="1" />
      <base>
        <path value="Element.id" />
        <min value="0" />
        <max value="1" />
      </base>
      <type>
        <code value="string" />
      </type>
      <condition value="ele-1" />
      <constraint>
        <key value="ele-1" />
        <severity value="error" />
        <human value="All FHIR elements must have a @value or children" />
        <expression value="hasValue() | (children().count() &gt; id.count())" />
        <xpath value="@value|f:*|h:div" />
      </constraint>
      <mapping>
        <identity value="rim" />
        <map value="n/a" />
      </mapping>
    </element>
    <element id="Coverage.type.coding.extension">
      <path value="Coverage.type.coding.extension" />
      <slicing>
        <discriminator>
          <type value="value" />
          <path value="url" />
        </discriminator>
        <description value="Extensions are always sliced by (at least) url" />
        <rules value="open" />
      </slicing>
      <short value="Additional Content defined by implementations" />
      <definition value="May be used to represent additional information that is not part of the basic definition of the element. In order to make the use of extensions safe and manageable, there is a strict set of governance  applied to the definition and use of extensions. Though any implementer is allowed to define an extension, there is a set of requirements that SHALL be met as part of the definition of the extension." />
      <comment value="There can be no stigma associated with the use of extensions by any application, project, or standard - regardless of the institution or jurisdiction that uses or defines the extensions.  The use of extensions is what allows the FHIR specification to retain a core level of simplicity for everyone." />
      <alias value="extensions" />
      <alias value="user content" />
      <min value="0" />
      <max value="*" />
      <base>
        <path value="Element.extension" />
        <min value="0" />
        <max value="*" />
      </base>
      <type>
        <code value="Extension" />
      </type>
      <condition value="ele-1" />
      <constraint>
        <key value="ele-1" />
        <severity value="error" />
        <human value="All FHIR elements must have a @value or children" />
        <expression value="hasValue() | (children().count() &gt; id.count())" />
        <xpath value="@value|f:*|h:div" />
      </constraint>
      <constraint>
        <key value="ext-1" />
        <severity value="error" />
        <human value="Must have either extensions or value[x], not both" />
        <expression value="extension.exists() != value.exists()" />
        <xpath value="exists(f:extension)!=exists(f:*[starts-with(local-name(.), 'value')])" />
      </constraint>
      <mapping>
        <identity value="rim" />
        <map value="n/a" />
      </mapping>
      <mapping>
        <identity value="rim" />
        <map value="N/A" />
      </mapping>
    </element>
    <element id="Coverage.type.coding.system">
      <path value="Coverage.type.coding.system" />
      <short value="Identity of the terminology system" />
      <definition value="The identification of the code system that defines the meaning of the symbol in the code." />
      <comment value="The URI may be an OID (urn:oid:...) or a UUID (urn:uuid:...).  OIDs and UUIDs SHALL be references to the HL7 OID registry. Otherwise, the URI should come from HL7's list of FHIR defined special URIs or it should de-reference to some definition that establish the system clearly and unambiguously." />
      <requirements value="Need to be unambiguous about the source of the definition of the symbol." />
      <min value="0" />
      <max value="1" />
      <base>
        <path value="Coding.system" />
        <min value="0" />
        <max value="1" />
      </base>
      <type>
        <code value="uri" />
      </type>
      <fixedUri value="http://fhir.de/CodeSystem/versicherungsart-de-basis" />
      <condition value="ele-1" />
      <constraint>
        <key value="ele-1" />
        <severity value="error" />
        <human value="All FHIR elements must have a @value or children" />
        <expression value="hasValue() | (children().count() &gt; id.count())" />
        <xpath value="@value|f:*|h:div" />
      </constraint>
      <isSummary value="true" />
      <mapping>
        <identity value="rim" />
        <map value="n/a" />
      </mapping>
      <mapping>
        <identity value="v2" />
        <map value="C*E.3" />
      </mapping>
      <mapping>
        <identity value="rim" />
        <map value="./codeSystem" />
      </mapping>
      <mapping>
        <identity value="orim" />
        <map value="fhir:Coding.system rdfs:subPropertyOf dt:CDCoding.codeSystem" />
      </mapping>
    </element>
    <element id="Coverage.type.coding.version">
      <path value="Coverage.type.coding.version" />
      <short value="Version of the system - if relevant" />
      <definition value="The version of the code system which was used when choosing this code. Note that a well-maintained code system does not need the version reported, because the meaning of codes is consistent across versions. However this cannot consistently be assured. and when the meaning is not guaranteed to be consistent, the version SHOULD be exchanged." />
      <comment value="Where the terminology does not clearly define what string should be used to identify code system versions, the recommendation is to use the date (expressed in FHIR date format) on which that version was officially published as the version date." />
      <min value="0" />
      <max value="1" />
      <base>
        <path value="Coding.version" />
        <min value="0" />
        <max value="1" />
      </base>
      <type>
        <code value="string" />
      </type>
      <condition value="ele-1" />
      <constraint>
        <key value="ele-1" />
        <severity value="error" />
        <human value="All FHIR elements must have a @value or children" />
        <expression value="hasValue() | (children().count() &gt; id.count())" />
        <xpath value="@value|f:*|h:div" />
      </constraint>
      <isSummary value="true" />
      <mapping>
        <identity value="rim" />
        <map value="n/a" />
      </mapping>
      <mapping>
        <identity value="v2" />
        <map value="C*E.7" />
      </mapping>
      <mapping>
        <identity value="rim" />
        <map value="./codeSystemVersion" />
      </mapping>
      <mapping>
        <identity value="orim" />
        <map value="fhir:Coding.version rdfs:subPropertyOf dt:CDCoding.codeSystemVersion" />
      </mapping>
    </element>
    <element id="Coverage.type.coding.code">
      <path value="Coverage.type.coding.code" />
      <short value="Symbol in syntax defined by the system" />
      <definition value="A symbol in syntax defined by the system. The symbol may be a predefined code or an expression in a syntax defined by the coding system (e.g. post-coordination)." />
      <comment value="Note that FHIR strings may not exceed 1MB in size" />
      <requirements value="Need to refer to a particular code in the system." />
      <min value="0" />
      <max value="1" />
      <base>
        <path value="Coding.code" />
        <min value="0" />
        <max value="1" />
      </base>
      <type>
        <code value="code" />
      </type>
      <fixedCode value="SEL" />
      <condition value="ele-1" />
      <constraint>
        <key value="ele-1" />
        <severity value="error" />
        <human value="All FHIR elements must have a @value or children" />
        <expression value="hasValue() | (children().count() &gt; id.count())" />
        <xpath value="@value|f:*|h:div" />
      </constraint>
      <isSummary value="true" />
      <mapping>
        <identity value="rim" />
        <map value="n/a" />
      </mapping>
      <mapping>
        <identity value="v2" />
        <map value="C*E.1" />
      </mapping>
      <mapping>
        <identity value="rim" />
        <map value="./code" />
      </mapping>
      <mapping>
        <identity value="orim" />
        <map value="fhir:Coding.code rdfs:subPropertyOf dt:CDCoding.code" />
      </mapping>
    </element>
    <element id="Coverage.type.coding.display">
      <extension url="http://hl7.org/fhir/StructureDefinition/elementdefinition-translatable">
        <valueBoolean value="true" />
      </extension>
      <path value="Coverage.type.coding.display" />
      <short value="Representation defined by the system" />
      <definition value="A representation of the meaning of the code in the system, following the rules of the system." />
      <comment value="Note that FHIR strings may not exceed 1MB in size" />
      <requirements value="Need to be able to carry a human-readable meaning of the code for readers that do not know  the system." />
      <min value="0" />
      <max value="1" />
      <base>
        <path value="Coding.display" />
        <min value="0" />
        <max value="1" />
      </base>
      <type>
        <code value="string" />
      </type>
      <condition value="ele-1" />
      <constraint>
        <key value="ele-1" />
        <severity value="error" />
        <human value="All FHIR elements must have a @value or children" />
        <expression value="hasValue() | (children().count() &gt; id.count())" />
        <xpath value="@value|f:*|h:div" />
      </constraint>
      <isSummary value="true" />
      <mapping>
        <identity value="rim" />
        <map value="n/a" />
      </mapping>
      <mapping>
        <identity value="v2" />
        <map value="C*E.2 - but note this is not well followed" />
      </mapping>
      <mapping>
        <identity value="rim" />
        <map value="CV.displayName" />
      </mapping>
      <mapping>
        <identity value="orim" />
        <map value="fhir:Coding.display rdfs:subPropertyOf dt:CDCoding.displayName" />
      </mapping>
    </element>
    <element id="Coverage.type.coding.userSelected">
      <path value="Coverage.type.coding.userSelected" />
      <short value="If this coding was chosen directly by the user" />
      <definition value="Indicates that this coding was chosen by a user directly - i.e. off a pick list of available items (codes or displays)." />
      <comment value="Amongst a set of alternatives, a directly chosen code is the most appropriate starting point for new translations. There is some ambiguity about what exactly 'directly chosen' implies, and trading partner agreement may be needed to clarify the use of this element and its consequences more completely." />
      <requirements value="This has been identified as a clinical safety criterium - that this exact system/code pair was chosen explicitly, rather than inferred by the system based on some rules or language processing." />
      <min value="0" />
      <max value="1" />
      <base>
        <path value="Coding.userSelected" />
        <min value="0" />
        <max value="1" />
      </base>
      <type>
        <code value="boolean" />
      </type>
      <condition value="ele-1" />
      <constraint>
        <key value="ele-1" />
        <severity value="error" />
        <human value="All FHIR elements must have a @value or children" />
        <expression value="hasValue() | (children().count() &gt; id.count())" />
        <xpath value="@value|f:*|h:div" />
      </constraint>
      <isSummary value="true" />
      <mapping>
        <identity value="rim" />
        <map value="n/a" />
      </mapping>
      <mapping>
        <identity value="v2" />
        <map value="Sometimes implied by being first" />
      </mapping>
      <mapping>
        <identity value="rim" />
        <map value="CD.codingRationale" />
      </mapping>
      <mapping>
        <identity value="orim" />
        <map value="fhir:Coding.userSelected fhir:mapsTo dt:CDCoding.codingRationale. fhir:Coding.userSelected fhir:hasMap fhir:Coding.userSelected.map. fhir:Coding.userSelected.map a fhir:Map;   fhir:target dt:CDCoding.codingRationale. fhir:Coding.userSelected\#true a [     fhir:source &quot;true&quot;;     fhir:target dt:CDCoding.codingRationale\#O   ]" />
      </mapping>
    </element>
    <element id="Coverage.type.text">
      <extension url="http://hl7.org/fhir/StructureDefinition/elementdefinition-translatable">
        <valueBoolean value="true" />
      </extension>
      <path value="Coverage.type.text" />
      <short value="Plain text representation of the concept" />
      <definition value="A human language representation of the concept as seen/selected/uttered by the user who entered the data and/or which represents the intended meaning of the user." />
      <comment value="Very often the text is the same as a displayName of one of the codings." />
      <requirements value="The codes from the terminologies do not always capture the correct meaning with all the nuances of the human using them, or sometimes there is no appropriate code at all. In these cases, the text is used to capture the full meaning of the source." />
      <min value="0" />
      <max value="1" />
      <base>
        <path value="CodeableConcept.text" />
        <min value="0" />
        <max value="1" />
      </base>
      <type>
        <code value="string" />
      </type>
      <condition value="ele-1" />
      <constraint>
        <key value="ele-1" />
        <severity value="error" />
        <human value="All FHIR elements must have a @value or children" />
        <expression value="hasValue() | (children().count() &gt; id.count())" />
        <xpath value="@value|f:*|h:div" />
      </constraint>
      <isSummary value="true" />
      <mapping>
        <identity value="rim" />
        <map value="n/a" />
      </mapping>
      <mapping>
        <identity value="v2" />
        <map value="C*E.9. But note many systems use C*E.2 for this" />
      </mapping>
      <mapping>
        <identity value="rim" />
        <map value="./originalText[mediaType/code=&quot;text/plain&quot;]/data" />
      </mapping>
      <mapping>
        <identity value="orim" />
        <map value="fhir:CodeableConcept.text rdfs:subPropertyOf dt:CD.originalText" />
      </mapping>
    </element>
    <element id="Coverage.policyHolder">
      <path value="Coverage.policyHolder" />
      <short value="Owner of the policy" />
      <definition value="The party who 'owns' the insurance policy,  may be an individual, corporation or the subscriber's employer." />
      <comment value="Es gibt derzeit in DE keine Verwendung für dieses Attribut&#xD;&#xA;(Konsens Interop-Forum 12.6.2017)&#xD;&#xA;Falls es UseCases gibt, die dieses Attribut benötigen, bitte Info auf chat.fhir.org" />
      <min value="0" />
      <max value="0" />
      <base>
        <path value="Coverage.policyHolder" />
        <min value="0" />
        <max value="1" />
      </base>
      <type>
        <code value="Reference" />
        <targetProfile value="http://hl7.org/fhir/StructureDefinition/Patient" />
      </type>
      <type>
        <code value="Reference" />
        <targetProfile value="http://hl7.org/fhir/StructureDefinition/RelatedPerson" />
      </type>
      <type>
        <code value="Reference" />
        <targetProfile value="http://hl7.org/fhir/StructureDefinition/Organization" />
      </type>
      <condition value="ele-1" />
      <constraint>
        <key value="ele-1" />
        <severity value="error" />
        <human value="All FHIR elements must have a @value or children" />
        <expression value="hasValue() | (children().count() &gt; id.count())" />
        <xpath value="@value|f:*|h:div" />
      </constraint>
      <constraint>
        <key value="ref-1" />
        <severity value="error" />
        <human value="SHALL have a contained resource if a local reference is provided" />
        <expression value="reference.startsWith('#').not() or (reference.substring(1).trace('url') in %resource.contained.id.trace('ids'))" />
        <xpath value="not(starts-with(f:reference/@value, '#')) or exists(ancestor::*[self::f:entry or self::f:parameter]/f:resource/f:*/f:contained/f:*[f:id/@value=substring-after(current()/f:reference/@value, '#')]|/*/f:contained/f:*[f:id/@value=substring-after(current()/f:reference/@value, '#')])" />
      </constraint>
      <isSummary value="true" />
      <mapping>
        <identity value="rim" />
        <map value="n/a" />
      </mapping>
      <mapping>
        <identity value="rim" />
        <map value="The target of a resource reference is a RIM entry point (Act, Role, or Entity)" />
      </mapping>
      <mapping>
        <identity value="cdanetv4" />
        <map value="D01 through D09" />
      </mapping>
      <mapping>
        <identity value="v2" />
        <map value="IN1-16, 18,  19-name of insured, address, date of birth" />
      </mapping>
      <mapping>
        <identity value="cpha3pharm" />
        <map value="C.35" />
      </mapping>
      <mapping>
        <identity value="w5" />
        <map value="who.focus" />
      </mapping>
    </element>
    <element id="Coverage.subscriber">
      <path value="Coverage.subscriber" />
      <short value="Unterzeichner der Kostenübernahme" />
      <definition value="Person, die dies Kostenübernahme zusichert (entweder der Patient selbst oder eine andere Person, z.B. ein Elternteil)" />
      <comment value="References SHALL be a reference to an actual FHIR resource, and SHALL be resolveable (allowing for access control, temporary unavailability, etc). Resolution can be either by retrieval from the URL, or, where applicable by resource type, by treating an absolute reference as a canonical URL and looking it up in a local registry/repository." />
      <min value="0" />
      <max value="1" />
      <base>
        <path value="Coverage.subscriber" />
        <min value="0" />
        <max value="1" />
      </base>
      <type>
        <code value="Reference" />
        <targetProfile value="http://hl7.org/fhir/StructureDefinition/RelatedPerson" />
      </type>
      <type>
        <code value="Reference" />
        <targetProfile value="http://fhir.de/StructureDefinition/patient-de-basis/0.2" />
      </type>
      <condition value="ele-1" />
      <constraint>
        <key value="ele-1" />
        <severity value="error" />
        <human value="All FHIR elements must have a @value or children" />
        <expression value="hasValue() | (children().count() &gt; id.count())" />
        <xpath value="@value|f:*|h:div" />
      </constraint>
      <constraint>
        <key value="ref-1" />
        <severity value="error" />
        <human value="SHALL have a contained resource if a local reference is provided" />
        <expression value="reference.startsWith('#').not() or (reference.substring(1).trace('url') in %resource.contained.id.trace('ids'))" />
        <xpath value="not(starts-with(f:reference/@value, '#')) or exists(ancestor::*[self::f:entry or self::f:parameter]/f:resource/f:*/f:contained/f:*[f:id/@value=substring-after(current()/f:reference/@value, '#')]|/*/f:contained/f:*[f:id/@value=substring-after(current()/f:reference/@value, '#')])" />
      </constraint>
      <isSummary value="true" />
      <mapping>
        <identity value="rim" />
        <map value="n/a" />
      </mapping>
      <mapping>
        <identity value="rim" />
        <map value="The target of a resource reference is a RIM entry point (Act, Role, or Entity)" />
      </mapping>
      <mapping>
        <identity value="cdanetv4" />
        <map value="D01 through D09" />
      </mapping>
      <mapping>
        <identity value="v2" />
        <map value="IN1-16, 18,  19-name of insured, address, date of birth" />
      </mapping>
      <mapping>
        <identity value="cpha3pharm" />
        <map value="C.35" />
      </mapping>
      <mapping>
        <identity value="w5" />
        <map value="who.focus" />
      </mapping>
    </element>
    <element id="Coverage.subscriberId">
      <path value="Coverage.subscriberId" />
      <short value="ID assigned to the Subscriber" />
      <definition value="The insurer assigned ID for the Subscriber." />
      <comment value="Note that FHIR strings may not exceed 1MB in size" />
      <min value="0" />
      <max value="0" />
      <base>
        <path value="Coverage.subscriberId" />
        <min value="0" />
        <max value="1" />
      </base>
      <type>
        <code value="string" />
      </type>
      <condition value="ele-1" />
      <constraint>
        <key value="ele-1" />
        <severity value="error" />
        <human value="All FHIR elements must have a @value or children" />
        <expression value="hasValue() | (children().count() &gt; id.count())" />
        <xpath value="@value|f:*|h:div" />
      </constraint>
      <isSummary value="true" />
      <mapping>
        <identity value="rim" />
        <map value="n/a" />
      </mapping>
      <mapping>
        <identity value="cdanetv4" />
        <map value="D01 through D09" />
      </mapping>
      <mapping>
        <identity value="v2" />
        <map value="IN1-16, 18,  19-name of insured, address, date of birth" />
      </mapping>
      <mapping>
        <identity value="cpha3pharm" />
        <map value="C.35" />
      </mapping>
      <mapping>
        <identity value="w5" />
        <map value="who.focus" />
      </mapping>
    </element>
    <element id="Coverage.beneficiary">
      <path value="Coverage.beneficiary" />
      <short value="Begünstigte Person" />
      <definition value="Person, auf die sich die Kostenübernahme bezieht (der Patient)" />
      <comment value="References SHALL be a reference to an actual FHIR resource, and SHALL be resolveable (allowing for access control, temporary unavailability, etc). Resolution can be either by retrieval from the URL, or, where applicable by resource type, by treating an absolute reference as a canonical URL and looking it up in a local registry/repository." />
      <min value="1" />
      <max value="1" />
      <base>
        <path value="Coverage.beneficiary" />
        <min value="0" />
        <max value="1" />
      </base>
      <type>
        <code value="Reference" />
        <targetProfile value="http://fhir.de/StructureDefinition/patient-de-basis/0.2" />
      </type>
      <condition value="ele-1" />
      <constraint>
        <key value="ele-1" />
        <severity value="error" />
        <human value="All FHIR elements must have a @value or children" />
        <expression value="hasValue() | (children().count() &gt; id.count())" />
        <xpath value="@value|f:*|h:div" />
      </constraint>
      <constraint>
        <key value="ref-1" />
        <severity value="error" />
        <human value="SHALL have a contained resource if a local reference is provided" />
        <expression value="reference.startsWith('#').not() or (reference.substring(1).trace('url') in %resource.contained.id.trace('ids'))" />
        <xpath value="not(starts-with(f:reference/@value, '#')) or exists(ancestor::*[self::f:entry or self::f:parameter]/f:resource/f:*/f:contained/f:*[f:id/@value=substring-after(current()/f:reference/@value, '#')]|/*/f:contained/f:*[f:id/@value=substring-after(current()/f:reference/@value, '#')])" />
      </constraint>
      <isSummary value="true" />
      <mapping>
        <identity value="rim" />
        <map value="n/a" />
      </mapping>
      <mapping>
        <identity value="rim" />
        <map value="The target of a resource reference is a RIM entry point (Act, Role, or Entity)" />
      </mapping>
      <mapping>
        <identity value="workflow" />
        <map value="Event.subject" />
      </mapping>
      <mapping>
        <identity value="cdanetv4" />
        <map value="D01 through D09" />
      </mapping>
      <mapping>
        <identity value="v2" />
        <map value="IN1-16, 18,  19-name of insured, address, date of birth" />
      </mapping>
      <mapping>
        <identity value="cpha3pharm" />
        <map value="C.35" />
      </mapping>
      <mapping>
        <identity value="w5" />
        <map value="who.focus" />
      </mapping>
    </element>
    <element id="Coverage.relationship">
      <path value="Coverage.relationship" />
      <short value="Beneficiary relationship to the Subscriber" />
      <definition value="The relationship of beneficiary (patient) to the subscriber." />
      <comment value="Not all terminology uses fit this general pattern. In some cases, models should not use CodeableConcept and use Coding directly and provide their own structure for managing text, codings, translations and the relationship between elements and pre- and post-coordination." />
      <requirements value="To determine relationship between the patient and the subscriber." />
      <min value="0" />
      <max value="1" />
      <base>
        <path value="Coverage.relationship" />
        <min value="0" />
        <max value="1" />
      </base>
      <type>
        <code value="CodeableConcept" />
      </type>
      <condition value="ele-1" />
      <constraint>
        <key value="ele-1" />
        <severity value="error" />
        <human value="All FHIR elements must have a @value or children" />
        <expression value="hasValue() | (children().count() &gt; id.count())" />
        <xpath value="@value|f:*|h:div" />
      </constraint>
      <binding>
        <extension url="http://hl7.org/fhir/StructureDefinition/elementdefinition-bindingName">
          <valueString value="Relationship" />
        </extension>
        <strength value="example" />
        <description value="The relationship between the Policyholder and the Beneficiary (insured/covered party/patient)." />
        <valueSetReference>
          <reference value="http://hl7.org/fhir/ValueSet/policyholder-relationship" />
        </valueSetReference>
      </binding>
      <mapping>
        <identity value="rim" />
        <map value="n/a" />
      </mapping>
      <mapping>
        <identity value="v2" />
        <map value="CE/CNE/CWE" />
      </mapping>
      <mapping>
        <identity value="rim" />
        <map value="CD" />
      </mapping>
      <mapping>
        <identity value="orim" />
        <map value="fhir:CodeableConcept rdfs:subClassOf dt:CD" />
      </mapping>
      <mapping>
        <identity value="cdanetv4" />
        <map value="C03" />
      </mapping>
    </element>
    <element id="Coverage.period">
      <path value="Coverage.period" />
      <short value="Coverage start and end dates" />
      <definition value="Time period during which the coverage is in force. A missing start date indicates the start date isn't known, a missing end date means the coverage is continuing to be in force." />
      <comment value="This is not a duration - that's a measure of time (a separate type), but a duration that occurs at a fixed value of time. A Period specifies a range of time; the context of use will specify whether the entire range applies (e.g. &quot;the patient was an inpatient of the hospital for this time range&quot;) or one value from the range applies (e.g. &quot;give to the patient between these two times&quot;). If duration is required, specify the type as Interval|Duration." />
      <min value="0" />
      <max value="1" />
      <base>
        <path value="Coverage.period" />
        <min value="0" />
        <max value="1" />
      </base>
      <type>
        <code value="Period" />
      </type>
      <condition value="ele-1" />
      <constraint>
        <key value="ele-1" />
        <severity value="error" />
        <human value="All FHIR elements must have a @value or children" />
        <expression value="hasValue() | (children().count() &gt; id.count())" />
        <xpath value="@value|f:*|h:div" />
      </constraint>
      <constraint>
        <key value="per-1" />
        <severity value="error" />
        <human value="If present, start SHALL have a lower value than end" />
        <expression value="start.empty() or end.empty() or (start &lt;= end)" />
        <xpath value="not(exists(f:start)) or not(exists(f:end)) or (f:start/@value &lt;= f:end/@value)" />
      </constraint>
      <isSummary value="true" />
      <mapping>
        <identity value="rim" />
        <map value="n/a" />
      </mapping>
      <mapping>
        <identity value="v2" />
        <map value="DR" />
      </mapping>
      <mapping>
        <identity value="rim" />
        <map value="IVL&lt;TS&gt;[lowClosed=&quot;true&quot; and highClosed=&quot;true&quot;] or URG&lt;TS&gt;[lowClosed=&quot;true&quot; and highClosed=&quot;true&quot;]" />
      </mapping>
      <mapping>
        <identity value="workflow" />
        <map value="Event.occurrence" />
      </mapping>
      <mapping>
        <identity value="v2" />
        <map value="IN1-12 / IN1-13" />
      </mapping>
      <mapping>
        <identity value="w5" />
        <map value="when.done" />
      </mapping>
    </element>
    <element id="Coverage.payor">
      <path value="Coverage.payor" />
      <short value="Kostenübernehmer" />
      <definition value="Person, die die Kosten übernimmt (beim Selbstzahlerverhältnis i.d.R. identisch mit subscriber) &#xD;&#xA;Sonderfall: Die Kostenübernahme wird von einer Person (subscriber) erklärt, die Übernahme erfolgt jedoch durch eine Organisation" />
      <comment value="References SHALL be a reference to an actual FHIR resource, and SHALL be resolveable (allowing for access control, temporary unavailability, etc). Resolution can be either by retrieval from the URL, or, where applicable by resource type, by treating an absolute reference as a canonical URL and looking it up in a local registry/repository." />
      <requirements value="Need to identify the issuer to target for processing and for coordination of benefit processing." />
      <min value="1" />
      <max value="*" />
      <base>
        <path value="Coverage.payor" />
        <min value="0" />
        <max value="*" />
      </base>
      <type>
        <code value="Reference" />
        <targetProfile value="http://fhir.de/StructureDefinition/organization-de-basis/0.2" />
      </type>
      <type>
        <code value="Reference" />
        <targetProfile value="http://hl7.org/fhir/StructureDefinition/RelatedPerson" />
      </type>
      <type>
        <code value="Reference" />
        <targetProfile value="http://fhir.de/StructureDefinition/patient-de-basis/0.2" />
      </type>
      <condition value="ele-1" />
      <constraint>
        <key value="ele-1" />
        <severity value="error" />
        <human value="All FHIR elements must have a @value or children" />
        <expression value="hasValue() | (children().count() &gt; id.count())" />
        <xpath value="@value|f:*|h:div" />
      </constraint>
      <constraint>
        <key value="ref-1" />
        <severity value="error" />
        <human value="SHALL have a contained resource if a local reference is provided" />
        <expression value="reference.startsWith('#').not() or (reference.substring(1).trace('url') in %resource.contained.id.trace('ids'))" />
        <xpath value="not(starts-with(f:reference/@value, '#')) or exists(ancestor::*[self::f:entry or self::f:parameter]/f:resource/f:*/f:contained/f:*[f:id/@value=substring-after(current()/f:reference/@value, '#')]|/*/f:contained/f:*[f:id/@value=substring-after(current()/f:reference/@value, '#')])" />
      </constraint>
      <isSummary value="true" />
      <mapping>
        <identity value="rim" />
        <map value="n/a" />
      </mapping>
      <mapping>
        <identity value="rim" />
        <map value="The target of a resource reference is a RIM entry point (Act, Role, or Entity)" />
      </mapping>
      <mapping>
        <identity value="cdanetv4" />
        <map value="A05" />
      </mapping>
      <mapping>
        <identity value="v2" />
        <map value="IN1-3" />
      </mapping>
      <mapping>
        <identity value="cpha3pharm" />
        <map value="C.30" />
      </mapping>
      <mapping>
        <identity value="w5" />
        <map value="who.author" />
      </mapping>
    </element>
    <element id="Coverage.grouping">
      <extension url="http://hl7.org/fhir/StructureDefinition/structuredefinition-explicit-type-name">
        <valueString value="Group" />
      </extension>
      <path value="Coverage.grouping" />
      <short value="Additional coverage classifications" />
      <definition value="A suite of underwrite specific classifiers, for example may be used to identify a class of coverage or employer group, Policy, Plan." />
      <comment value="Es gibt derzeit in DE keine Verwendung für dieses Attribut&#xD;&#xA;(Konsens Interop-Forum 12.6.2017)&#xD;&#xA;Falls es UseCases gibt, die dieses Attribut benötigen, bitte Info auf chat.fhir.org" />
      <min value="0" />
      <max value="0" />
      <base>
        <path value="Coverage.grouping" />
        <min value="0" />
        <max value="1" />
      </base>
      <type>
        <code value="BackboneElement" />
      </type>
      <condition value="ele-1" />
      <constraint>
        <key value="ele-1" />
        <severity value="error" />
        <human value="All FHIR elements must have a @value or children" />
        <expression value="hasValue() | (children().count() &gt; id.count())" />
        <xpath value="@value|f:*|h:div" />
      </constraint>
      <mapping>
        <identity value="rim" />
        <map value="n/a" />
      </mapping>
    </element>
    <element id="Coverage.grouping.id">
      <path value="Coverage.grouping.id" />
      <representation value="xmlAttr" />
      <short value="xml:id (or equivalent in JSON)" />
      <definition value="unique id for the element within a resource (for internal references). This may be any string value that does not contain spaces." />
      <comment value="Note that FHIR strings may not exceed 1MB in size" />
      <min value="0" />
      <max value="1" />
      <base>
        <path value="Element.id" />
        <min value="0" />
        <max value="1" />
      </base>
      <type>
        <code value="string" />
      </type>
      <condition value="ele-1" />
      <constraint>
        <key value="ele-1" />
        <severity value="error" />
        <human value="All FHIR elements must have a @value or children" />
        <expression value="hasValue() | (children().count() &gt; id.count())" />
        <xpath value="@value|f:*|h:div" />
      </constraint>
      <mapping>
        <identity value="rim" />
        <map value="n/a" />
      </mapping>
    </element>
    <element id="Coverage.grouping.extension">
      <path value="Coverage.grouping.extension" />
      <slicing>
        <discriminator>
          <type value="value" />
          <path value="url" />
        </discriminator>
        <description value="Extensions are always sliced by (at least) url" />
        <rules value="open" />
      </slicing>
      <short value="Additional Content defined by implementations" />
      <definition value="May be used to represent additional information that is not part of the basic definition of the element. In order to make the use of extensions safe and manageable, there is a strict set of governance  applied to the definition and use of extensions. Though any implementer is allowed to define an extension, there is a set of requirements that SHALL be met as part of the definition of the extension." />
      <comment value="There can be no stigma associated with the use of extensions by any application, project, or standard - regardless of the institution or jurisdiction that uses or defines the extensions.  The use of extensions is what allows the FHIR specification to retain a core level of simplicity for everyone." />
      <alias value="extensions" />
      <alias value="user content" />
      <min value="0" />
      <max value="*" />
      <base>
        <path value="Element.extension" />
        <min value="0" />
        <max value="*" />
      </base>
      <type>
        <code value="Extension" />
      </type>
      <condition value="ele-1" />
      <constraint>
        <key value="ele-1" />
        <severity value="error" />
        <human value="All FHIR elements must have a @value or children" />
        <expression value="hasValue() | (children().count() &gt; id.count())" />
        <xpath value="@value|f:*|h:div" />
      </constraint>
      <constraint>
        <key value="ext-1" />
        <severity value="error" />
        <human value="Must have either extensions or value[x], not both" />
        <expression value="extension.exists() != value.exists()" />
        <xpath value="exists(f:extension)!=exists(f:*[starts-with(local-name(.), 'value')])" />
      </constraint>
      <mapping>
        <identity value="rim" />
        <map value="n/a" />
      </mapping>
      <mapping>
        <identity value="rim" />
        <map value="N/A" />
      </mapping>
    </element>
    <element id="Coverage.grouping.modifierExtension">
      <path value="Coverage.grouping.modifierExtension" />
      <short value="Extensions that cannot be ignored" />
      <definition value="May be used to represent additional information that is not part of the basic definition of the element, and that modifies the understanding of the element that contains it. Usually modifier elements provide negation or qualification. In order to make the use of extensions safe and manageable, there is a strict set of governance applied to the definition and use of extensions. Though any implementer is allowed to define an extension, there is a set of requirements that SHALL be met as part of the definition of the extension. Applications processing a resource are required to check for modifier extensions." />
      <comment value="There can be no stigma associated with the use of extensions by any application, project, or standard - regardless of the institution or jurisdiction that uses or defines the extensions.  The use of extensions is what allows the FHIR specification to retain a core level of simplicity for everyone." />
      <alias value="extensions" />
      <alias value="user content" />
      <alias value="modifiers" />
      <min value="0" />
      <max value="*" />
      <base>
        <path value="BackboneElement.modifierExtension" />
        <min value="0" />
        <max value="*" />
      </base>
      <type>
        <code value="Extension" />
      </type>
      <condition value="ele-1" />
      <constraint>
        <key value="ele-1" />
        <severity value="error" />
        <human value="All FHIR elements must have a @value or children" />
        <expression value="hasValue() | (children().count() &gt; id.count())" />
        <xpath value="@value|f:*|h:div" />
      </constraint>
      <constraint>
        <key value="ext-1" />
        <severity value="error" />
        <human value="Must have either extensions or value[x], not both" />
        <expression value="extension.exists() != value.exists()" />
        <xpath value="exists(f:extension)!=exists(f:*[starts-with(local-name(.), 'value')])" />
      </constraint>
      <isModifier value="true" />
      <isSummary value="true" />
      <mapping>
        <identity value="rim" />
        <map value="n/a" />
      </mapping>
      <mapping>
        <identity value="rim" />
        <map value="N/A" />
      </mapping>
    </element>
    <element id="Coverage.grouping.group">
      <path value="Coverage.grouping.group" />
      <short value="An identifier for the group" />
      <definition value="Identifies a style or collective of coverage issued by the underwriter, for example may be used to identify an employer group. May also be referred to as a Policy or Group ID." />
      <comment value="Note that FHIR strings may not exceed 1MB in size" />
      <min value="0" />
      <max value="1" />
      <base>
        <path value="Coverage.grouping.group" />
        <min value="0" />
        <max value="1" />
      </base>
      <type>
        <code value="string" />
      </type>
      <condition value="ele-1" />
      <constraint>
        <key value="ele-1" />
        <severity value="error" />
        <human value="All FHIR elements must have a @value or children" />
        <expression value="hasValue() | (children().count() &gt; id.count())" />
        <xpath value="@value|f:*|h:div" />
      </constraint>
      <isSummary value="true" />
      <mapping>
        <identity value="rim" />
        <map value="n/a" />
      </mapping>
      <mapping>
        <identity value="cdanetv4" />
        <map value="C11 (Division,Section)" />
      </mapping>
      <mapping>
        <identity value="v2" />
        <map value="IN1-8" />
      </mapping>
      <mapping>
        <identity value="cpha3pharm" />
        <map value="C.31" />
      </mapping>
    </element>
    <element id="Coverage.grouping.groupDisplay">
      <path value="Coverage.grouping.groupDisplay" />
      <short value="Display text for an identifier for the group" />
      <definition value="A short description for the group." />
      <comment value="Note that FHIR strings may not exceed 1MB in size" />
      <min value="0" />
      <max value="1" />
      <base>
        <path value="Coverage.grouping.groupDisplay" />
        <min value="0" />
        <max value="1" />
      </base>
      <type>
        <code value="string" />
      </type>
      <condition value="ele-1" />
      <constraint>
        <key value="ele-1" />
        <severity value="error" />
        <human value="All FHIR elements must have a @value or children" />
        <expression value="hasValue() | (children().count() &gt; id.count())" />
        <xpath value="@value|f:*|h:div" />
      </constraint>
      <isSummary value="true" />
      <mapping>
        <identity value="rim" />
        <map value="n/a" />
      </mapping>
      <mapping>
        <identity value="cdanetv4" />
        <map value="C11 (Division,Section)" />
      </mapping>
      <mapping>
        <identity value="v2" />
        <map value="IN1-8" />
      </mapping>
      <mapping>
        <identity value="cpha3pharm" />
        <map value="C.31" />
      </mapping>
    </element>
    <element id="Coverage.grouping.subGroup">
      <path value="Coverage.grouping.subGroup" />
      <short value="An identifier for the subsection of the group" />
      <definition value="Identifies a style or collective of coverage issued by the underwriter, for example may be used to identify a subset of an employer group." />
      <comment value="Note that FHIR strings may not exceed 1MB in size" />
      <min value="0" />
      <max value="1" />
      <base>
        <path value="Coverage.grouping.subGroup" />
        <min value="0" />
        <max value="1" />
      </base>
      <type>
        <code value="string" />
      </type>
      <condition value="ele-1" />
      <constraint>
        <key value="ele-1" />
        <severity value="error" />
        <human value="All FHIR elements must have a @value or children" />
        <expression value="hasValue() | (children().count() &gt; id.count())" />
        <xpath value="@value|f:*|h:div" />
      </constraint>
      <isSummary value="true" />
      <mapping>
        <identity value="rim" />
        <map value="n/a" />
      </mapping>
      <mapping>
        <identity value="v2" />
        <map value="IN1-8" />
      </mapping>
    </element>
    <element id="Coverage.grouping.subGroupDisplay">
      <path value="Coverage.grouping.subGroupDisplay" />
      <short value="Display text for the subsection of the group" />
      <definition value="A short description for the subgroup." />
      <comment value="Note that FHIR strings may not exceed 1MB in size" />
      <min value="0" />
      <max value="1" />
      <base>
        <path value="Coverage.grouping.subGroupDisplay" />
        <min value="0" />
        <max value="1" />
      </base>
      <type>
        <code value="string" />
      </type>
      <condition value="ele-1" />
      <constraint>
        <key value="ele-1" />
        <severity value="error" />
        <human value="All FHIR elements must have a @value or children" />
        <expression value="hasValue() | (children().count() &gt; id.count())" />
        <xpath value="@value|f:*|h:div" />
      </constraint>
      <isSummary value="true" />
      <mapping>
        <identity value="rim" />
        <map value="n/a" />
      </mapping>
      <mapping>
        <identity value="v2" />
        <map value="IN1-8" />
      </mapping>
    </element>
    <element id="Coverage.grouping.plan">
      <path value="Coverage.grouping.plan" />
      <short value="An identifier for the plan" />
      <definition value="Identifies a style or collective of coverage issued by the underwriter, for example may be used to identify a collection of benefits provided to employees. May be referred to as a Section or Division ID." />
      <comment value="Note that FHIR strings may not exceed 1MB in size" />
      <min value="0" />
      <max value="1" />
      <base>
        <path value="Coverage.grouping.plan" />
        <min value="0" />
        <max value="1" />
      </base>
      <type>
        <code value="string" />
      </type>
      <condition value="ele-1" />
      <constraint>
        <key value="ele-1" />
        <severity value="error" />
        <human value="All FHIR elements must have a @value or children" />
        <expression value="hasValue() | (children().count() &gt; id.count())" />
        <xpath value="@value|f:*|h:div" />
      </constraint>
      <isSummary value="true" />
      <mapping>
        <identity value="rim" />
        <map value="n/a" />
      </mapping>
      <mapping>
        <identity value="cdanetv4" />
        <map value="C01" />
      </mapping>
      <mapping>
        <identity value="v2" />
        <map value="IN1-35" />
      </mapping>
    </element>
    <element id="Coverage.grouping.planDisplay">
      <path value="Coverage.grouping.planDisplay" />
      <short value="Display text for the plan" />
      <definition value="A short description for the plan." />
      <comment value="Note that FHIR strings may not exceed 1MB in size" />
      <min value="0" />
      <max value="1" />
      <base>
        <path value="Coverage.grouping.planDisplay" />
        <min value="0" />
        <max value="1" />
      </base>
      <type>
        <code value="string" />
      </type>
      <condition value="ele-1" />
      <constraint>
        <key value="ele-1" />
        <severity value="error" />
        <human value="All FHIR elements must have a @value or children" />
        <expression value="hasValue() | (children().count() &gt; id.count())" />
        <xpath value="@value|f:*|h:div" />
      </constraint>
      <isSummary value="true" />
      <mapping>
        <identity value="rim" />
        <map value="n/a" />
      </mapping>
      <mapping>
        <identity value="cdanetv4" />
        <map value="C01" />
      </mapping>
      <mapping>
        <identity value="v2" />
        <map value="IN1-35" />
      </mapping>
    </element>
    <element id="Coverage.grouping.subPlan">
      <path value="Coverage.grouping.subPlan" />
      <short value="An identifier for the subsection of the plan" />
      <definition value="Identifies a sub-style or sub-collective of coverage issued by the underwriter, for example may be used to identify a subset of a collection of benefits provided to employees." />
      <comment value="Note that FHIR strings may not exceed 1MB in size" />
      <min value="0" />
      <max value="1" />
      <base>
        <path value="Coverage.grouping.subPlan" />
        <min value="0" />
        <max value="1" />
      </base>
      <type>
        <code value="string" />
      </type>
      <condition value="ele-1" />
      <constraint>
        <key value="ele-1" />
        <severity value="error" />
        <human value="All FHIR elements must have a @value or children" />
        <expression value="hasValue() | (children().count() &gt; id.count())" />
        <xpath value="@value|f:*|h:div" />
      </constraint>
      <isSummary value="true" />
      <mapping>
        <identity value="rim" />
        <map value="n/a" />
      </mapping>
      <mapping>
        <identity value="v2" />
        <map value="IN1-10" />
      </mapping>
    </element>
    <element id="Coverage.grouping.subPlanDisplay">
      <path value="Coverage.grouping.subPlanDisplay" />
      <short value="Display text for the subsection of the plan" />
      <definition value="A short description for the subplan." />
      <comment value="Note that FHIR strings may not exceed 1MB in size" />
      <min value="0" />
      <max value="1" />
      <base>
        <path value="Coverage.grouping.subPlanDisplay" />
        <min value="0" />
        <max value="1" />
      </base>
      <type>
        <code value="string" />
      </type>
      <condition value="ele-1" />
      <constraint>
        <key value="ele-1" />
        <severity value="error" />
        <human value="All FHIR elements must have a @value or children" />
        <expression value="hasValue() | (children().count() &gt; id.count())" />
        <xpath value="@value|f:*|h:div" />
      </constraint>
      <isSummary value="true" />
      <mapping>
        <identity value="rim" />
        <map value="n/a" />
      </mapping>
      <mapping>
        <identity value="v2" />
        <map value="IN1-10" />
      </mapping>
    </element>
    <element id="Coverage.grouping.class">
      <path value="Coverage.grouping.class" />
      <short value="An identifier for the class" />
      <definition value="Identifies a style or collective of coverage issues by the underwriter, for example may be used to identify a class of coverage such as a level of deductables or co-payment." />
      <comment value="Note that FHIR strings may not exceed 1MB in size" />
      <min value="0" />
      <max value="1" />
      <base>
        <path value="Coverage.grouping.class" />
        <min value="0" />
        <max value="1" />
      </base>
      <type>
        <code value="string" />
      </type>
      <condition value="ele-1" />
      <constraint>
        <key value="ele-1" />
        <severity value="error" />
        <human value="All FHIR elements must have a @value or children" />
        <expression value="hasValue() | (children().count() &gt; id.count())" />
        <xpath value="@value|f:*|h:div" />
      </constraint>
      <isSummary value="true" />
      <mapping>
        <identity value="rim" />
        <map value="n/a" />
      </mapping>
      <mapping>
        <identity value="cdanetv4" />
        <map value="C01" />
      </mapping>
      <mapping>
        <identity value="v2" />
        <map value="IN1-35" />
      </mapping>
    </element>
    <element id="Coverage.grouping.classDisplay">
      <path value="Coverage.grouping.classDisplay" />
      <short value="Display text for the class" />
      <definition value="A short description for the class." />
      <comment value="Note that FHIR strings may not exceed 1MB in size" />
      <min value="0" />
      <max value="1" />
      <base>
        <path value="Coverage.grouping.classDisplay" />
        <min value="0" />
        <max value="1" />
      </base>
      <type>
        <code value="string" />
      </type>
      <condition value="ele-1" />
      <constraint>
        <key value="ele-1" />
        <severity value="error" />
        <human value="All FHIR elements must have a @value or children" />
        <expression value="hasValue() | (children().count() &gt; id.count())" />
        <xpath value="@value|f:*|h:div" />
      </constraint>
      <isSummary value="true" />
      <mapping>
        <identity value="rim" />
        <map value="n/a" />
      </mapping>
      <mapping>
        <identity value="cdanetv4" />
        <map value="C01" />
      </mapping>
      <mapping>
        <identity value="v2" />
        <map value="IN1-35" />
      </mapping>
    </element>
    <element id="Coverage.grouping.subClass">
      <path value="Coverage.grouping.subClass" />
      <short value="An identifier for the subsection of the class" />
      <definition value="Identifies a sub-style or sub-collective of coverage issues by the underwriter, for example may be used to identify a subclass of coverage such as a sub-level of deductables or co-payment." />
      <comment value="Note that FHIR strings may not exceed 1MB in size" />
      <min value="0" />
      <max value="1" />
      <base>
        <path value="Coverage.grouping.subClass" />
        <min value="0" />
        <max value="1" />
      </base>
      <type>
        <code value="string" />
      </type>
      <condition value="ele-1" />
      <constraint>
        <key value="ele-1" />
        <severity value="error" />
        <human value="All FHIR elements must have a @value or children" />
        <expression value="hasValue() | (children().count() &gt; id.count())" />
        <xpath value="@value|f:*|h:div" />
      </constraint>
      <isSummary value="true" />
      <mapping>
        <identity value="rim" />
        <map value="n/a" />
      </mapping>
      <mapping>
        <identity value="cdanetv4" />
        <map value="C01" />
      </mapping>
      <mapping>
        <identity value="v2" />
        <map value="IN1-35" />
      </mapping>
    </element>
    <element id="Coverage.grouping.subClassDisplay">
      <path value="Coverage.grouping.subClassDisplay" />
      <short value="Display text for the subsection of the subclass" />
      <definition value="A short description for the subclass." />
      <comment value="Note that FHIR strings may not exceed 1MB in size" />
      <min value="0" />
      <max value="1" />
      <base>
        <path value="Coverage.grouping.subClassDisplay" />
        <min value="0" />
        <max value="1" />
      </base>
      <type>
        <code value="string" />
      </type>
      <condition value="ele-1" />
      <constraint>
        <key value="ele-1" />
        <severity value="error" />
        <human value="All FHIR elements must have a @value or children" />
        <expression value="hasValue() | (children().count() &gt; id.count())" />
        <xpath value="@value|f:*|h:div" />
      </constraint>
      <isSummary value="true" />
      <mapping>
        <identity value="rim" />
        <map value="n/a" />
      </mapping>
      <mapping>
        <identity value="cdanetv4" />
        <map value="C01" />
      </mapping>
      <mapping>
        <identity value="v2" />
        <map value="IN1-35" />
      </mapping>
    </element>
    <element id="Coverage.dependent">
      <path value="Coverage.dependent" />
      <short value="Dependent number" />
      <definition value="Identifikation einer unter dieser Police versicherten Partei&#xD;&#xA;Bsp: eine Familie ist mit der Police mit dem Identifier &quot;12345&quot; versichert&#xD;&#xA;Vater 12345a&#xD;&#xA;Mutter 12345b&#xD;&#xA;Kind 12345c&#xD;&#xA;a, b und c wären dann jeweils die &quot;dependents&quot;" />
      <comment value="Es gibt derzeit in DE keine Verwendung für dieses Attribut&#xD;&#xA;(Konsens Interop-Forum 12.6.2017)&#xD;&#xA;Falls es UseCases gibt, die dieses Attribut benötigen, bitte Info auf chat.fhir.org" />
      <requirements value="For some coverage a single identifier is issued to the Subscriber and a dependent number issued to each beneficiary." />
      <min value="0" />
      <max value="0" />
      <base>
        <path value="Coverage.dependent" />
        <min value="0" />
        <max value="1" />
      </base>
      <type>
        <code value="string" />
      </type>
      <condition value="ele-1" />
      <constraint>
        <key value="ele-1" />
        <severity value="error" />
        <human value="All FHIR elements must have a @value or children" />
        <expression value="hasValue() | (children().count() &gt; id.count())" />
        <xpath value="@value|f:*|h:div" />
      </constraint>
      <isSummary value="true" />
      <mapping>
        <identity value="rim" />
        <map value="n/a" />
      </mapping>
      <mapping>
        <identity value="cdanetv4" />
        <map value="C17" />
      </mapping>
      <mapping>
        <identity value="v2" />
        <map value="- No exact HL7 v2 equivalent concept seems to exist;" />
      </mapping>
    </element>
    <element id="Coverage.sequence">
      <path value="Coverage.sequence" />
      <short value="The plan instance or sequence counter" />
      <definition value="An optional counter for a particular instance of the identified coverage which increments upon each renewal." />
      <comment value="Es gibt derzeit in DE keine Verwendung für dieses Attribut&#xD;&#xA;(Konsens Interop-Forum 12.6.2017)&#xD;&#xA;Falls es UseCases gibt, die dieses Attribut benötigen, bitte Info auf chat.fhir.org" />
      <requirements value="Some coverage, for example social plans, may be offered in short time increments, for example for a week or a month at a time, so while the rest of the plan details and identifiers may remain constant over time, the instance is incremented with each renewal and provided to the covered party on their 'card'." />
      <min value="0" />
      <max value="0" />
      <base>
        <path value="Coverage.sequence" />
        <min value="0" />
        <max value="1" />
      </base>
      <type>
        <code value="string" />
      </type>
      <condition value="ele-1" />
      <constraint>
        <key value="ele-1" />
        <severity value="error" />
        <human value="All FHIR elements must have a @value or children" />
        <expression value="hasValue() | (children().count() &gt; id.count())" />
        <xpath value="@value|f:*|h:div" />
      </constraint>
      <isSummary value="true" />
      <mapping>
        <identity value="rim" />
        <map value="n/a" />
      </mapping>
      <mapping>
        <identity value="cdanetv4" />
        <map value="D11" />
      </mapping>
      <mapping>
        <identity value="v2" />
        <map value="No HL7 v2 equivalent concept seems to exist" />
      </mapping>
    </element>
    <element id="Coverage.order">
      <path value="Coverage.order" />
      <short value="Relative order of the coverage" />
      <definition value="The order of applicability of this coverage relative to other coverages which are currently inforce. Note, there may be gaps in the numbering and this does not imply primary, secondard etc. as the specific positioning of coverages depends upon the episode of care." />
      <comment value="Es git derzeit in DE keine Verwendung für dieses Attribut&#xD;&#xA;(Konsens Interop-Forum 12.6.2017)&#xD;&#xA;Für die Priorisierung der Versicherungsverhältnisse sollte statt dessen Account.coverage.priority verwendet werden, da die Priorisierung abhängig von Fall-  und Abrechnungsart unterschiedlich sein kann.&#xD;&#xA;Falls es UseCases gibt, die dieses Attribut benötigen, bitte Info auf chat.fhir.org" />
      <min value="0" />
      <max value="0" />
      <base>
        <path value="Coverage.order" />
        <min value="0" />
        <max value="1" />
      </base>
      <type>
        <code value="positiveInt" />
      </type>
      <condition value="ele-1" />
      <constraint>
        <key value="ele-1" />
        <severity value="error" />
        <human value="All FHIR elements must have a @value or children" />
        <expression value="hasValue() | (children().count() &gt; id.count())" />
        <xpath value="@value|f:*|h:div" />
      </constraint>
      <isSummary value="true" />
      <mapping>
        <identity value="rim" />
        <map value="n/a" />
      </mapping>
      <mapping>
        <identity value="v2" />
        <map value="- No exact HL7 v2 equivalent concept seems to exist;" />
      </mapping>
    </element>
    <element id="Coverage.network">
      <path value="Coverage.network" />
      <short value="Insurer network" />
      <definition value="Die Versicherungsleistungen sind an ein bestimmtes Netzwerk von Gesundheitsdienstleistern gebunden" />
      <comment value="Es gibt derzeit in DE keine Verwendung für dieses Attribut&#xD;&#xA;(Konsens Interop-Forum 12.6.2017)&#xD;&#xA;Falls es UseCases gibt, die dieses Attribut benötigen, bitte Info auf chat.fhir.org" />
      <min value="0" />
      <max value="0" />
      <base>
        <path value="Coverage.network" />
        <min value="0" />
        <max value="1" />
      </base>
      <type>
        <code value="string" />
      </type>
      <condition value="ele-1" />
      <constraint>
        <key value="ele-1" />
        <severity value="error" />
        <human value="All FHIR elements must have a @value or children" />
        <expression value="hasValue() | (children().count() &gt; id.count())" />
        <xpath value="@value|f:*|h:div" />
      </constraint>
      <isSummary value="true" />
      <mapping>
        <identity value="rim" />
        <map value="n/a" />
      </mapping>
      <mapping>
        <identity value="cdanetv4" />
        <map value="D10" />
      </mapping>
    </element>
    <element id="Coverage.contract">
      <path value="Coverage.contract" />
      <short value="Contract details" />
      <definition value="The policy(s) which constitute this insurance coverage." />
      <comment value="References SHALL be a reference to an actual FHIR resource, and SHALL be resolveable (allowing for access control, temporary unavailability, etc). Resolution can be either by retrieval from the URL, or, where applicable by resource type, by treating an absolute reference as a canonical URL and looking it up in a local registry/repository." />
      <min value="0" />
      <max value="*" />
      <base>
        <path value="Coverage.contract" />
        <min value="0" />
        <max value="*" />
      </base>
      <type>
        <code value="Reference" />
        <targetProfile value="http://hl7.org/fhir/StructureDefinition/Contract" />
      </type>
      <condition value="ele-1" />
      <constraint>
        <key value="ele-1" />
        <severity value="error" />
        <human value="All FHIR elements must have a @value or children" />
        <expression value="hasValue() | (children().count() &gt; id.count())" />
        <xpath value="@value|f:*|h:div" />
      </constraint>
      <constraint>
        <key value="ref-1" />
        <severity value="error" />
        <human value="SHALL have a contained resource if a local reference is provided" />
        <expression value="reference.startsWith('#').not() or (reference.substring(1).trace('url') in %resource.contained.id.trace('ids'))" />
        <xpath value="not(starts-with(f:reference/@value, '#')) or exists(ancestor::*[self::f:entry or self::f:parameter]/f:resource/f:*/f:contained/f:*[f:id/@value=substring-after(current()/f:reference/@value, '#')]|/*/f:contained/f:*[f:id/@value=substring-after(current()/f:reference/@value, '#')])" />
      </constraint>
      <mapping>
        <identity value="rim" />
        <map value="n/a" />
      </mapping>
      <mapping>
        <identity value="rim" />
        <map value="The target of a resource reference is a RIM entry point (Act, Role, or Entity)" />
      </mapping>
      <mapping>
        <identity value="cdanetv4" />
        <map value="D01 through D09" />
      </mapping>
      <mapping>
        <identity value="v2" />
        <map value="IN1-16, 18,  19" />
      </mapping>
      <mapping>
        <identity value="cpha3pharm" />
        <map value="C.35" />
      </mapping>
    </element>
  </snapshot>
  <differential>
    <element id="Coverage.type.coding.system">
      <path value="Coverage.type.coding.system" />
      <fixedUri value="http://fhir.de/CodeSystem/versicherungsart-de-basis" />
    </element>
    <element id="Coverage.type.coding.code">
      <path value="Coverage.type.coding.code" />
      <fixedCode value="SEL" />
    </element>
    <element id="Coverage.subscriber">
      <path value="Coverage.subscriber" />
      <short value="Unterzeichner der Kostenübernahme" />
      <definition value="Person, die dies Kostenübernahme zusichert (entweder der Patient selbst oder eine andere Person, z.B. ein Elternteil)" />
    </element>
    <element id="Coverage.payor">
      <path value="Coverage.payor" />
      <short value="Kostenübernehmer" />
      <definition value="Person, die die Kosten übernimmt (beim Selbstzahlerverhältnis i.d.R. identisch mit subscriber) &#xD;&#xA;Sonderfall: Die Kostenübernahme wird von einer Person (subscriber) erklärt, die Übernahme erfolgt jedoch durch eine Organisation" />
      <type>
        <code value="Reference" />
        <targetProfile value="http://fhir.de/StructureDefinition/organization-de-basis/0.2" />
      </type>
      <type>
        <code value="Reference" />
        <targetProfile value="http://hl7.org/fhir/StructureDefinition/RelatedPerson" />
      </type>
      <type>
        <code value="Reference" />
        <targetProfile value="http://fhir.de/StructureDefinition/patient-de-basis/0.2" />
      </type>
    </element>
  </differential>
</StructureDefinition>