<StructureDefinition xmlns="http://hl7.org/fhir">
  <url value="http://fhir.de/StructureDefinition/practitionerrole-de-basis/0.2" />
  <version value="0.2.4" />
  <name value="practitionerrole-de-basis-0.2" />
  <title value="PractitionerRole, deutsches Basisprofil (Version 0.2)" />
  <status value="draft" />
  <date value="2018-06-06" />
  <publisher value="HL7 Deutschland e.V. (Technisches Komitee FHIR)" />
  <contact>
    <telecom>
      <system value="url" />
      <value value="http://hl7.de/technische-komitees/fhir/" />
    </telecom>
  </contact>
  <description value="Basisprofil für die Verwendung der PractitionerRole Ressource in Deutschland" />
  <copyright value="HL7 Deutschland e.V." />
  <fhirVersion value="3.0.1" />
  <kind value="resource" />
  <abstract value="false" />
  <type value="PractitionerRole" />
  <baseDefinition value="http://hl7.org/fhir/StructureDefinition/PractitionerRole" />
  <derivation value="constraint" />
  <snapshot>
    <element id="PractitionerRole">
      <path value="PractitionerRole" />
      <short value="Roles/organizations the practitioner is associated with" />
      <definition value="A specific set of Roles/Locations/specialties/services that a practitioner may perform at an organization for a period of time." />
      <min value="0" />
      <max value="*" />
      <base>
        <path value="Resource" />
        <min value="0" />
        <max value="*" />
      </base>
      <constraint>
        <key value="dom-2" />
        <severity value="error" />
        <human value="If the resource is contained in another resource, it SHALL NOT contain nested Resources" />
        <expression value="contained.contained.empty()" />
        <xpath value="not(parent::f:contained and f:contained)" />
      </constraint>
      <constraint>
        <key value="dom-1" />
        <severity value="error" />
        <human value="If the resource is contained in another resource, it SHALL NOT contain any narrative" />
        <expression value="contained.text.empty()" />
        <xpath value="not(parent::f:contained and f:text)" />
      </constraint>
      <constraint>
        <key value="dom-4" />
        <severity value="error" />
        <human value="If a resource is contained in another resource, it SHALL NOT have a meta.versionId or a meta.lastUpdated" />
        <expression value="contained.meta.versionId.empty() and contained.meta.lastUpdated.empty()" />
        <xpath value="not(exists(f:contained/*/f:meta/f:versionId)) and not(exists(f:contained/*/f:meta/f:lastUpdated))" />
      </constraint>
      <constraint>
        <key value="dom-3" />
        <severity value="error" />
        <human value="If the resource is contained in another resource, it SHALL be referred to from elsewhere in the resource" />
        <expression value="contained.where(('#'+id in %resource.descendants().reference).not()).empty()" />
        <xpath value="not(exists(for $id in f:contained/*/@id return $id[not(ancestor::f:contained/parent::*/descendant::f:reference/@value=concat('#', $id))]))" />
      </constraint>
      <mapping>
        <identity value="rim" />
        <map value="Entity. Role, or Act" />
      </mapping>
      <mapping>
        <identity value="v2" />
        <map value="PRD (as one example)" />
      </mapping>
      <mapping>
        <identity value="rim" />
        <map value="Role" />
      </mapping>
      <mapping>
        <identity value="servd" />
        <map value="ServiceSiteProvider" />
      </mapping>
      <mapping>
        <identity value="w5" />
        <map value="administrative.individual" />
      </mapping>
    </element>
    <element id="PractitionerRole.id">
      <path value="PractitionerRole.id" />
      <short value="Logical id of this artifact" />
      <definition value="The logical id of the resource, as used in the URL for the resource. Once assigned, this value never changes." />
      <comment value="The only time that a resource does not have an id is when it is being submitted to the server using a create operation." />
      <min value="0" />
      <max value="1" />
      <base>
        <path value="Resource.id" />
        <min value="0" />
        <max value="1" />
      </base>
      <type>
        <code value="id" />
      </type>
      <condition value="ele-1" />
      <constraint>
        <key value="ele-1" />
        <severity value="error" />
        <human value="All FHIR elements must have a @value or children" />
        <expression value="hasValue() | (children().count() &gt; id.count())" />
        <xpath value="@value|f:*|h:div" />
      </constraint>
      <isSummary value="true" />
      <mapping>
        <identity value="rim" />
        <map value="n/a" />
      </mapping>
    </element>
    <element id="PractitionerRole.meta">
      <path value="PractitionerRole.meta" />
      <short value="Metadata about the resource" />
      <definition value="The metadata about the resource. This is content that is maintained by the infrastructure. Changes to the content may not always be associated with version changes to the resource." />
      <min value="0" />
      <max value="1" />
      <base>
        <path value="Resource.meta" />
        <min value="0" />
        <max value="1" />
      </base>
      <type>
        <code value="Meta" />
      </type>
      <condition value="ele-1" />
      <constraint>
        <key value="ele-1" />
        <severity value="error" />
        <human value="All FHIR elements must have a @value or children" />
        <expression value="hasValue() | (children().count() &gt; id.count())" />
        <xpath value="@value|f:*|h:div" />
      </constraint>
      <isSummary value="true" />
      <mapping>
        <identity value="rim" />
        <map value="n/a" />
      </mapping>
      <mapping>
        <identity value="rim" />
        <map value="N/A" />
      </mapping>
    </element>
    <element id="PractitionerRole.implicitRules">
      <path value="PractitionerRole.implicitRules" />
      <short value="A set of rules under which this content was created" />
      <definition value="A reference to a set of rules that were followed when the resource was constructed, and which must be understood when processing the content." />
      <comment value="Asserting this rule set restricts the content to be only understood by a limited set of trading partners. This inherently limits the usefulness of the data in the long term. However, the existing health eco-system is highly fractured, and not yet ready to define, collect, and exchange data in a generally computable sense. Wherever possible, implementers and/or specification writers should avoid using this element. &#xA;&#xA;This element is labelled as a modifier because the implicit rules may provide additional knowledge about the resource that modifies it's meaning or interpretation." />
      <min value="0" />
      <max value="1" />
      <base>
        <path value="Resource.implicitRules" />
        <min value="0" />
        <max value="1" />
      </base>
      <type>
        <code value="uri" />
      </type>
      <condition value="ele-1" />
      <constraint>
        <key value="ele-1" />
        <severity value="error" />
        <human value="All FHIR elements must have a @value or children" />
        <expression value="hasValue() | (children().count() &gt; id.count())" />
        <xpath value="@value|f:*|h:div" />
      </constraint>
      <isModifier value="true" />
      <isSummary value="true" />
      <mapping>
        <identity value="rim" />
        <map value="n/a" />
      </mapping>
    </element>
    <element id="PractitionerRole.language">
      <path value="PractitionerRole.language" />
      <short value="Language of the resource content" />
      <definition value="The base language in which the resource is written." />
      <comment value="Language is provided to support indexing and accessibility (typically, services such as text to speech use the language tag). The html language tag in the narrative applies  to the narrative. The language tag on the resource may be used to specify the language of other presentations generated from the data in the resource  Not all the content has to be in the base language. The Resource.language should not be assumed to apply to the narrative automatically. If a language is specified, it should it also be specified on the div element in the html (see rules in HTML5 for information about the relationship between xml:lang and the html lang attribute)." />
      <min value="0" />
      <max value="1" />
      <base>
        <path value="Resource.language" />
        <min value="0" />
        <max value="1" />
      </base>
      <type>
        <code value="code" />
      </type>
      <condition value="ele-1" />
      <constraint>
        <key value="ele-1" />
        <severity value="error" />
        <human value="All FHIR elements must have a @value or children" />
        <expression value="hasValue() | (children().count() &gt; id.count())" />
        <xpath value="@value|f:*|h:div" />
      </constraint>
      <binding>
        <extension url="http://hl7.org/fhir/StructureDefinition/elementdefinition-maxValueSet">
          <valueReference>
            <reference value="http://hl7.org/fhir/ValueSet/all-languages" />
          </valueReference>
        </extension>
        <extension url="http://hl7.org/fhir/StructureDefinition/elementdefinition-bindingName">
          <valueString value="Language" />
        </extension>
        <extension url="http://hl7.org/fhir/StructureDefinition/elementdefinition-isCommonBinding">
          <valueBoolean value="true" />
        </extension>
        <strength value="extensible" />
        <description value="A human language." />
        <valueSetReference>
          <reference value="http://hl7.org/fhir/ValueSet/languages" />
        </valueSetReference>
      </binding>
      <mapping>
        <identity value="rim" />
        <map value="n/a" />
      </mapping>
    </element>
    <element id="PractitionerRole.text">
      <path value="PractitionerRole.text" />
      <short value="Text summary of the resource, for human interpretation" />
      <definition value="A human-readable narrative that contains a summary of the resource, and may be used to represent the content of the resource to a human. The narrative need not encode all the structured data, but is required to contain sufficient detail to make it &quot;clinically safe&quot; for a human to just read the narrative. Resource definitions may define what content should be represented in the narrative to ensure clinical safety." />
      <comment value="Contained resources do not have narrative. Resources that are not contained SHOULD have a narrative. In some cases, a resource may only have text with little or no additional discrete data (as long as all minOccurs=1 elements are satisfied).  This may be necessary for data from legacy systems where information is captured as a &quot;text blob&quot; or where text is additionally entered raw or narrated and encoded in formation is added later." />
      <alias value="narrative" />
      <alias value="html" />
      <alias value="xhtml" />
      <alias value="display" />
      <min value="0" />
      <max value="1" />
      <base>
        <path value="DomainResource.text" />
        <min value="0" />
        <max value="1" />
      </base>
      <type>
        <code value="Narrative" />
      </type>
      <condition value="ele-1" />
      <condition value="dom-1" />
      <constraint>
        <key value="ele-1" />
        <severity value="error" />
        <human value="All FHIR elements must have a @value or children" />
        <expression value="hasValue() | (children().count() &gt; id.count())" />
        <xpath value="@value|f:*|h:div" />
      </constraint>
      <mapping>
        <identity value="rim" />
        <map value="n/a" />
      </mapping>
      <mapping>
        <identity value="rim" />
        <map value="N/A" />
      </mapping>
      <mapping>
        <identity value="rim" />
        <map value="Act.text?" />
      </mapping>
    </element>
    <element id="PractitionerRole.contained">
      <path value="PractitionerRole.contained" />
      <short value="Contained, inline Resources" />
      <definition value="These resources do not have an independent existence apart from the resource that contains them - they cannot be identified independently, and nor can they have their own independent transaction scope." />
      <comment value="This should never be done when the content can be identified properly, as once identification is lost, it is extremely difficult (and context dependent) to restore it again." />
      <alias value="inline resources" />
      <alias value="anonymous resources" />
      <alias value="contained resources" />
      <min value="0" />
      <max value="*" />
      <base>
        <path value="DomainResource.contained" />
        <min value="0" />
        <max value="*" />
      </base>
      <type>
        <code value="Resource" />
      </type>
      <mapping>
        <identity value="rim" />
        <map value="Entity. Role, or Act" />
      </mapping>
      <mapping>
        <identity value="rim" />
        <map value="N/A" />
      </mapping>
    </element>
    <element id="PractitionerRole.extension">
      <path value="PractitionerRole.extension" />
      <slicing>
        <discriminator>
          <type value="value" />
          <path value="url" />
        </discriminator>
        <description value="Extensions are always sliced by (at least) url" />
        <rules value="open" />
      </slicing>
      <short value="Additional Content defined by implementations" />
      <definition value="May be used to represent additional information that is not part of the basic definition of the resource. In order to make the use of extensions safe and manageable, there is a strict set of governance  applied to the definition and use of extensions. Though any implementer is allowed to define an extension, there is a set of requirements that SHALL be met as part of the definition of the extension." />
      <comment value="There can be no stigma associated with the use of extensions by any application, project, or standard - regardless of the institution or jurisdiction that uses or defines the extensions.  The use of extensions is what allows the FHIR specification to retain a core level of simplicity for everyone." />
      <alias value="extensions" />
      <alias value="user content" />
      <min value="0" />
      <max value="*" />
      <base>
        <path value="DomainResource.extension" />
        <min value="0" />
        <max value="*" />
      </base>
      <type>
        <code value="Extension" />
      </type>
      <condition value="ele-1" />
      <constraint>
        <key value="ele-1" />
        <severity value="error" />
        <human value="All FHIR elements must have a @value or children" />
        <expression value="hasValue() | (children().count() &gt; id.count())" />
        <xpath value="@value|f:*|h:div" />
      </constraint>
      <constraint>
        <key value="ext-1" />
        <severity value="error" />
        <human value="Must have either extensions or value[x], not both" />
        <expression value="extension.exists() != value.exists()" />
        <xpath value="exists(f:extension)!=exists(f:*[starts-with(local-name(.), 'value')])" />
      </constraint>
      <mapping>
        <identity value="rim" />
        <map value="n/a" />
      </mapping>
      <mapping>
        <identity value="rim" />
        <map value="N/A" />
      </mapping>
    </element>
    <element id="PractitionerRole.modifierExtension">
      <path value="PractitionerRole.modifierExtension" />
      <slicing>
        <discriminator>
          <type value="value" />
          <path value="url" />
        </discriminator>
        <description value="Extensions are always sliced by (at least) url" />
        <rules value="open" />
      </slicing>
      <short value="Extensions that cannot be ignored" />
      <definition value="May be used to represent additional information that is not part of the basic definition of the resource, and that modifies the understanding of the element that contains it. Usually modifier elements provide negation or qualification. In order to make the use of extensions safe and manageable, there is a strict set of governance applied to the definition and use of extensions. Though any implementer is allowed to define an extension, there is a set of requirements that SHALL be met as part of the definition of the extension. Applications processing a resource are required to check for modifier extensions." />
      <comment value="There can be no stigma associated with the use of extensions by any application, project, or standard - regardless of the institution or jurisdiction that uses or defines the extensions.  The use of extensions is what allows the FHIR specification to retain a core level of simplicity for everyone." />
      <alias value="extensions" />
      <alias value="user content" />
      <min value="0" />
      <max value="*" />
      <base>
        <path value="DomainResource.modifierExtension" />
        <min value="0" />
        <max value="*" />
      </base>
      <type>
        <code value="Extension" />
      </type>
      <condition value="ele-1" />
      <constraint>
        <key value="ele-1" />
        <severity value="error" />
        <human value="All FHIR elements must have a @value or children" />
        <expression value="hasValue() | (children().count() &gt; id.count())" />
        <xpath value="@value|f:*|h:div" />
      </constraint>
      <constraint>
        <key value="ext-1" />
        <severity value="error" />
        <human value="Must have either extensions or value[x], not both" />
        <expression value="extension.exists() != value.exists()" />
        <xpath value="exists(f:extension)!=exists(f:*[starts-with(local-name(.), 'value')])" />
      </constraint>
      <isModifier value="true" />
      <mapping>
        <identity value="rim" />
        <map value="n/a" />
      </mapping>
      <mapping>
        <identity value="rim" />
        <map value="N/A" />
      </mapping>
    </element>
    <element id="PractitionerRole.identifier">
      <path value="PractitionerRole.identifier" />
      <short value="Business Identifiers that are specific to a role/location" />
      <definition value="Business Identifiers that are specific to a role/location." />
      <requirements value="Often, specific identities are assigned for the agent." />
      <min value="0" />
      <max value="*" />
      <base>
        <path value="PractitionerRole.identifier" />
        <min value="0" />
        <max value="*" />
      </base>
      <type>
        <code value="Identifier" />
      </type>
      <condition value="ele-1" />
      <constraint>
        <key value="ele-1" />
        <severity value="error" />
        <human value="All FHIR elements must have a @value or children" />
        <expression value="hasValue() | (children().count() &gt; id.count())" />
        <xpath value="@value|f:*|h:div" />
      </constraint>
      <isSummary value="true" />
      <mapping>
        <identity value="rim" />
        <map value="n/a" />
      </mapping>
      <mapping>
        <identity value="v2" />
        <map value="CX / EI (occasionally, more often EI maps to a resource id or a URL)" />
      </mapping>
      <mapping>
        <identity value="rim" />
        <map value="II - see see identifier pattern at http://wiki.hl7.org/index.php?title=Common_Design_Patterns#Identifier_Pattern for relevant discussion. The Identifier class is a little looser than the v3 type II because it allows URIs as well as registered OIDs or GUIDs.  Also maps to Role[classCode=IDENT]" />
      </mapping>
      <mapping>
        <identity value="servd" />
        <map value="Identifier" />
      </mapping>
      <mapping>
        <identity value="v2" />
        <map value="PRD-7 (or XCN.1)" />
      </mapping>
      <mapping>
        <identity value="rim" />
        <map value=".id" />
      </mapping>
      <mapping>
        <identity value="servd" />
        <map value="./Identifiers" />
      </mapping>
      <mapping>
        <identity value="w5" />
        <map value="id" />
      </mapping>
    </element>
    <element id="PractitionerRole.active">
      <path value="PractitionerRole.active" />
      <short value="Whether this practitioner's record is in active use" />
      <definition value="Whether this practitioner's record is in active use." />
      <comment value="Default is true. &#xD;&#xD;If the practitioner is not in use by one organization, then it should mark the period on the PractitonerRole with an end date (even if they are active) as they may be active in another role." />
      <requirements value="Need to be able to mark a practitioner record as not to be used because it was created in error." />
      <min value="0" />
      <max value="1" />
      <base>
        <path value="PractitionerRole.active" />
        <min value="0" />
        <max value="1" />
      </base>
      <type>
        <code value="boolean" />
      </type>
      <defaultValueBoolean value="true" />
      <condition value="ele-1" />
      <constraint>
        <key value="ele-1" />
        <severity value="error" />
        <human value="All FHIR elements must have a @value or children" />
        <expression value="hasValue() | (children().count() &gt; id.count())" />
        <xpath value="@value|f:*|h:div" />
      </constraint>
      <isSummary value="true" />
      <mapping>
        <identity value="rim" />
        <map value="n/a" />
      </mapping>
      <mapping>
        <identity value="v2" />
        <map value="STF-7" />
      </mapping>
      <mapping>
        <identity value="rim" />
        <map value=".statusCode" />
      </mapping>
      <mapping>
        <identity value="w5" />
        <map value="status" />
      </mapping>
    </element>
    <element id="PractitionerRole.period">
      <path value="PractitionerRole.period" />
      <short value="The period during which the practitioner is authorized to perform in these role(s)" />
      <definition value="The period during which the person is authorized to act as a practitioner in these role(s) for the organization." />
      <comment value="This is not a duration - that's a measure of time (a separate type), but a duration that occurs at a fixed value of time. A Period specifies a range of time; the context of use will specify whether the entire range applies (e.g. &quot;the patient was an inpatient of the hospital for this time range&quot;) or one value from the range applies (e.g. &quot;give to the patient between these two times&quot;). If duration is required, specify the type as Interval|Duration." />
      <requirements value="Even after the agencies is revoked, the fact that it existed must still be recorded." />
      <min value="0" />
      <max value="1" />
      <base>
        <path value="PractitionerRole.period" />
        <min value="0" />
        <max value="1" />
      </base>
      <type>
        <code value="Period" />
      </type>
      <condition value="ele-1" />
      <constraint>
        <key value="ele-1" />
        <severity value="error" />
        <human value="All FHIR elements must have a @value or children" />
        <expression value="hasValue() | (children().count() &gt; id.count())" />
        <xpath value="@value|f:*|h:div" />
      </constraint>
      <constraint>
        <key value="per-1" />
        <severity value="error" />
        <human value="If present, start SHALL have a lower value than end" />
        <expression value="start.empty() or end.empty() or (start &lt;= end)" />
        <xpath value="not(exists(f:start)) or not(exists(f:end)) or (f:start/@value &lt;= f:end/@value)" />
      </constraint>
      <isSummary value="true" />
      <mapping>
        <identity value="rim" />
        <map value="n/a" />
      </mapping>
      <mapping>
        <identity value="v2" />
        <map value="DR" />
      </mapping>
      <mapping>
        <identity value="rim" />
        <map value="IVL&lt;TS&gt;[lowClosed=&quot;true&quot; and highClosed=&quot;true&quot;] or URG&lt;TS&gt;[lowClosed=&quot;true&quot; and highClosed=&quot;true&quot;]" />
      </mapping>
      <mapping>
        <identity value="v2" />
        <map value="PRD-8/9 / PRA-5.4" />
      </mapping>
      <mapping>
        <identity value="rim" />
        <map value=".performance[@typeCode &lt;= 'PPRF'].ActDefinitionOrEvent.effectiveTime" />
      </mapping>
      <mapping>
        <identity value="servd" />
        <map value="(ServD maps Practitioners and Organizations via another entity, so this concept is not available)" />
      </mapping>
      <mapping>
        <identity value="w5" />
        <map value="when.done" />
      </mapping>
    </element>
    <element id="PractitionerRole.practitioner">
      <path value="PractitionerRole.practitioner" />
      <short value="Practitioner that is able to provide the defined services for the organation" />
      <definition value="Practitioner that is able to provide the defined services for the organation." />
      <comment value="References SHALL be a reference to an actual FHIR resource, and SHALL be resolveable (allowing for access control, temporary unavailability, etc). Resolution can be either by retrieval from the URL, or, where applicable by resource type, by treating an absolute reference as a canonical URL and looking it up in a local registry/repository." />
      <min value="0" />
      <max value="1" />
      <base>
        <path value="PractitionerRole.practitioner" />
        <min value="0" />
        <max value="1" />
      </base>
      <type>
        <code value="Reference" />
        <targetProfile value="http://hl7.org/fhir/StructureDefinition/Practitioner" />
      </type>
      <type>
        <code value="Reference" />
        <targetProfile value="http://fhir.de/StructureDefinition/practitioner-de-basis/0.2" />
      </type>
      <condition value="ele-1" />
      <constraint>
        <key value="ele-1" />
        <severity value="error" />
        <human value="All FHIR elements must have a @value or children" />
        <expression value="hasValue() | (children().count() &gt; id.count())" />
        <xpath value="@value|f:*|h:div" />
      </constraint>
      <constraint>
        <key value="ref-1" />
        <severity value="error" />
        <human value="SHALL have a contained resource if a local reference is provided" />
        <expression value="reference.startsWith('#').not() or (reference.substring(1).trace('url') in %resource.contained.id.trace('ids'))" />
        <xpath value="not(starts-with(f:reference/@value, '#')) or exists(ancestor::*[self::f:entry or self::f:parameter]/f:resource/f:*/f:contained/f:*[f:id/@value=substring-after(current()/f:reference/@value, '#')]|/*/f:contained/f:*[f:id/@value=substring-after(current()/f:reference/@value, '#')])" />
      </constraint>
      <isSummary value="true" />
      <mapping>
        <identity value="rim" />
        <map value="n/a" />
      </mapping>
      <mapping>
        <identity value="rim" />
        <map value="The target of a resource reference is a RIM entry point (Act, Role, or Entity)" />
      </mapping>
      <mapping>
        <identity value="rim" />
        <map value=".player" />
      </mapping>
    </element>
    <element id="PractitionerRole.organization">
      <path value="PractitionerRole.organization" />
      <short value="Organization where the roles are available" />
      <definition value="The organization where the Practitioner performs the roles associated." />
      <comment value="References SHALL be a reference to an actual FHIR resource, and SHALL be resolveable (allowing for access control, temporary unavailability, etc). Resolution can be either by retrieval from the URL, or, where applicable by resource type, by treating an absolute reference as a canonical URL and looking it up in a local registry/repository." />
      <min value="0" />
      <max value="1" />
      <base>
        <path value="PractitionerRole.organization" />
        <min value="0" />
        <max value="1" />
      </base>
      <type>
        <code value="Reference" />
        <targetProfile value="http://hl7.org/fhir/StructureDefinition/Organization" />
      </type>
      <type>
        <code value="Reference" />
        <targetProfile value="http://fhir.de/StructureDefinition/organization-de-basis/0.2" />
      </type>
      <condition value="ele-1" />
      <constraint>
        <key value="ele-1" />
        <severity value="error" />
        <human value="All FHIR elements must have a @value or children" />
        <expression value="hasValue() | (children().count() &gt; id.count())" />
        <xpath value="@value|f:*|h:div" />
      </constraint>
      <constraint>
        <key value="ref-1" />
        <severity value="error" />
        <human value="SHALL have a contained resource if a local reference is provided" />
        <expression value="reference.startsWith('#').not() or (reference.substring(1).trace('url') in %resource.contained.id.trace('ids'))" />
        <xpath value="not(starts-with(f:reference/@value, '#')) or exists(ancestor::*[self::f:entry or self::f:parameter]/f:resource/f:*/f:contained/f:*[f:id/@value=substring-after(current()/f:reference/@value, '#')]|/*/f:contained/f:*[f:id/@value=substring-after(current()/f:reference/@value, '#')])" />
      </constraint>
      <isSummary value="true" />
      <mapping>
        <identity value="rim" />
        <map value="n/a" />
      </mapping>
      <mapping>
        <identity value="rim" />
        <map value="The target of a resource reference is a RIM entry point (Act, Role, or Entity)" />
      </mapping>
      <mapping>
        <identity value="rim" />
        <map value=".scoper" />
      </mapping>
    </element>
    <element id="PractitionerRole.code">
      <path value="PractitionerRole.code" />
      <short value="Roles which this practitioner may perform" />
      <definition value="Roles which this practitioner is authorized to perform for the organization." />
      <comment value="A person may have more than one role. At least one role is required." />
      <requirements value="Need to know what authority the practitioner has - what can they do?" />
      <min value="0" />
      <max value="*" />
      <base>
        <path value="PractitionerRole.code" />
        <min value="0" />
        <max value="*" />
      </base>
      <type>
        <code value="CodeableConcept" />
      </type>
      <condition value="ele-1" />
      <constraint>
        <key value="ele-1" />
        <severity value="error" />
        <human value="All FHIR elements must have a @value or children" />
        <expression value="hasValue() | (children().count() &gt; id.count())" />
        <xpath value="@value|f:*|h:div" />
      </constraint>
      <isSummary value="true" />
      <binding>
        <extension url="http://hl7.org/fhir/StructureDefinition/elementdefinition-bindingName">
          <valueString value="PractitionerRole" />
        </extension>
        <strength value="example" />
        <description value="The role a person plays representing an organization" />
        <valueSetReference>
          <reference value="http://hl7.org/fhir/ValueSet/practitioner-role" />
        </valueSetReference>
      </binding>
      <mapping>
        <identity value="rim" />
        <map value="n/a" />
      </mapping>
      <mapping>
        <identity value="v2" />
        <map value="CE/CNE/CWE" />
      </mapping>
      <mapping>
        <identity value="rim" />
        <map value="CD" />
      </mapping>
      <mapping>
        <identity value="orim" />
        <map value="fhir:CodeableConcept rdfs:subClassOf dt:CD" />
      </mapping>
      <mapping>
        <identity value="v2" />
        <map value="PRD-1 / STF-18  / PRA-3  / PRT-4  / ROL-3 / ORC-12 / OBR-16 / PV1-7 / PV1-8 / PV1-9 / PV1-17" />
      </mapping>
      <mapping>
        <identity value="rim" />
        <map value=".code" />
      </mapping>
      <mapping>
        <identity value="servd" />
        <map value="(ServD maps Practitioners and Organizations via another entity, so this concept is not available)" />
      </mapping>
    </element>
    <element id="PractitionerRole.specialty">
      <path value="PractitionerRole.specialty" />
      <short value="Specific specialty of the practitioner" />
      <definition value="Specific specialty of the practitioner." />
      <comment value="Not all terminology uses fit this general pattern. In some cases, models should not use CodeableConcept and use Coding directly and provide their own structure for managing text, codings, translations and the relationship between elements and pre- and post-coordination." />
      <min value="0" />
      <max value="*" />
      <base>
        <path value="PractitionerRole.specialty" />
        <min value="0" />
        <max value="*" />
      </base>
      <type>
        <code value="CodeableConcept" />
      </type>
      <condition value="ele-1" />
      <constraint>
        <key value="ele-1" />
        <severity value="error" />
        <human value="All FHIR elements must have a @value or children" />
        <expression value="hasValue() | (children().count() &gt; id.count())" />
        <xpath value="@value|f:*|h:div" />
      </constraint>
      <isSummary value="true" />
      <binding>
        <extension url="http://hl7.org/fhir/StructureDefinition/elementdefinition-bindingName">
          <valueString value="PractitionerSpecialty" />
        </extension>
        <strength value="preferred" />
        <description value="Specific specialty associated with the agency" />
        <valueSetUri value="http://fhir.de/ValueSet/kbv/s-bar2-arztnrfachgruppe" />
      </binding>
      <mapping>
        <identity value="rim" />
        <map value="n/a" />
      </mapping>
      <mapping>
        <identity value="v2" />
        <map value="CE/CNE/CWE" />
      </mapping>
      <mapping>
        <identity value="rim" />
        <map value="CD" />
      </mapping>
      <mapping>
        <identity value="orim" />
        <map value="fhir:CodeableConcept rdfs:subClassOf dt:CD" />
      </mapping>
      <mapping>
        <identity value="v2" />
        <map value="PRA-5" />
      </mapping>
      <mapping>
        <identity value="rim" />
        <map value=".player.HealthCareProvider[@classCode = 'PROV'].code" />
      </mapping>
      <mapping>
        <identity value="servd" />
        <map value="./Specialty" />
      </mapping>
    </element>
    <element id="PractitionerRole.location">
      <path value="PractitionerRole.location" />
      <short value="The location(s) at which this practitioner provides care" />
      <definition value="The location(s) at which this practitioner provides care." />
      <comment value="References SHALL be a reference to an actual FHIR resource, and SHALL be resolveable (allowing for access control, temporary unavailability, etc). Resolution can be either by retrieval from the URL, or, where applicable by resource type, by treating an absolute reference as a canonical URL and looking it up in a local registry/repository." />
      <min value="0" />
      <max value="*" />
      <base>
        <path value="PractitionerRole.location" />
        <min value="0" />
        <max value="*" />
      </base>
      <type>
        <code value="Reference" />
        <targetProfile value="http://hl7.org/fhir/StructureDefinition/Location" />
      </type>
      <condition value="ele-1" />
      <constraint>
        <key value="ele-1" />
        <severity value="error" />
        <human value="All FHIR elements must have a @value or children" />
        <expression value="hasValue() | (children().count() &gt; id.count())" />
        <xpath value="@value|f:*|h:div" />
      </constraint>
      <constraint>
        <key value="ref-1" />
        <severity value="error" />
        <human value="SHALL have a contained resource if a local reference is provided" />
        <expression value="reference.startsWith('#').not() or (reference.substring(1).trace('url') in %resource.contained.id.trace('ids'))" />
        <xpath value="not(starts-with(f:reference/@value, '#')) or exists(ancestor::*[self::f:entry or self::f:parameter]/f:resource/f:*/f:contained/f:*[f:id/@value=substring-after(current()/f:reference/@value, '#')]|/*/f:contained/f:*[f:id/@value=substring-after(current()/f:reference/@value, '#')])" />
      </constraint>
      <isSummary value="true" />
      <mapping>
        <identity value="rim" />
        <map value="n/a" />
      </mapping>
      <mapping>
        <identity value="rim" />
        <map value="The target of a resource reference is a RIM entry point (Act, Role, or Entity)" />
      </mapping>
      <mapping>
        <identity value="rim" />
        <map value=".performance.ActDefinitionOrEvent.ServiceDeliveryLocation[@classCode = 'SDLOC']" />
      </mapping>
      <mapping>
        <identity value="servd" />
        <map value="(ServD maps Practitioners and Organizations via another entity, so this concept is not available)&lt;br/&gt; However these are accessed via the Site.ServiceSite.ServiceSiteProvider record. (The Site has the location)" />
      </mapping>
      <mapping>
        <identity value="w5" />
        <map value="where" />
      </mapping>
    </element>
    <element id="PractitionerRole.healthcareService">
      <path value="PractitionerRole.healthcareService" />
      <short value="The list of healthcare services that this worker provides for this role's Organization/Location(s)" />
      <definition value="The list of healthcare services that this worker provides for this role's Organization/Location(s)." />
      <comment value="References SHALL be a reference to an actual FHIR resource, and SHALL be resolveable (allowing for access control, temporary unavailability, etc). Resolution can be either by retrieval from the URL, or, where applicable by resource type, by treating an absolute reference as a canonical URL and looking it up in a local registry/repository." />
      <min value="0" />
      <max value="*" />
      <base>
        <path value="PractitionerRole.healthcareService" />
        <min value="0" />
        <max value="*" />
      </base>
      <type>
        <code value="Reference" />
        <targetProfile value="http://hl7.org/fhir/StructureDefinition/HealthcareService" />
      </type>
      <condition value="ele-1" />
      <constraint>
        <key value="ele-1" />
        <severity value="error" />
        <human value="All FHIR elements must have a @value or children" />
        <expression value="hasValue() | (children().count() &gt; id.count())" />
        <xpath value="@value|f:*|h:div" />
      </constraint>
      <constraint>
        <key value="ref-1" />
        <severity value="error" />
        <human value="SHALL have a contained resource if a local reference is provided" />
        <expression value="reference.startsWith('#').not() or (reference.substring(1).trace('url') in %resource.contained.id.trace('ids'))" />
        <xpath value="not(starts-with(f:reference/@value, '#')) or exists(ancestor::*[self::f:entry or self::f:parameter]/f:resource/f:*/f:contained/f:*[f:id/@value=substring-after(current()/f:reference/@value, '#')]|/*/f:contained/f:*[f:id/@value=substring-after(current()/f:reference/@value, '#')])" />
      </constraint>
      <mapping>
        <identity value="rim" />
        <map value="n/a" />
      </mapping>
      <mapping>
        <identity value="rim" />
        <map value="The target of a resource reference is a RIM entry point (Act, Role, or Entity)" />
      </mapping>
      <mapping>
        <identity value="v2" />
        <map value="EDU-2 / AFF-3" />
      </mapping>
      <mapping>
        <identity value="rim" />
        <map value=".player.QualifiedEntity[@classCode = 'QUAL'].code" />
      </mapping>
    </element>
    <element id="PractitionerRole.telecom">
      <path value="PractitionerRole.telecom" />
      <short value="Contact details that are specific to the role/location/service" />
      <definition value="Contact details that are specific to the role/location/service." />
      <requirements value="Often practitioners have a dedicated line for each location (or service) that they work at, and need to be able to define separate contact details for each of these." />
      <min value="0" />
      <max value="*" />
      <base>
        <path value="PractitionerRole.telecom" />
        <min value="0" />
        <max value="*" />
      </base>
      <type>
        <code value="ContactPoint" />
      </type>
      <condition value="ele-1" />
      <constraint>
        <key value="ele-1" />
        <severity value="error" />
        <human value="All FHIR elements must have a @value or children" />
        <expression value="hasValue() | (children().count() &gt; id.count())" />
        <xpath value="@value|f:*|h:div" />
      </constraint>
      <constraint>
        <key value="cpt-2" />
        <severity value="error" />
        <human value="A system is required if a value is provided." />
        <expression value="value.empty() or system.exists()" />
        <xpath value="not(exists(f:value)) or exists(f:system)" />
      </constraint>
      <isSummary value="true" />
      <mapping>
        <identity value="rim" />
        <map value="n/a" />
      </mapping>
      <mapping>
        <identity value="v2" />
        <map value="XTN" />
      </mapping>
      <mapping>
        <identity value="rim" />
        <map value="TEL" />
      </mapping>
      <mapping>
        <identity value="servd" />
        <map value="ContactPoint" />
      </mapping>
      <mapping>
        <identity value="rim" />
        <map value=".telecom" />
      </mapping>
    </element>
    <element id="PractitionerRole.availableTime">
      <path value="PractitionerRole.availableTime" />
      <short value="Times the Service Site is available" />
      <definition value="A collection of times that the Service Site is available." />
      <comment value="More detailed availability information may be provided in associated Schedule/Slot resources." />
      <min value="0" />
      <max value="*" />
      <base>
        <path value="PractitionerRole.availableTime" />
        <min value="0" />
        <max value="*" />
      </base>
      <type>
        <code value="BackboneElement" />
      </type>
      <condition value="ele-1" />
      <constraint>
        <key value="ele-1" />
        <severity value="error" />
        <human value="All FHIR elements must have a @value or children" />
        <expression value="hasValue() | (children().count() &gt; id.count())" />
        <xpath value="@value|f:*|h:div" />
      </constraint>
      <mapping>
        <identity value="rim" />
        <map value="n/a" />
      </mapping>
      <mapping>
        <identity value="rim" />
        <map value=".effectiveTime" />
      </mapping>
    </element>
    <element id="PractitionerRole.availableTime.id">
      <path value="PractitionerRole.availableTime.id" />
      <representation value="xmlAttr" />
      <short value="xml:id (or equivalent in JSON)" />
      <definition value="unique id for the element within a resource (for internal references). This may be any string value that does not contain spaces." />
      <comment value="Note that FHIR strings may not exceed 1MB in size" />
      <min value="0" />
      <max value="1" />
      <base>
        <path value="Element.id" />
        <min value="0" />
        <max value="1" />
      </base>
      <type>
        <code value="string" />
      </type>
      <condition value="ele-1" />
      <constraint>
        <key value="ele-1" />
        <severity value="error" />
        <human value="All FHIR elements must have a @value or children" />
        <expression value="hasValue() | (children().count() &gt; id.count())" />
        <xpath value="@value|f:*|h:div" />
      </constraint>
      <mapping>
        <identity value="rim" />
        <map value="n/a" />
      </mapping>
    </element>
    <element id="PractitionerRole.availableTime.extension">
      <path value="PractitionerRole.availableTime.extension" />
      <slicing>
        <discriminator>
          <type value="value" />
          <path value="url" />
        </discriminator>
        <description value="Extensions are always sliced by (at least) url" />
        <rules value="open" />
      </slicing>
      <short value="Additional Content defined by implementations" />
      <definition value="May be used to represent additional information that is not part of the basic definition of the element. In order to make the use of extensions safe and manageable, there is a strict set of governance  applied to the definition and use of extensions. Though any implementer is allowed to define an extension, there is a set of requirements that SHALL be met as part of the definition of the extension." />
      <comment value="There can be no stigma associated with the use of extensions by any application, project, or standard - regardless of the institution or jurisdiction that uses or defines the extensions.  The use of extensions is what allows the FHIR specification to retain a core level of simplicity for everyone." />
      <alias value="extensions" />
      <alias value="user content" />
      <min value="0" />
      <max value="*" />
      <base>
        <path value="Element.extension" />
        <min value="0" />
        <max value="*" />
      </base>
      <type>
        <code value="Extension" />
      </type>
      <condition value="ele-1" />
      <constraint>
        <key value="ele-1" />
        <severity value="error" />
        <human value="All FHIR elements must have a @value or children" />
        <expression value="hasValue() | (children().count() &gt; id.count())" />
        <xpath value="@value|f:*|h:div" />
      </constraint>
      <constraint>
        <key value="ext-1" />
        <severity value="error" />
        <human value="Must have either extensions or value[x], not both" />
        <expression value="extension.exists() != value.exists()" />
        <xpath value="exists(f:extension)!=exists(f:*[starts-with(local-name(.), 'value')])" />
      </constraint>
      <mapping>
        <identity value="rim" />
        <map value="n/a" />
      </mapping>
      <mapping>
        <identity value="rim" />
        <map value="N/A" />
      </mapping>
    </element>
    <element id="PractitionerRole.availableTime.modifierExtension">
      <path value="PractitionerRole.availableTime.modifierExtension" />
      <short value="Extensions that cannot be ignored" />
      <definition value="May be used to represent additional information that is not part of the basic definition of the element, and that modifies the understanding of the element that contains it. Usually modifier elements provide negation or qualification. In order to make the use of extensions safe and manageable, there is a strict set of governance applied to the definition and use of extensions. Though any implementer is allowed to define an extension, there is a set of requirements that SHALL be met as part of the definition of the extension. Applications processing a resource are required to check for modifier extensions." />
      <comment value="There can be no stigma associated with the use of extensions by any application, project, or standard - regardless of the institution or jurisdiction that uses or defines the extensions.  The use of extensions is what allows the FHIR specification to retain a core level of simplicity for everyone." />
      <alias value="extensions" />
      <alias value="user content" />
      <alias value="modifiers" />
      <min value="0" />
      <max value="*" />
      <base>
        <path value="BackboneElement.modifierExtension" />
        <min value="0" />
        <max value="*" />
      </base>
      <type>
        <code value="Extension" />
      </type>
      <condition value="ele-1" />
      <constraint>
        <key value="ele-1" />
        <severity value="error" />
        <human value="All FHIR elements must have a @value or children" />
        <expression value="hasValue() | (children().count() &gt; id.count())" />
        <xpath value="@value|f:*|h:div" />
      </constraint>
      <constraint>
        <key value="ext-1" />
        <severity value="error" />
        <human value="Must have either extensions or value[x], not both" />
        <expression value="extension.exists() != value.exists()" />
        <xpath value="exists(f:extension)!=exists(f:*[starts-with(local-name(.), 'value')])" />
      </constraint>
      <isModifier value="true" />
      <isSummary value="true" />
      <mapping>
        <identity value="rim" />
        <map value="n/a" />
      </mapping>
      <mapping>
        <identity value="rim" />
        <map value="N/A" />
      </mapping>
    </element>
    <element id="PractitionerRole.availableTime.daysOfWeek">
      <path value="PractitionerRole.availableTime.daysOfWeek" />
      <short value="mon | tue | wed | thu | fri | sat | sun" />
      <definition value="Indicates which days of the week are available between the start and end Times." />
      <comment value="Note that FHIR strings may not exceed 1MB in size" />
      <min value="0" />
      <max value="*" />
      <base>
        <path value="PractitionerRole.availableTime.daysOfWeek" />
        <min value="0" />
        <max value="*" />
      </base>
      <type>
        <code value="code" />
      </type>
      <condition value="ele-1" />
      <constraint>
        <key value="ele-1" />
        <severity value="error" />
        <human value="All FHIR elements must have a @value or children" />
        <expression value="hasValue() | (children().count() &gt; id.count())" />
        <xpath value="@value|f:*|h:div" />
      </constraint>
      <binding>
        <extension url="http://hl7.org/fhir/StructureDefinition/elementdefinition-bindingName">
          <valueString value="DaysOfWeek" />
        </extension>
        <strength value="required" />
        <description value="The days of the week." />
        <valueSetReference>
          <reference value="http://hl7.org/fhir/ValueSet/days-of-week" />
        </valueSetReference>
      </binding>
      <mapping>
        <identity value="rim" />
        <map value="n/a" />
      </mapping>
      <mapping>
        <identity value="rim" />
        <map value=".effectiveTime" />
      </mapping>
    </element>
    <element id="PractitionerRole.availableTime.allDay">
      <path value="PractitionerRole.availableTime.allDay" />
      <short value="Always available? e.g. 24 hour service" />
      <definition value="Is this always available? (hence times are irrelevant) e.g. 24 hour service." />
      <min value="0" />
      <max value="1" />
      <base>
        <path value="PractitionerRole.availableTime.allDay" />
        <min value="0" />
        <max value="1" />
      </base>
      <type>
        <code value="boolean" />
      </type>
      <condition value="ele-1" />
      <constraint>
        <key value="ele-1" />
        <severity value="error" />
        <human value="All FHIR elements must have a @value or children" />
        <expression value="hasValue() | (children().count() &gt; id.count())" />
        <xpath value="@value|f:*|h:div" />
      </constraint>
      <mapping>
        <identity value="rim" />
        <map value="n/a" />
      </mapping>
      <mapping>
        <identity value="rim" />
        <map value=".effectiveTime" />
      </mapping>
    </element>
    <element id="PractitionerRole.availableTime.availableStartTime">
      <path value="PractitionerRole.availableTime.availableStartTime" />
      <short value="Opening time of day (ignored if allDay = true)" />
      <definition value="The opening time of day. Note: If the AllDay flag is set, then this time is ignored." />
      <comment value="The timezone is expected to be for where this HealthcareService is provided at." />
      <min value="0" />
      <max value="1" />
      <base>
        <path value="PractitionerRole.availableTime.availableStartTime" />
        <min value="0" />
        <max value="1" />
      </base>
      <type>
        <code value="time" />
      </type>
      <condition value="ele-1" />
      <constraint>
        <key value="ele-1" />
        <severity value="error" />
        <human value="All FHIR elements must have a @value or children" />
        <expression value="hasValue() | (children().count() &gt; id.count())" />
        <xpath value="@value|f:*|h:div" />
      </constraint>
      <mapping>
        <identity value="rim" />
        <map value="n/a" />
      </mapping>
      <mapping>
        <identity value="rim" />
        <map value=".effectiveTime" />
      </mapping>
    </element>
    <element id="PractitionerRole.availableTime.availableEndTime">
      <path value="PractitionerRole.availableTime.availableEndTime" />
      <short value="Closing time of day (ignored if allDay = true)" />
      <definition value="The closing time of day. Note: If the AllDay flag is set, then this time is ignored." />
      <comment value="The timezone is expected to be for where this HealthcareService is provided at." />
      <min value="0" />
      <max value="1" />
      <base>
        <path value="PractitionerRole.availableTime.availableEndTime" />
        <min value="0" />
        <max value="1" />
      </base>
      <type>
        <code value="time" />
      </type>
      <condition value="ele-1" />
      <constraint>
        <key value="ele-1" />
        <severity value="error" />
        <human value="All FHIR elements must have a @value or children" />
        <expression value="hasValue() | (children().count() &gt; id.count())" />
        <xpath value="@value|f:*|h:div" />
      </constraint>
      <mapping>
        <identity value="rim" />
        <map value="n/a" />
      </mapping>
      <mapping>
        <identity value="rim" />
        <map value=".effectiveTime" />
      </mapping>
    </element>
    <element id="PractitionerRole.notAvailable">
      <path value="PractitionerRole.notAvailable" />
      <short value="Not available during this time due to provided reason" />
      <definition value="The HealthcareService is not available during this period of time due to the provided reason." />
      <min value="0" />
      <max value="*" />
      <base>
        <path value="PractitionerRole.notAvailable" />
        <min value="0" />
        <max value="*" />
      </base>
      <type>
        <code value="BackboneElement" />
      </type>
      <condition value="ele-1" />
      <constraint>
        <key value="ele-1" />
        <severity value="error" />
        <human value="All FHIR elements must have a @value or children" />
        <expression value="hasValue() | (children().count() &gt; id.count())" />
        <xpath value="@value|f:*|h:div" />
      </constraint>
      <mapping>
        <identity value="rim" />
        <map value="n/a" />
      </mapping>
      <mapping>
        <identity value="rim" />
        <map value=".effectiveTime" />
      </mapping>
    </element>
    <element id="PractitionerRole.notAvailable.id">
      <path value="PractitionerRole.notAvailable.id" />
      <representation value="xmlAttr" />
      <short value="xml:id (or equivalent in JSON)" />
      <definition value="unique id for the element within a resource (for internal references). This may be any string value that does not contain spaces." />
      <comment value="Note that FHIR strings may not exceed 1MB in size" />
      <min value="0" />
      <max value="1" />
      <base>
        <path value="Element.id" />
        <min value="0" />
        <max value="1" />
      </base>
      <type>
        <code value="string" />
      </type>
      <condition value="ele-1" />
      <constraint>
        <key value="ele-1" />
        <severity value="error" />
        <human value="All FHIR elements must have a @value or children" />
        <expression value="hasValue() | (children().count() &gt; id.count())" />
        <xpath value="@value|f:*|h:div" />
      </constraint>
      <mapping>
        <identity value="rim" />
        <map value="n/a" />
      </mapping>
    </element>
    <element id="PractitionerRole.notAvailable.extension">
      <path value="PractitionerRole.notAvailable.extension" />
      <slicing>
        <discriminator>
          <type value="value" />
          <path value="url" />
        </discriminator>
        <description value="Extensions are always sliced by (at least) url" />
        <rules value="open" />
      </slicing>
      <short value="Additional Content defined by implementations" />
      <definition value="May be used to represent additional information that is not part of the basic definition of the element. In order to make the use of extensions safe and manageable, there is a strict set of governance  applied to the definition and use of extensions. Though any implementer is allowed to define an extension, there is a set of requirements that SHALL be met as part of the definition of the extension." />
      <comment value="There can be no stigma associated with the use of extensions by any application, project, or standard - regardless of the institution or jurisdiction that uses or defines the extensions.  The use of extensions is what allows the FHIR specification to retain a core level of simplicity for everyone." />
      <alias value="extensions" />
      <alias value="user content" />
      <min value="0" />
      <max value="*" />
      <base>
        <path value="Element.extension" />
        <min value="0" />
        <max value="*" />
      </base>
      <type>
        <code value="Extension" />
      </type>
      <condition value="ele-1" />
      <constraint>
        <key value="ele-1" />
        <severity value="error" />
        <human value="All FHIR elements must have a @value or children" />
        <expression value="hasValue() | (children().count() &gt; id.count())" />
        <xpath value="@value|f:*|h:div" />
      </constraint>
      <constraint>
        <key value="ext-1" />
        <severity value="error" />
        <human value="Must have either extensions or value[x], not both" />
        <expression value="extension.exists() != value.exists()" />
        <xpath value="exists(f:extension)!=exists(f:*[starts-with(local-name(.), 'value')])" />
      </constraint>
      <mapping>
        <identity value="rim" />
        <map value="n/a" />
      </mapping>
      <mapping>
        <identity value="rim" />
        <map value="N/A" />
      </mapping>
    </element>
    <element id="PractitionerRole.notAvailable.modifierExtension">
      <path value="PractitionerRole.notAvailable.modifierExtension" />
      <short value="Extensions that cannot be ignored" />
      <definition value="May be used to represent additional information that is not part of the basic definition of the element, and that modifies the understanding of the element that contains it. Usually modifier elements provide negation or qualification. In order to make the use of extensions safe and manageable, there is a strict set of governance applied to the definition and use of extensions. Though any implementer is allowed to define an extension, there is a set of requirements that SHALL be met as part of the definition of the extension. Applications processing a resource are required to check for modifier extensions." />
      <comment value="There can be no stigma associated with the use of extensions by any application, project, or standard - regardless of the institution or jurisdiction that uses or defines the extensions.  The use of extensions is what allows the FHIR specification to retain a core level of simplicity for everyone." />
      <alias value="extensions" />
      <alias value="user content" />
      <alias value="modifiers" />
      <min value="0" />
      <max value="*" />
      <base>
        <path value="BackboneElement.modifierExtension" />
        <min value="0" />
        <max value="*" />
      </base>
      <type>
        <code value="Extension" />
      </type>
      <condition value="ele-1" />
      <constraint>
        <key value="ele-1" />
        <severity value="error" />
        <human value="All FHIR elements must have a @value or children" />
        <expression value="hasValue() | (children().count() &gt; id.count())" />
        <xpath value="@value|f:*|h:div" />
      </constraint>
      <constraint>
        <key value="ext-1" />
        <severity value="error" />
        <human value="Must have either extensions or value[x], not both" />
        <expression value="extension.exists() != value.exists()" />
        <xpath value="exists(f:extension)!=exists(f:*[starts-with(local-name(.), 'value')])" />
      </constraint>
      <isModifier value="true" />
      <isSummary value="true" />
      <mapping>
        <identity value="rim" />
        <map value="n/a" />
      </mapping>
      <mapping>
        <identity value="rim" />
        <map value="N/A" />
      </mapping>
    </element>
    <element id="PractitionerRole.notAvailable.description">
      <path value="PractitionerRole.notAvailable.description" />
      <short value="Reason presented to the user explaining why time not available" />
      <definition value="The reason that can be presented to the user as to why this time is not available." />
      <comment value="Note that FHIR strings may not exceed 1MB in size" />
      <min value="1" />
      <max value="1" />
      <base>
        <path value="PractitionerRole.notAvailable.description" />
        <min value="1" />
        <max value="1" />
      </base>
      <type>
        <code value="string" />
      </type>
      <condition value="ele-1" />
      <constraint>
        <key value="ele-1" />
        <severity value="error" />
        <human value="All FHIR elements must have a @value or children" />
        <expression value="hasValue() | (children().count() &gt; id.count())" />
        <xpath value="@value|f:*|h:div" />
      </constraint>
      <mapping>
        <identity value="rim" />
        <map value="n/a" />
      </mapping>
    </element>
    <element id="PractitionerRole.notAvailable.during">
      <path value="PractitionerRole.notAvailable.during" />
      <short value="Service not availablefrom this date" />
      <definition value="Service is not available (seasonally or for a public holiday) from this date." />
      <comment value="This is not a duration - that's a measure of time (a separate type), but a duration that occurs at a fixed value of time. A Period specifies a range of time; the context of use will specify whether the entire range applies (e.g. &quot;the patient was an inpatient of the hospital for this time range&quot;) or one value from the range applies (e.g. &quot;give to the patient between these two times&quot;). If duration is required, specify the type as Interval|Duration." />
      <min value="0" />
      <max value="1" />
      <base>
        <path value="PractitionerRole.notAvailable.during" />
        <min value="0" />
        <max value="1" />
      </base>
      <type>
        <code value="Period" />
      </type>
      <condition value="ele-1" />
      <constraint>
        <key value="ele-1" />
        <severity value="error" />
        <human value="All FHIR elements must have a @value or children" />
        <expression value="hasValue() | (children().count() &gt; id.count())" />
        <xpath value="@value|f:*|h:div" />
      </constraint>
      <constraint>
        <key value="per-1" />
        <severity value="error" />
        <human value="If present, start SHALL have a lower value than end" />
        <expression value="start.empty() or end.empty() or (start &lt;= end)" />
        <xpath value="not(exists(f:start)) or not(exists(f:end)) or (f:start/@value &lt;= f:end/@value)" />
      </constraint>
      <mapping>
        <identity value="rim" />
        <map value="n/a" />
      </mapping>
      <mapping>
        <identity value="v2" />
        <map value="DR" />
      </mapping>
      <mapping>
        <identity value="rim" />
        <map value="IVL&lt;TS&gt;[lowClosed=&quot;true&quot; and highClosed=&quot;true&quot;] or URG&lt;TS&gt;[lowClosed=&quot;true&quot; and highClosed=&quot;true&quot;]" />
      </mapping>
      <mapping>
        <identity value="rim" />
        <map value=".effectiveTime" />
      </mapping>
    </element>
    <element id="PractitionerRole.availabilityExceptions">
      <path value="PractitionerRole.availabilityExceptions" />
      <short value="Description of availability exceptions" />
      <definition value="A description of site availability exceptions, e.g. public holiday availability. Succinctly describing all possible exceptions to normal site availability as details in the available Times and not available Times." />
      <comment value="Note that FHIR strings may not exceed 1MB in size" />
      <min value="0" />
      <max value="1" />
      <base>
        <path value="PractitionerRole.availabilityExceptions" />
        <min value="0" />
        <max value="1" />
      </base>
      <type>
        <code value="string" />
      </type>
      <condition value="ele-1" />
      <constraint>
        <key value="ele-1" />
        <severity value="error" />
        <human value="All FHIR elements must have a @value or children" />
        <expression value="hasValue() | (children().count() &gt; id.count())" />
        <xpath value="@value|f:*|h:div" />
      </constraint>
      <mapping>
        <identity value="rim" />
        <map value="n/a" />
      </mapping>
      <mapping>
        <identity value="rim" />
        <map value=".effectiveTime" />
      </mapping>
    </element>
    <element id="PractitionerRole.endpoint">
      <path value="PractitionerRole.endpoint" />
      <short value="Technical endpoints providing access to services operated for the practitioner with this role" />
      <definition value="Technical endpoints providing access to services operated for the practitioner with this role." />
      <comment value="References SHALL be a reference to an actual FHIR resource, and SHALL be resolveable (allowing for access control, temporary unavailability, etc). Resolution can be either by retrieval from the URL, or, where applicable by resource type, by treating an absolute reference as a canonical URL and looking it up in a local registry/repository." />
      <requirements value="Organizations have multiple systems that provide various services and ,ay also be different for practitioners too.&#xD;&#xD;So the endpoint satisfies the need to be able to define the technical connection details for how to connect to them, and for what purpose." />
      <min value="0" />
      <max value="*" />
      <base>
        <path value="PractitionerRole.endpoint" />
        <min value="0" />
        <max value="*" />
      </base>
      <type>
        <code value="Reference" />
        <targetProfile value="http://hl7.org/fhir/StructureDefinition/Endpoint" />
      </type>
      <condition value="ele-1" />
      <constraint>
        <key value="ele-1" />
        <severity value="error" />
        <human value="All FHIR elements must have a @value or children" />
        <expression value="hasValue() | (children().count() &gt; id.count())" />
        <xpath value="@value|f:*|h:div" />
      </constraint>
      <constraint>
        <key value="ref-1" />
        <severity value="error" />
        <human value="SHALL have a contained resource if a local reference is provided" />
        <expression value="reference.startsWith('#').not() or (reference.substring(1).trace('url') in %resource.contained.id.trace('ids'))" />
        <xpath value="not(starts-with(f:reference/@value, '#')) or exists(ancestor::*[self::f:entry or self::f:parameter]/f:resource/f:*/f:contained/f:*[f:id/@value=substring-after(current()/f:reference/@value, '#')]|/*/f:contained/f:*[f:id/@value=substring-after(current()/f:reference/@value, '#')])" />
      </constraint>
      <mapping>
        <identity value="rim" />
        <map value="n/a" />
      </mapping>
      <mapping>
        <identity value="rim" />
        <map value="The target of a resource reference is a RIM entry point (Act, Role, or Entity)" />
      </mapping>
    </element>
  </snapshot>
  <differential>
    <element id="PractitionerRole.practitioner">
      <path value="PractitionerRole.practitioner" />
      <type>
        <code value="Reference" />
        <targetProfile value="http://hl7.org/fhir/StructureDefinition/Practitioner" />
      </type>
      <type>
        <code value="Reference" />
        <targetProfile value="http://fhir.de/StructureDefinition/practitioner-de-basis/0.2" />
      </type>
    </element>
    <element id="PractitionerRole.organization">
      <path value="PractitionerRole.organization" />
      <type>
        <code value="Reference" />
        <targetProfile value="http://hl7.org/fhir/StructureDefinition/Organization" />
      </type>
      <type>
        <code value="Reference" />
        <targetProfile value="http://fhir.de/StructureDefinition/organization-de-basis/0.2" />
      </type>
    </element>
    <element id="PractitionerRole.specialty">
      <path value="PractitionerRole.specialty" />
      <binding>
        <extension url="http://hl7.org/fhir/StructureDefinition/elementdefinition-bindingName">
          <valueString value="PractitionerSpecialty" />
        </extension>
        <strength value="preferred" />
        <valueSetUri value="http://fhir.de/ValueSet/kbv/s-bar2-arztnrfachgruppe" />
      </binding>
    </element>
  </differential>
</StructureDefinition>