<StructureDefinition xmlns="http://hl7.org/fhir">
  <meta>
    <lastUpdated value="2017-11-08T18:33:28.283+01:00" />
  </meta>
  <url value="http://fhir.de/StructureDefinition/humanname-de-basis/0.2" />
  <version value="0.2.4" />
  <name value="humanname-de-basis-0.2" />
  <title value="HumanName, deutsches Basisprofil (Version 0.2)" />
  <status value="draft" />
  <date value="2018-11-06" />
  <publisher value="HL7 Deutschland e.V. (Technisches Komitee FHIR)" />
  <contact>
    <telecom>
      <system value="url" />
      <value value="http://hl7.de/technische-komitees/fhir/" />
    </telecom>
  </contact>
  <description value="Personenname mit in Deutschland üblichen Erweiterungen" />
  <copyright value="HL7 Deutschland e.V." />
  <fhirVersion value="3.0.1" />
  <mapping>
    <identity value="KVDT" />
    <name value="KVDT Mapping" />
  </mapping>
  <mapping>
    <identity value="BDT" />
    <name value="BDT Mapping" />
  </mapping>
  <kind value="complex-type" />
  <abstract value="false" />
  <type value="HumanName" />
  <baseDefinition value="http://hl7.org/fhir/StructureDefinition/HumanName" />
  <derivation value="constraint" />
  <snapshot>
    <element id="HumanName">
      <path value="HumanName" />
      <short value="Personenname" />
      <definition value="Personenname mit in Deutschland üblichen Erweiterungen" />
      <comment value="Hinweis zur Repräsentation von Anreden: Diese sollten, sofern erforderlich, ausschließlich in HumanName.text erscheinen (z.B. &quot;Frsu Dr. Martha Musterfrau&quot;).&#xD;&#xA;Nach Möglichkeit sollte die Anrede aus dem Geschlecht der Person abgeleitet werden.&#xD;&#xA;Das Element prefix wird nur für akademische Titel und andere Namensbestandteile verwendet." />
      <min value="0" />
      <max value="*" />
      <base>
        <path value="Element" />
        <min value="0" />
        <max value="*" />
      </base>
      <condition value="ele-1" />
      <constraint>
        <key value="ele-1" />
        <severity value="error" />
        <human value="All FHIR elements must have a @value or children" />
        <expression value="hasValue() | (children().count() &gt; id.count())" />
        <xpath value="@value|f:*|h:div" />
      </constraint>
      <constraint>
        <key value="hum-1" />
        <severity value="error" />
        <human value="Wenn die Extension 'namenszusatz' verwendet wird, dann muss der vollständige Name im Attribut 'family' angegeben werden" />
        <expression value="family.extension('http://fhir.de/StructureDefinition/humanname-namenszusatz').empty() or family.hasValue()" />
      </constraint>
      <constraint>
        <key value="hum-2" />
        <severity value="error" />
        <human value="Wenn die Extension 'nachname' verwendet wird, dann muss der vollständige Name im Attribut 'family' angegeben werden" />
        <expression value="family.extension('http://hl7.org/fhir/StructureDefinition/humanname-own-name').empty() or family.hasValue()" />
      </constraint>
      <constraint>
        <key value="hum-3" />
        <severity value="error" />
        <human value="Wenn die Extension 'vorsatzwort' verwendet wird, dann muss der vollständige Name im Attribut 'family' angegeben werden" />
        <expression value="family.extension('http://hl7.org/fhir/StructureDefinition/humanname-own-prefix').empty() or family.hasValue()" />
      </constraint>
      <constraint>
        <key value="hum-4" />
        <severity value="error" />
        <human value="Wenn die Extension 'prefix-qualifier' verwendet wird, dann muss ein Namenspräfix im Attribut 'prefix' angegeben werden" />
        <expression value="prefix.all($this.extension('http://hl7.org/fhir/StructureDefinition/iso21090-EN-qualifier').empty() or $this.hasValue())" />
      </constraint>
      <mapping>
        <identity value="rim" />
        <map value="n/a" />
      </mapping>
      <mapping>
        <identity value="v2" />
        <map value="XPN" />
      </mapping>
      <mapping>
        <identity value="rim" />
        <map value="EN (actually, PN)" />
      </mapping>
      <mapping>
        <identity value="servd" />
        <map value="ProviderName" />
      </mapping>
    </element>
    <element id="HumanName.id">
      <path value="HumanName.id" />
      <representation value="xmlAttr" />
      <short value="xml:id (or equivalent in JSON)" />
      <definition value="unique id for the element within a resource (for internal references). This may be any string value that does not contain spaces." />
      <comment value="Note that FHIR strings may not exceed 1MB in size" />
      <min value="0" />
      <max value="1" />
      <base>
        <path value="Element.id" />
        <min value="0" />
        <max value="1" />
      </base>
      <type>
        <code value="string" />
      </type>
      <condition value="ele-1" />
      <constraint>
        <key value="ele-1" />
        <severity value="error" />
        <human value="All FHIR elements must have a @value or children" />
        <expression value="hasValue() | (children().count() &gt; id.count())" />
        <xpath value="@value|f:*|h:div" />
      </constraint>
      <mapping>
        <identity value="rim" />
        <map value="n/a" />
      </mapping>
    </element>
    <element id="HumanName.extension">
      <path value="HumanName.extension" />
      <slicing>
        <discriminator>
          <type value="value" />
          <path value="url" />
        </discriminator>
        <description value="Extensions are always sliced by (at least) url" />
        <rules value="open" />
      </slicing>
      <short value="Additional Content defined by implementations" />
      <definition value="May be used to represent additional information that is not part of the basic definition of the element. In order to make the use of extensions safe and manageable, there is a strict set of governance  applied to the definition and use of extensions. Though any implementer is allowed to define an extension, there is a set of requirements that SHALL be met as part of the definition of the extension." />
      <comment value="There can be no stigma associated with the use of extensions by any application, project, or standard - regardless of the institution or jurisdiction that uses or defines the extensions.  The use of extensions is what allows the FHIR specification to retain a core level of simplicity for everyone." />
      <alias value="extensions" />
      <alias value="user content" />
      <min value="0" />
      <max value="*" />
      <base>
        <path value="Element.extension" />
        <min value="0" />
        <max value="*" />
      </base>
      <type>
        <code value="Extension" />
      </type>
      <condition value="ele-1" />
      <constraint>
        <key value="ele-1" />
        <severity value="error" />
        <human value="All FHIR elements must have a @value or children" />
        <expression value="hasValue() | (children().count() &gt; id.count())" />
        <xpath value="@value|f:*|h:div" />
      </constraint>
      <constraint>
        <key value="ext-1" />
        <severity value="error" />
        <human value="Must have either extensions or value[x], not both" />
        <expression value="extension.exists() != value.exists()" />
        <xpath value="exists(f:extension)!=exists(f:*[starts-with(local-name(.), 'value')])" />
      </constraint>
      <mapping>
        <identity value="rim" />
        <map value="n/a" />
      </mapping>
      <mapping>
        <identity value="rim" />
        <map value="N/A" />
      </mapping>
    </element>
    <element id="HumanName.use">
      <path value="HumanName.use" />
      <short value="usual | official | temp | nickname | anonymous | old | maiden" />
      <definition value="Identifies the purpose for this name." />
      <comment value="This is labeled as &quot;Is Modifier&quot; because applications should not mistake a temporary or old name etc.for a current/permanent one. Applications can assume that a name is current unless it explicitly says that it is temporary or old." />
      <requirements value="Allows the appropriate name for a particular context of use to be selected from among a set of names." />
      <min value="0" />
      <max value="1" />
      <base>
        <path value="HumanName.use" />
        <min value="0" />
        <max value="1" />
      </base>
      <type>
        <code value="code" />
      </type>
      <condition value="ele-1" />
      <constraint>
        <key value="ele-1" />
        <severity value="error" />
        <human value="All FHIR elements must have a @value or children" />
        <expression value="hasValue() | (children().count() &gt; id.count())" />
        <xpath value="@value|f:*|h:div" />
      </constraint>
      <isModifier value="true" />
      <isSummary value="true" />
      <binding>
        <extension url="http://hl7.org/fhir/StructureDefinition/elementdefinition-bindingName">
          <valueString value="NameUse" />
        </extension>
        <strength value="required" />
        <description value="The use of a human name" />
        <valueSetReference>
          <reference value="http://hl7.org/fhir/ValueSet/name-use" />
        </valueSetReference>
      </binding>
      <mapping>
        <identity value="rim" />
        <map value="n/a" />
      </mapping>
      <mapping>
        <identity value="v2" />
        <map value="XPN.7, but often indicated by which field contains the name" />
      </mapping>
      <mapping>
        <identity value="rim" />
        <map value="unique(./use)" />
      </mapping>
      <mapping>
        <identity value="servd" />
        <map value="./NamePurpose" />
      </mapping>
      <mapping>
        <identity value="BDT" />
        <map value="1211 (in BDT als Freitext!)" />
      </mapping>
    </element>
    <element id="HumanName.text">
      <path value="HumanName.text" />
      <short value="Text representation of the full name" />
      <definition value="A full text representation of the name." />
      <comment value="Can provide both a text representation and structured parts." />
      <requirements value="A renderable, unencoded form." />
      <min value="0" />
      <max value="1" />
      <base>
        <path value="HumanName.text" />
        <min value="0" />
        <max value="1" />
      </base>
      <type>
        <code value="string" />
      </type>
      <condition value="ele-1" />
      <constraint>
        <key value="ele-1" />
        <severity value="error" />
        <human value="All FHIR elements must have a @value or children" />
        <expression value="hasValue() | (children().count() &gt; id.count())" />
        <xpath value="@value|f:*|h:div" />
      </constraint>
      <isSummary value="true" />
      <mapping>
        <identity value="rim" />
        <map value="n/a" />
      </mapping>
      <mapping>
        <identity value="v2" />
        <map value="implied by XPN.11" />
      </mapping>
      <mapping>
        <identity value="rim" />
        <map value="./formatted" />
      </mapping>
    </element>
    <element id="HumanName.family">
      <path value="HumanName.family" />
      <short value="Familienname" />
      <definition value="Der vollständige Familienname, einschließlich aller Vorsatz- und Zusatzwörter, mit Leerzeichen getrennt." />
      <comment value="Family Name may be decomposed into specific parts using extensions (de, nl, es related cultures)." />
      <alias value="surname" />
      <min value="0" />
      <max value="1" />
      <base>
        <path value="HumanName.family" />
        <min value="0" />
        <max value="1" />
      </base>
      <type>
        <code value="string" />
      </type>
      <condition value="ele-1" />
      <condition value="hum-1" />
      <condition value="hum-2" />
      <condition value="hum-3" />
      <constraint>
        <key value="ele-1" />
        <severity value="error" />
        <human value="All FHIR elements must have a @value or children" />
        <expression value="hasValue() | (children().count() &gt; id.count())" />
        <xpath value="@value|f:*|h:div" />
      </constraint>
      <isSummary value="true" />
      <mapping>
        <identity value="rim" />
        <map value="n/a" />
      </mapping>
      <mapping>
        <identity value="v2" />
        <map value="XPN.1/FN.1" />
      </mapping>
      <mapping>
        <identity value="rim" />
        <map value="./part[partType = FAM]" />
      </mapping>
      <mapping>
        <identity value="servd" />
        <map value="./FamilyName" />
      </mapping>
      <mapping>
        <identity value="BDT" />
        <map value="3120 + 3100 + 3101" />
      </mapping>
      <mapping>
        <identity value="KVDT" />
        <map value="3120 + 3100 + 3101" />
      </mapping>
    </element>
    <element id="HumanName.family.id">
      <path value="HumanName.family.id" />
      <representation value="xmlAttr" />
      <short value="xml:id (or equivalent in JSON)" />
      <definition value="unique id for the element within a resource (for internal references). This may be any string value that does not contain spaces." />
      <comment value="Note that FHIR strings may not exceed 1MB in size" />
      <min value="0" />
      <max value="1" />
      <base>
        <path value="Element.id" />
        <min value="0" />
        <max value="1" />
      </base>
      <type>
        <code value="string" />
      </type>
      <condition value="ele-1" />
      <constraint>
        <key value="ele-1" />
        <severity value="error" />
        <human value="All FHIR elements must have a @value or children" />
        <expression value="hasValue() | (children().count() &gt; id.count())" />
        <xpath value="@value|f:*|h:div" />
      </constraint>
      <mapping>
        <identity value="rim" />
        <map value="n/a" />
      </mapping>
    </element>
    <element id="HumanName.family.extension">
      <path value="HumanName.family.extension" />
      <slicing>
        <discriminator>
          <type value="value" />
          <path value="url" />
        </discriminator>
        <description value="Extensions are always sliced by (at least) url" />
        <rules value="open" />
      </slicing>
      <short value="Additional Content defined by implementations" />
      <definition value="May be used to represent additional information that is not part of the basic definition of the element. In order to make the use of extensions safe and manageable, there is a strict set of governance  applied to the definition and use of extensions. Though any implementer is allowed to define an extension, there is a set of requirements that SHALL be met as part of the definition of the extension." />
      <comment value="There can be no stigma associated with the use of extensions by any application, project, or standard - regardless of the institution or jurisdiction that uses or defines the extensions.  The use of extensions is what allows the FHIR specification to retain a core level of simplicity for everyone." />
      <alias value="extensions" />
      <alias value="user content" />
      <min value="0" />
      <max value="*" />
      <base>
        <path value="Element.extension" />
        <min value="0" />
        <max value="*" />
      </base>
      <type>
        <code value="Extension" />
      </type>
      <condition value="ele-1" />
      <constraint>
        <key value="ele-1" />
        <severity value="error" />
        <human value="All FHIR elements must have a @value or children" />
        <expression value="hasValue() | (children().count() &gt; id.count())" />
        <xpath value="@value|f:*|h:div" />
      </constraint>
      <constraint>
        <key value="ext-1" />
        <severity value="error" />
        <human value="Must have either extensions or value[x], not both" />
        <expression value="extension.exists() != value.exists()" />
        <xpath value="exists(f:extension)!=exists(f:*[starts-with(local-name(.), 'value')])" />
      </constraint>
      <mapping>
        <identity value="rim" />
        <map value="n/a" />
      </mapping>
      <mapping>
        <identity value="rim" />
        <map value="N/A" />
      </mapping>
    </element>
    <element id="HumanName.family.extension:namenszusatz">
      <path value="HumanName.family.extension" />
      <sliceName value="namenszusatz" />
      <short value="Namenszusatz gemäß VSDM (Versichertenstammdatenmanagement, &quot;eGK&quot;)" />
      <definition value="Namenszusatz als Bestandteil das Nachnamens, wie in VSDM (Versichertenstammdatenmanagement, &quot;eGK&quot;) definiert.&#xD;&#xA;Beispiele: Gräfin, Prinz oder Fürst" />
      <comment value="Die Extension wurde erstellt aufgrund der Anforderung, die auf der eGK vorhandenen Patientenstammdaten in FHIR abbilden zu können. Auf der eGK werden die Namensbestandteile &quot;Namenszusatz&quot; und &quot;Vorsatzwort&quot; getrennt vom Nachnamen gespeichert. Anhand der Liste der zulässigen Namenszusätze ist deutlich erkennbar, dass es sich hierbei sinngemäß um Adelstitel handelt.&#xD;&#xA;Das Vorsatzwort kann durch die Core-Extension http://build.fhir.org/extension-humanname-own-name.html abgebildet werden, für den Namenszusatz ergibt sich jedoch die Notwendikeit einer nationalen Extension, da in andern Ländern Adelstitel entweder gar nicht oder als reguläres Namenspräfix erfasst werden." />
      <alias value="extensions" />
      <alias value="user content" />
      <min value="0" />
      <max value="1" />
      <base>
        <path value="Element.extension" />
        <min value="0" />
        <max value="*" />
      </base>
      <type>
        <code value="Extension" />
        <profile value="http://fhir.de/StructureDefinition/humanname-namenszusatz/0.2" />
      </type>
      <condition value="ele-1" />
      <condition value="hum-1" />
      <constraint>
        <key value="ele-1" />
        <severity value="error" />
        <human value="All FHIR elements must have a @value or children" />
        <expression value="hasValue() | (children().count() &gt; id.count())" />
        <xpath value="@value|f:*|h:div" />
      </constraint>
      <constraint>
        <key value="ext-1" />
        <severity value="error" />
        <human value="Must have either extensions or value[x], not both" />
        <expression value="extension.exists() != value.exists()" />
        <xpath value="exists(f:extension)!=exists(f:*[starts-with(local-name(.), 'value')])" />
      </constraint>
      <mapping>
        <identity value="rim" />
        <map value="n/a" />
      </mapping>
      <mapping>
        <identity value="rim" />
        <map value="N/A" />
      </mapping>
      <mapping>
        <identity value="KVDT" />
        <map value="3100" />
      </mapping>
      <mapping>
        <identity value="BDT" />
        <map value="3100" />
      </mapping>
    </element>
    <element id="HumanName.family.extension:nachname">
      <path value="HumanName.family.extension" />
      <sliceName value="nachname" />
      <short value="Nachname ohne Vor- und Zusätze" />
      <definition value="Nachname ohne Vor- und Zusätze.&#xD;&#xA;Dient z.B. der alphabetischen Einordnung des Namens." />
      <comment value="If the person's surname has legally changed to become (or incorporate) the surname of the person's partner or spouse, this is the person's surname immediately prior to such change. Often this is the person's &quot;maiden name&quot;." />
      <alias value="extensions" />
      <alias value="user content" />
      <min value="0" />
      <max value="1" />
      <base>
        <path value="Element.extension" />
        <min value="0" />
        <max value="*" />
      </base>
      <type>
        <code value="Extension" />
        <profile value="http://hl7.org/fhir/StructureDefinition/humanname-own-name" />
      </type>
      <condition value="ele-1" />
      <condition value="hum-2" />
      <constraint>
        <key value="ele-1" />
        <severity value="error" />
        <human value="All FHIR elements must have a @value or children" />
        <expression value="hasValue() | (children().count() &gt; id.count())" />
        <xpath value="@value|f:*|h:div" />
      </constraint>
      <constraint>
        <key value="ext-1" />
        <severity value="error" />
        <human value="Must have either extensions or value[x], not both" />
        <expression value="extension.exists() != value.exists()" />
        <xpath value="exists(f:extension)!=exists(f:*[starts-with(local-name(.), 'value')])" />
      </constraint>
      <mapping>
        <identity value="rim" />
        <map value="n/a" />
      </mapping>
      <mapping>
        <identity value="rim" />
        <map value="N/A" />
      </mapping>
      <mapping>
        <identity value="v2" />
        <map value="FN.3" />
      </mapping>
      <mapping>
        <identity value="rim" />
        <map value="ENXP where Qualifiers = (BR)" />
      </mapping>
      <mapping>
        <identity value="KVDT" />
        <map value="3101" />
      </mapping>
      <mapping>
        <identity value="BDT" />
        <map value="3101" />
      </mapping>
    </element>
    <element id="HumanName.family.extension:nachname.id">
      <path value="HumanName.family.extension.id" />
      <representation value="xmlAttr" />
      <short value="xml:id (or equivalent in JSON)" />
      <definition value="unique id for the element within a resource (for internal references). This may be any string value that does not contain spaces." />
      <comment value="Note that FHIR strings may not exceed 1MB in size" />
      <min value="0" />
      <max value="1" />
      <base>
        <path value="Element.id" />
        <min value="0" />
        <max value="1" />
      </base>
      <type>
        <code value="string" />
      </type>
      <condition value="ele-1" />
      <constraint>
        <key value="ele-1" />
        <severity value="error" />
        <human value="All FHIR elements must have a @value or children" />
        <expression value="hasValue() | (children().count() &gt; id.count())" />
        <xpath value="@value|f:*|h:div" />
      </constraint>
      <mapping>
        <identity value="rim" />
        <map value="n/a" />
      </mapping>
    </element>
    <element id="HumanName.family.extension:nachname.extension">
      <path value="HumanName.family.extension.extension" />
      <slicing>
        <discriminator>
          <type value="value" />
          <path value="url" />
        </discriminator>
        <description value="Extensions are always sliced by (at least) url" />
        <rules value="open" />
      </slicing>
      <short value="Additional Content defined by implementations" />
      <definition value="May be used to represent additional information that is not part of the basic definition of the element. In order to make the use of extensions safe and manageable, there is a strict set of governance  applied to the definition and use of extensions. Though any implementer is allowed to define an extension, there is a set of requirements that SHALL be met as part of the definition of the extension." />
      <comment value="There can be no stigma associated with the use of extensions by any application, project, or standard - regardless of the institution or jurisdiction that uses or defines the extensions.  The use of extensions is what allows the FHIR specification to retain a core level of simplicity for everyone." />
      <alias value="extensions" />
      <alias value="user content" />
      <min value="0" />
      <max value="0" />
      <base>
        <path value="Element.extension" />
        <min value="0" />
        <max value="*" />
      </base>
      <type>
        <code value="Extension" />
      </type>
      <condition value="ele-1" />
      <constraint>
        <key value="ele-1" />
        <severity value="error" />
        <human value="All FHIR elements must have a @value or children" />
        <expression value="hasValue() | (children().count() &gt; id.count())" />
        <xpath value="@value|f:*|h:div" />
      </constraint>
      <constraint>
        <key value="ext-1" />
        <severity value="error" />
        <human value="Must have either extensions or value[x], not both" />
        <expression value="extension.exists() != value.exists()" />
        <xpath value="exists(f:extension)!=exists(f:*[starts-with(local-name(.), 'value')])" />
      </constraint>
      <mapping>
        <identity value="rim" />
        <map value="n/a" />
      </mapping>
      <mapping>
        <identity value="rim" />
        <map value="N/A" />
      </mapping>
    </element>
    <element id="HumanName.family.extension:nachname.url">
      <path value="HumanName.family.extension.url" />
      <representation value="xmlAttr" />
      <short value="identifies the meaning of the extension" />
      <definition value="Source of the definition for the extension code - a logical name or a URL." />
      <comment value="The definition may point directly to a computable or human-readable definition of the extensibility codes, or it may be a logical URI as declared in some other specification. The definition SHALL be a URI for the Structure Definition defining the extension." />
      <min value="1" />
      <max value="1" />
      <base>
        <path value="Extension.url" />
        <min value="1" />
        <max value="1" />
      </base>
      <type>
        <code value="uri" />
      </type>
      <fixedUri value="http://hl7.org/fhir/StructureDefinition/humanname-own-name" />
      <condition value="ele-1" />
      <constraint>
        <key value="ele-1" />
        <severity value="error" />
        <human value="All FHIR elements must have a @value or children" />
        <expression value="hasValue() | (children().count() &gt; id.count())" />
        <xpath value="@value|f:*|h:div" />
      </constraint>
      <mapping>
        <identity value="rim" />
        <map value="n/a" />
      </mapping>
      <mapping>
        <identity value="rim" />
        <map value="N/A" />
      </mapping>
    </element>
    <element id="HumanName.family.extension:nachname.valueString:valueString">
      <path value="HumanName.family.extension.valueString" />
      <sliceName value="valueString" />
      <short value="Value of extension" />
      <definition value="Value of extension - may be a resource or one of a constrained set of the data types (see Extensibility in the spec for list)." />
      <comment value="A stream of bytes, base64 encoded" />
      <min value="0" />
      <max value="1" />
      <base>
        <path value="Extension.value[x]" />
        <min value="0" />
        <max value="1" />
      </base>
      <type>
        <code value="string" />
      </type>
      <condition value="ele-1" />
      <constraint>
        <key value="ele-1" />
        <severity value="error" />
        <human value="All FHIR elements must have a @value or children" />
        <expression value="hasValue() | (children().count() &gt; id.count())" />
        <xpath value="@value|f:*|h:div" />
      </constraint>
      <mapping>
        <identity value="rim" />
        <map value="n/a" />
      </mapping>
      <mapping>
        <identity value="rim" />
        <map value="N/A" />
      </mapping>
    </element>
    <element id="HumanName.family.extension:vorsatzwort">
      <path value="HumanName.family.extension" />
      <sliceName value="vorsatzwort" />
      <short value="Vorsatzwort" />
      <definition value="Vorsatzwort wie z.B.: von, van, zu&#xD;&#xA;Vgl. auch VSDM-Spezifikation der Gematik (Versichertenstammdatenmanagement, &quot;eGK&quot;)" />
      <comment value="An example of a voorvoegsel is the &quot;van&quot; in &quot;Ludwig van Beethoven&quot;. Since the voorvoegsel doesn't sort completely alphabetically, it is reasonable to specify it as a separate sub-component." />
      <alias value="extensions" />
      <alias value="user content" />
      <min value="0" />
      <max value="1" />
      <base>
        <path value="Element.extension" />
        <min value="0" />
        <max value="*" />
      </base>
      <type>
        <code value="Extension" />
        <profile value="http://hl7.org/fhir/StructureDefinition/humanname-own-prefix" />
      </type>
      <condition value="ele-1" />
      <condition value="hum-3" />
      <constraint>
        <key value="ele-1" />
        <severity value="error" />
        <human value="All FHIR elements must have a @value or children" />
        <expression value="hasValue() | (children().count() &gt; id.count())" />
        <xpath value="@value|f:*|h:div" />
      </constraint>
      <constraint>
        <key value="ext-1" />
        <severity value="error" />
        <human value="Must have either extensions or value[x], not both" />
        <expression value="extension.exists() != value.exists()" />
        <xpath value="exists(f:extension)!=exists(f:*[starts-with(local-name(.), 'value')])" />
      </constraint>
      <mapping>
        <identity value="rim" />
        <map value="n/a" />
      </mapping>
      <mapping>
        <identity value="rim" />
        <map value="N/A" />
      </mapping>
      <mapping>
        <identity value="v2" />
        <map value="FN.2" />
      </mapping>
      <mapping>
        <identity value="rim" />
        <map value="ENXP where Qualifiers = (VV, R)" />
      </mapping>
      <mapping>
        <identity value="BDT" />
        <map value="3120" />
      </mapping>
      <mapping>
        <identity value="KVDT" />
        <map value="3120" />
      </mapping>
    </element>
    <element id="HumanName.family.extension:vorsatzwort.id">
      <path value="HumanName.family.extension.id" />
      <representation value="xmlAttr" />
      <short value="xml:id (or equivalent in JSON)" />
      <definition value="unique id for the element within a resource (for internal references). This may be any string value that does not contain spaces." />
      <comment value="Note that FHIR strings may not exceed 1MB in size" />
      <min value="0" />
      <max value="1" />
      <base>
        <path value="Element.id" />
        <min value="0" />
        <max value="1" />
      </base>
      <type>
        <code value="string" />
      </type>
      <condition value="ele-1" />
      <constraint>
        <key value="ele-1" />
        <severity value="error" />
        <human value="All FHIR elements must have a @value or children" />
        <expression value="hasValue() | (children().count() &gt; id.count())" />
        <xpath value="@value|f:*|h:div" />
      </constraint>
      <mapping>
        <identity value="rim" />
        <map value="n/a" />
      </mapping>
    </element>
    <element id="HumanName.family.extension:vorsatzwort.extension">
      <path value="HumanName.family.extension.extension" />
      <slicing>
        <discriminator>
          <type value="value" />
          <path value="url" />
        </discriminator>
        <description value="Extensions are always sliced by (at least) url" />
        <rules value="open" />
      </slicing>
      <short value="Additional Content defined by implementations" />
      <definition value="May be used to represent additional information that is not part of the basic definition of the element. In order to make the use of extensions safe and manageable, there is a strict set of governance  applied to the definition and use of extensions. Though any implementer is allowed to define an extension, there is a set of requirements that SHALL be met as part of the definition of the extension." />
      <comment value="There can be no stigma associated with the use of extensions by any application, project, or standard - regardless of the institution or jurisdiction that uses or defines the extensions.  The use of extensions is what allows the FHIR specification to retain a core level of simplicity for everyone." />
      <alias value="extensions" />
      <alias value="user content" />
      <min value="0" />
      <max value="0" />
      <base>
        <path value="Element.extension" />
        <min value="0" />
        <max value="*" />
      </base>
      <type>
        <code value="Extension" />
      </type>
      <condition value="ele-1" />
      <constraint>
        <key value="ele-1" />
        <severity value="error" />
        <human value="All FHIR elements must have a @value or children" />
        <expression value="hasValue() | (children().count() &gt; id.count())" />
        <xpath value="@value|f:*|h:div" />
      </constraint>
      <constraint>
        <key value="ext-1" />
        <severity value="error" />
        <human value="Must have either extensions or value[x], not both" />
        <expression value="extension.exists() != value.exists()" />
        <xpath value="exists(f:extension)!=exists(f:*[starts-with(local-name(.), 'value')])" />
      </constraint>
      <mapping>
        <identity value="rim" />
        <map value="n/a" />
      </mapping>
      <mapping>
        <identity value="rim" />
        <map value="N/A" />
      </mapping>
    </element>
    <element id="HumanName.family.extension:vorsatzwort.url">
      <path value="HumanName.family.extension.url" />
      <representation value="xmlAttr" />
      <short value="identifies the meaning of the extension" />
      <definition value="Source of the definition for the extension code - a logical name or a URL." />
      <comment value="The definition may point directly to a computable or human-readable definition of the extensibility codes, or it may be a logical URI as declared in some other specification. The definition SHALL be a URI for the Structure Definition defining the extension." />
      <min value="1" />
      <max value="1" />
      <base>
        <path value="Extension.url" />
        <min value="1" />
        <max value="1" />
      </base>
      <type>
        <code value="uri" />
      </type>
      <fixedUri value="http://hl7.org/fhir/StructureDefinition/humanname-own-prefix" />
      <condition value="ele-1" />
      <constraint>
        <key value="ele-1" />
        <severity value="error" />
        <human value="All FHIR elements must have a @value or children" />
        <expression value="hasValue() | (children().count() &gt; id.count())" />
        <xpath value="@value|f:*|h:div" />
      </constraint>
      <mapping>
        <identity value="rim" />
        <map value="n/a" />
      </mapping>
      <mapping>
        <identity value="rim" />
        <map value="N/A" />
      </mapping>
    </element>
    <element id="HumanName.family.extension:vorsatzwort.valueString:valueString">
      <path value="HumanName.family.extension.valueString" />
      <sliceName value="valueString" />
      <short value="Value of extension" />
      <definition value="Value of extension - may be a resource or one of a constrained set of the data types (see Extensibility in the spec for list)." />
      <comment value="A stream of bytes, base64 encoded" />
      <min value="0" />
      <max value="1" />
      <base>
        <path value="Extension.value[x]" />
        <min value="0" />
        <max value="1" />
      </base>
      <type>
        <code value="string" />
      </type>
      <condition value="ele-1" />
      <constraint>
        <key value="ele-1" />
        <severity value="error" />
        <human value="All FHIR elements must have a @value or children" />
        <expression value="hasValue() | (children().count() &gt; id.count())" />
        <xpath value="@value|f:*|h:div" />
      </constraint>
      <mapping>
        <identity value="rim" />
        <map value="n/a" />
      </mapping>
      <mapping>
        <identity value="rim" />
        <map value="N/A" />
      </mapping>
    </element>
    <element id="HumanName.family.value">
      <path value="HumanName.family.value" />
      <representation value="xmlAttr" />
      <short value="Primitive value for string" />
      <definition value="Primitive value for string" />
      <min value="0" />
      <max value="1" />
      <base>
        <path value="string.value" />
        <min value="0" />
        <max value="1" />
      </base>
      <type>
        <code>
          <extension url="http://hl7.org/fhir/StructureDefinition/structuredefinition-json-type">
            <valueString value="string" />
          </extension>
          <extension url="http://hl7.org/fhir/StructureDefinition/structuredefinition-xml-type">
            <valueString value="xsd:string" />
          </extension>
          <extension url="http://hl7.org/fhir/StructureDefinition/structuredefinition-rdf-type">
            <valueString value="xsd:string" />
          </extension>
        </code>
      </type>
      <maxLength value="1048576" />
    </element>
    <element id="HumanName.given">
      <path value="HumanName.given" />
      <short value="Vorname" />
      <definition value="Vorname der Person" />
      <comment value="If only initials are recorded, they may be used in place of the full name.  Not called &quot;first name&quot; since given names do not always come first." />
      <alias value="first name" />
      <alias value="middle name" />
      <min value="0" />
      <max value="*" />
      <base>
        <path value="HumanName.given" />
        <min value="0" />
        <max value="*" />
      </base>
      <type>
        <code value="string" />
      </type>
      <orderMeaning value="Given Names appear in the correct order for presenting the name" />
      <condition value="ele-1" />
      <constraint>
        <key value="ele-1" />
        <severity value="error" />
        <human value="All FHIR elements must have a @value or children" />
        <expression value="hasValue() | (children().count() &gt; id.count())" />
        <xpath value="@value|f:*|h:div" />
      </constraint>
      <isSummary value="true" />
      <mapping>
        <identity value="rim" />
        <map value="n/a" />
      </mapping>
      <mapping>
        <identity value="v2" />
        <map value="XPN.2 + XPN.3" />
      </mapping>
      <mapping>
        <identity value="rim" />
        <map value="./part[partType = GIV]" />
      </mapping>
      <mapping>
        <identity value="servd" />
        <map value="./GivenNames" />
      </mapping>
      <mapping>
        <identity value="KVDT" />
        <map value="3102" />
      </mapping>
      <mapping>
        <identity value="BDT" />
        <map value="3102" />
      </mapping>
    </element>
    <element id="HumanName.prefix">
      <path value="HumanName.prefix" />
      <short value="Namensteile vor dem Vornamen" />
      <definition value="Namensteile vor dem Vornamen, z.B. akademischer Titel." />
      <comment value="Note that FHIR strings may not exceed 1MB in size" />
      <min value="0" />
      <max value="*" />
      <base>
        <path value="HumanName.prefix" />
        <min value="0" />
        <max value="*" />
      </base>
      <type>
        <code value="string" />
      </type>
      <orderMeaning value="Prefixes appear in the correct order for presenting the name" />
      <condition value="ele-1" />
      <condition value="hum-4" />
      <constraint>
        <key value="ele-1" />
        <severity value="error" />
        <human value="All FHIR elements must have a @value or children" />
        <expression value="hasValue() | (children().count() &gt; id.count())" />
        <xpath value="@value|f:*|h:div" />
      </constraint>
      <isSummary value="true" />
      <mapping>
        <identity value="rim" />
        <map value="n/a" />
      </mapping>
      <mapping>
        <identity value="v2" />
        <map value="XPN.5" />
      </mapping>
      <mapping>
        <identity value="rim" />
        <map value="./part[partType = PFX]" />
      </mapping>
      <mapping>
        <identity value="servd" />
        <map value="./TitleCode" />
      </mapping>
      <mapping>
        <identity value="KVDT" />
        <map value="3104" />
      </mapping>
      <mapping>
        <identity value="BDT" />
        <map value="3104" />
      </mapping>
    </element>
    <element id="HumanName.prefix.id">
      <path value="HumanName.prefix.id" />
      <representation value="xmlAttr" />
      <short value="xml:id (or equivalent in JSON)" />
      <definition value="unique id for the element within a resource (for internal references). This may be any string value that does not contain spaces." />
      <comment value="Note that FHIR strings may not exceed 1MB in size" />
      <min value="0" />
      <max value="1" />
      <base>
        <path value="Element.id" />
        <min value="0" />
        <max value="1" />
      </base>
      <type>
        <code value="string" />
      </type>
      <condition value="ele-1" />
      <constraint>
        <key value="ele-1" />
        <severity value="error" />
        <human value="All FHIR elements must have a @value or children" />
        <expression value="hasValue() | (children().count() &gt; id.count())" />
        <xpath value="@value|f:*|h:div" />
      </constraint>
      <mapping>
        <identity value="rim" />
        <map value="n/a" />
      </mapping>
    </element>
    <element id="HumanName.prefix.extension">
      <path value="HumanName.prefix.extension" />
      <slicing>
        <discriminator>
          <type value="value" />
          <path value="url" />
        </discriminator>
        <description value="Extensions are always sliced by (at least) url" />
        <rules value="open" />
      </slicing>
      <short value="Additional Content defined by implementations" />
      <definition value="May be used to represent additional information that is not part of the basic definition of the element. In order to make the use of extensions safe and manageable, there is a strict set of governance  applied to the definition and use of extensions. Though any implementer is allowed to define an extension, there is a set of requirements that SHALL be met as part of the definition of the extension." />
      <comment value="There can be no stigma associated with the use of extensions by any application, project, or standard - regardless of the institution or jurisdiction that uses or defines the extensions.  The use of extensions is what allows the FHIR specification to retain a core level of simplicity for everyone." />
      <alias value="extensions" />
      <alias value="user content" />
      <min value="0" />
      <max value="*" />
      <base>
        <path value="Element.extension" />
        <min value="0" />
        <max value="*" />
      </base>
      <type>
        <code value="Extension" />
      </type>
      <condition value="ele-1" />
      <constraint>
        <key value="ele-1" />
        <severity value="error" />
        <human value="All FHIR elements must have a @value or children" />
        <expression value="hasValue() | (children().count() &gt; id.count())" />
        <xpath value="@value|f:*|h:div" />
      </constraint>
      <constraint>
        <key value="ext-1" />
        <severity value="error" />
        <human value="Must have either extensions or value[x], not both" />
        <expression value="extension.exists() != value.exists()" />
        <xpath value="exists(f:extension)!=exists(f:*[starts-with(local-name(.), 'value')])" />
      </constraint>
      <mapping>
        <identity value="rim" />
        <map value="n/a" />
      </mapping>
      <mapping>
        <identity value="rim" />
        <map value="N/A" />
      </mapping>
    </element>
    <element id="HumanName.prefix.extension:prefix-qualifier">
      <path value="HumanName.prefix.extension" />
      <sliceName value="prefix-qualifier" />
      <short value="LS | AC | NB | PR | HON | BR | AD | SP | MID | CL | IN | VV" />
      <definition value="Spezialisierung der Art des Präfixes, z.B. &quot;AC&quot; für Akademische Titel" />
      <comment value="Used to indicate additional information about the name part and how it should be used." />
      <alias value="extensions" />
      <alias value="user content" />
      <min value="0" />
      <max value="*" />
      <base>
        <path value="Element.extension" />
        <min value="0" />
        <max value="*" />
      </base>
      <type>
        <code value="Extension" />
        <profile value="http://hl7.org/fhir/StructureDefinition/iso21090-EN-qualifier" />
      </type>
      <condition value="ele-1" />
      <condition value="hum-4" />
      <constraint>
        <key value="ele-1" />
        <severity value="error" />
        <human value="All FHIR elements must have a @value or children" />
        <expression value="hasValue() | (children().count() &gt; id.count())" />
        <xpath value="@value|f:*|h:div" />
      </constraint>
      <constraint>
        <key value="ext-1" />
        <severity value="error" />
        <human value="Must have either extensions or value[x], not both" />
        <expression value="extension.exists() != value.exists()" />
        <xpath value="exists(f:extension)!=exists(f:*[starts-with(local-name(.), 'value')])" />
      </constraint>
      <isModifier value="false" />
      <mapping>
        <identity value="rim" />
        <map value="n/a" />
      </mapping>
      <mapping>
        <identity value="rim" />
        <map value="N/A" />
      </mapping>
      <mapping>
        <identity value="rim" />
        <map value="ENXP.qualifier" />
      </mapping>
    </element>
    <element id="HumanName.prefix.extension:prefix-qualifier.id">
      <path value="HumanName.prefix.extension.id" />
      <representation value="xmlAttr" />
      <short value="xml:id (or equivalent in JSON)" />
      <definition value="unique id for the element within a resource (for internal references). This may be any string value that does not contain spaces." />
      <comment value="Note that FHIR strings may not exceed 1MB in size" />
      <min value="0" />
      <max value="1" />
      <base>
        <path value="Element.id" />
        <min value="0" />
        <max value="1" />
      </base>
      <type>
        <code value="string" />
      </type>
      <condition value="ele-1" />
      <constraint>
        <key value="ele-1" />
        <severity value="error" />
        <human value="All FHIR elements must have a @value or children" />
        <expression value="hasValue() | (children().count() &gt; id.count())" />
        <xpath value="@value|f:*|h:div" />
      </constraint>
      <mapping>
        <identity value="rim" />
        <map value="n/a" />
      </mapping>
    </element>
    <element id="HumanName.prefix.extension:prefix-qualifier.extension">
      <path value="HumanName.prefix.extension.extension" />
      <slicing>
        <discriminator>
          <type value="value" />
          <path value="url" />
        </discriminator>
        <description value="Extensions are always sliced by (at least) url" />
        <rules value="open" />
      </slicing>
      <short value="Additional Content defined by implementations" />
      <definition value="May be used to represent additional information that is not part of the basic definition of the element. In order to make the use of extensions safe and manageable, there is a strict set of governance  applied to the definition and use of extensions. Though any implementer is allowed to define an extension, there is a set of requirements that SHALL be met as part of the definition of the extension." />
      <comment value="There can be no stigma associated with the use of extensions by any application, project, or standard - regardless of the institution or jurisdiction that uses or defines the extensions.  The use of extensions is what allows the FHIR specification to retain a core level of simplicity for everyone." />
      <alias value="extensions" />
      <alias value="user content" />
      <min value="0" />
      <max value="0" />
      <base>
        <path value="Element.extension" />
        <min value="0" />
        <max value="*" />
      </base>
      <type>
        <code value="Extension" />
      </type>
      <condition value="ele-1" />
      <constraint>
        <key value="ele-1" />
        <severity value="error" />
        <human value="All FHIR elements must have a @value or children" />
        <expression value="hasValue() | (children().count() &gt; id.count())" />
        <xpath value="@value|f:*|h:div" />
      </constraint>
      <constraint>
        <key value="ext-1" />
        <severity value="error" />
        <human value="Must have either extensions or value[x], not both" />
        <expression value="extension.exists() != value.exists()" />
        <xpath value="exists(f:extension)!=exists(f:*[starts-with(local-name(.), 'value')])" />
      </constraint>
      <mapping>
        <identity value="rim" />
        <map value="n/a" />
      </mapping>
      <mapping>
        <identity value="rim" />
        <map value="N/A" />
      </mapping>
    </element>
    <element id="HumanName.prefix.extension:prefix-qualifier.url">
      <path value="HumanName.prefix.extension.url" />
      <representation value="xmlAttr" />
      <short value="identifies the meaning of the extension" />
      <definition value="Source of the definition for the extension code - a logical name or a URL." />
      <comment value="The definition may point directly to a computable or human-readable definition of the extensibility codes, or it may be a logical URI as declared in some other specification. The definition SHALL be a URI for the Structure Definition defining the extension." />
      <min value="1" />
      <max value="1" />
      <base>
        <path value="Extension.url" />
        <min value="1" />
        <max value="1" />
      </base>
      <type>
        <code value="uri" />
      </type>
      <fixedUri value="http://hl7.org/fhir/StructureDefinition/iso21090-EN-qualifier" />
      <condition value="ele-1" />
      <constraint>
        <key value="ele-1" />
        <severity value="error" />
        <human value="All FHIR elements must have a @value or children" />
        <expression value="hasValue() | (children().count() &gt; id.count())" />
        <xpath value="@value|f:*|h:div" />
      </constraint>
      <mapping>
        <identity value="rim" />
        <map value="n/a" />
      </mapping>
      <mapping>
        <identity value="rim" />
        <map value="N/A" />
      </mapping>
    </element>
    <element id="HumanName.prefix.extension:prefix-qualifier.valueCode:valueCode">
      <path value="HumanName.prefix.extension.valueCode" />
      <sliceName value="valueCode" />
      <short value="Value of extension" />
      <definition value="Value of extension - may be a resource or one of a constrained set of the data types (see Extensibility in the spec for list)." />
      <comment value="A stream of bytes, base64 encoded" />
      <min value="0" />
      <max value="1" />
      <base>
        <path value="Extension.value[x]" />
        <min value="0" />
        <max value="1" />
      </base>
      <type>
        <code value="code" />
      </type>
      <condition value="ele-1" />
      <constraint>
        <key value="ele-1" />
        <severity value="error" />
        <human value="All FHIR elements must have a @value or children" />
        <expression value="hasValue() | (children().count() &gt; id.count())" />
        <xpath value="@value|f:*|h:div" />
      </constraint>
      <binding>
        <extension url="http://hl7.org/fhir/StructureDefinition/elementdefinition-bindingName">
          <valueString value="EntityNamePartQualifier" />
        </extension>
        <strength value="required" />
        <description value="A set of codes each of which specifies a certain subcategory of the name part in addition to the main name part type" />
        <valueSetReference>
          <reference value="http://hl7.org/fhir/ValueSet/name-part-qualifier" />
        </valueSetReference>
      </binding>
      <mapping>
        <identity value="rim" />
        <map value="n/a" />
      </mapping>
      <mapping>
        <identity value="rim" />
        <map value="N/A" />
      </mapping>
    </element>
    <element id="HumanName.prefix.value">
      <path value="HumanName.prefix.value" />
      <representation value="xmlAttr" />
      <short value="Primitive value for string" />
      <definition value="Primitive value for string" />
      <min value="0" />
      <max value="1" />
      <base>
        <path value="string.value" />
        <min value="0" />
        <max value="1" />
      </base>
      <type>
        <code>
          <extension url="http://hl7.org/fhir/StructureDefinition/structuredefinition-json-type">
            <valueString value="string" />
          </extension>
          <extension url="http://hl7.org/fhir/StructureDefinition/structuredefinition-xml-type">
            <valueString value="xsd:string" />
          </extension>
          <extension url="http://hl7.org/fhir/StructureDefinition/structuredefinition-rdf-type">
            <valueString value="xsd:string" />
          </extension>
        </code>
      </type>
      <maxLength value="1048576" />
    </element>
    <element id="HumanName.suffix">
      <path value="HumanName.suffix" />
      <short value="Namensteile nach dem Nachnamen" />
      <definition value="Namensteile nach dem Nachnamen" />
      <comment value="Note that FHIR strings may not exceed 1MB in size" />
      <min value="0" />
      <max value="*" />
      <base>
        <path value="HumanName.suffix" />
        <min value="0" />
        <max value="*" />
      </base>
      <type>
        <code value="string" />
      </type>
      <orderMeaning value="Suffixes appear in the correct order for presenting the name" />
      <condition value="ele-1" />
      <constraint>
        <key value="ele-1" />
        <severity value="error" />
        <human value="All FHIR elements must have a @value or children" />
        <expression value="hasValue() | (children().count() &gt; id.count())" />
        <xpath value="@value|f:*|h:div" />
      </constraint>
      <isSummary value="true" />
      <mapping>
        <identity value="rim" />
        <map value="n/a" />
      </mapping>
      <mapping>
        <identity value="v2" />
        <map value="XPN/4" />
      </mapping>
      <mapping>
        <identity value="rim" />
        <map value="./part[partType = SFX]" />
      </mapping>
    </element>
    <element id="HumanName.period">
      <path value="HumanName.period" />
      <short value="Time period when name was/is in use" />
      <definition value="Indicates the period of time when this name was valid for the named person." />
      <comment value="This is not a duration - that's a measure of time (a separate type), but a duration that occurs at a fixed value of time. A Period specifies a range of time; the context of use will specify whether the entire range applies (e.g. &quot;the patient was an inpatient of the hospital for this time range&quot;) or one value from the range applies (e.g. &quot;give to the patient between these two times&quot;). If duration is required, specify the type as Interval|Duration." />
      <requirements value="Allows names to be placed in historical context." />
      <min value="0" />
      <max value="1" />
      <base>
        <path value="HumanName.period" />
        <min value="0" />
        <max value="1" />
      </base>
      <type>
        <code value="Period" />
      </type>
      <condition value="ele-1" />
      <constraint>
        <key value="ele-1" />
        <severity value="error" />
        <human value="All FHIR elements must have a @value or children" />
        <expression value="hasValue() | (children().count() &gt; id.count())" />
        <xpath value="@value|f:*|h:div" />
      </constraint>
      <constraint>
        <key value="per-1" />
        <severity value="error" />
        <human value="If present, start SHALL have a lower value than end" />
        <expression value="start.empty() or end.empty() or (start &lt;= end)" />
        <xpath value="not(exists(f:start)) or not(exists(f:end)) or (f:start/@value &lt;= f:end/@value)" />
      </constraint>
      <isSummary value="true" />
      <mapping>
        <identity value="rim" />
        <map value="n/a" />
      </mapping>
      <mapping>
        <identity value="v2" />
        <map value="DR" />
      </mapping>
      <mapping>
        <identity value="rim" />
        <map value="IVL&lt;TS&gt;[lowClosed=&quot;true&quot; and highClosed=&quot;true&quot;] or URG&lt;TS&gt;[lowClosed=&quot;true&quot; and highClosed=&quot;true&quot;]" />
      </mapping>
      <mapping>
        <identity value="v2" />
        <map value="XPN.13 + XPN.14" />
      </mapping>
      <mapping>
        <identity value="rim" />
        <map value="./usablePeriod[type=&quot;IVL&lt;TS&gt;&quot;]" />
      </mapping>
      <mapping>
        <identity value="servd" />
        <map value="./StartDate and ./EndDate" />
      </mapping>
    </element>
  </snapshot>
  <differential>
    <element id="HumanName">
      <path value="HumanName" />
      <short value="Personenname" />
      <definition value="Personenname mit in Deutschland üblichen Erweiterungen" />
      <comment value="Hinweis zur Repräsentation von Anreden: Diese sollten, sofern erforderlich, ausschließlich in HumanName.text erscheinen (z.B. &quot;Frsu Dr. Martha Musterfrau&quot;).&#xD;&#xA;Nach Möglichkeit sollte die Anrede aus dem Geschlecht der Person abgeleitet werden.&#xD;&#xA;Das Element prefix wird nur für akademische Titel und andere Namensbestandteile verwendet." />
      <constraint>
        <key value="hum-1" />
        <severity value="error" />
        <human value="Wenn die Extension 'namenszusatz' verwendet wird, dann muss der vollständige Name im Attribut 'family' angegeben werden" />
        <expression value="family.extension('http://fhir.de/StructureDefinition/humanname-namenszusatz').empty() or family.hasValue()" />
      </constraint>
      <constraint>
        <key value="hum-2" />
        <severity value="error" />
        <human value="Wenn die Extension 'nachname' verwendet wird, dann muss der vollständige Name im Attribut 'family' angegeben werden" />
        <expression value="family.extension('http://hl7.org/fhir/StructureDefinition/humanname-own-name').empty() or family.hasValue()" />
      </constraint>
      <constraint>
        <key value="hum-3" />
        <severity value="error" />
        <human value="Wenn die Extension 'vorsatzwort' verwendet wird, dann muss der vollständige Name im Attribut 'family' angegeben werden" />
        <expression value="family.extension('http://hl7.org/fhir/StructureDefinition/humanname-own-prefix').empty() or family.hasValue()" />
      </constraint>
      <constraint>
        <key value="hum-4" />
        <severity value="error" />
        <human value="Wenn die Extension 'prefix-qualifier' verwendet wird, dann muss ein Namenspräfix im Attribut 'prefix' angegeben werden" />
        <expression value="prefix.all($this.extension('http://hl7.org/fhir/StructureDefinition/iso21090-EN-qualifier').empty() or $this.hasValue())" />
      </constraint>
    </element>
    <element id="HumanName.use">
      <path value="HumanName.use" />
      <mapping>
        <identity value="BDT" />
        <map value="1211 (in BDT als Freitext!)" />
      </mapping>
    </element>
    <element id="HumanName.family">
      <path value="HumanName.family" />
      <short value="Familienname" />
      <definition value="Der vollständige Familienname, einschließlich aller Vorsatz- und Zusatzwörter, mit Leerzeichen getrennt." />
      <condition value="hum-1" />
      <condition value="hum-2" />
      <condition value="hum-3" />
      <mapping>
        <identity value="BDT" />
        <map value="3120 + 3100 + 3101" />
      </mapping>
      <mapping>
        <identity value="KVDT" />
        <map value="3120 + 3100 + 3101" />
      </mapping>
    </element>
    <element id="HumanName.family.extension">
      <path value="HumanName.family.extension" />
      <slicing>
        <discriminator>
          <type value="value" />
          <path value="url" />
        </discriminator>
        <rules value="open" />
      </slicing>
    </element>
    <element id="HumanName.family.extension:namenszusatz">
      <path value="HumanName.family.extension" />
      <sliceName value="namenszusatz" />
      <max value="1" />
      <type>
        <code value="Extension" />
        <profile value="http://fhir.de/StructureDefinition/humanname-namenszusatz/0.2" />
      </type>
      <condition value="hum-1" />
      <mapping>
        <identity value="KVDT" />
        <map value="3100" />
      </mapping>
      <mapping>
        <identity value="BDT" />
        <map value="3100" />
      </mapping>
    </element>
    <element id="HumanName.family.extension:nachname">
      <path value="HumanName.family.extension" />
      <sliceName value="nachname" />
      <short value="Nachname ohne Vor- und Zusätze" />
      <definition value="Nachname ohne Vor- und Zusätze.&#xD;&#xA;Dient z.B. der alphabetischen Einordnung des Namens." />
      <type>
        <code value="Extension" />
        <profile value="http://hl7.org/fhir/StructureDefinition/humanname-own-name" />
      </type>
      <condition value="hum-2" />
      <mapping>
        <identity value="KVDT" />
        <map value="3101" />
      </mapping>
      <mapping>
        <identity value="BDT" />
        <map value="3101" />
      </mapping>
    </element>
    <element id="HumanName.family.extension:nachname.valueString:valueString">
      <path value="HumanName.family.extension.valueString" />
      <sliceName value="valueString" />
    </element>
    <element id="HumanName.family.extension:vorsatzwort">
      <path value="HumanName.family.extension" />
      <sliceName value="vorsatzwort" />
      <short value="Vorsatzwort" />
      <definition value="Vorsatzwort wie z.B.: von, van, zu&#xD;&#xA;Vgl. auch VSDM-Spezifikation der Gematik (Versichertenstammdatenmanagement, &quot;eGK&quot;)" />
      <type>
        <code value="Extension" />
        <profile value="http://hl7.org/fhir/StructureDefinition/humanname-own-prefix" />
      </type>
      <condition value="hum-3" />
      <mapping>
        <identity value="BDT" />
        <map value="3120" />
      </mapping>
      <mapping>
        <identity value="KVDT" />
        <map value="3120" />
      </mapping>
    </element>
    <element id="HumanName.family.extension:vorsatzwort.valueString:valueString">
      <path value="HumanName.family.extension.valueString" />
      <sliceName value="valueString" />
    </element>
    <element id="HumanName.given">
      <path value="HumanName.given" />
      <short value="Vorname" />
      <definition value="Vorname der Person" />
      <mapping>
        <identity value="KVDT" />
        <map value="3102" />
      </mapping>
      <mapping>
        <identity value="BDT" />
        <map value="3102" />
      </mapping>
    </element>
    <element id="HumanName.prefix">
      <path value="HumanName.prefix" />
      <short value="Namensteile vor dem Vornamen" />
      <definition value="Namensteile vor dem Vornamen, z.B. akademischer Titel." />
      <condition value="hum-4" />
      <mapping>
        <identity value="KVDT" />
        <map value="3104" />
      </mapping>
      <mapping>
        <identity value="BDT" />
        <map value="3104" />
      </mapping>
    </element>
    <element id="HumanName.prefix.extension">
      <path value="HumanName.prefix.extension" />
      <slicing>
        <discriminator>
          <type value="value" />
          <path value="url" />
        </discriminator>
        <rules value="open" />
      </slicing>
    </element>
    <element id="HumanName.prefix.extension:prefix-qualifier">
      <path value="HumanName.prefix.extension" />
      <sliceName value="prefix-qualifier" />
      <definition value="Spezialisierung der Art des Präfixes, z.B. &quot;AC&quot; für Akademische Titel" />
      <type>
        <code value="Extension" />
        <profile value="http://hl7.org/fhir/StructureDefinition/iso21090-EN-qualifier" />
      </type>
      <condition value="hum-4" />
    </element>
    <element id="HumanName.prefix.extension:prefix-qualifier.valueCode:valueCode">
      <path value="HumanName.prefix.extension.valueCode" />
      <sliceName value="valueCode" />
    </element>
    <element id="HumanName.suffix">
      <path value="HumanName.suffix" />
      <short value="Namensteile nach dem Nachnamen" />
      <definition value="Namensteile nach dem Nachnamen" />
    </element>
  </differential>
</StructureDefinition>