<StructureDefinition xmlns="http://hl7.org/fhir">
  <meta>
    <lastUpdated value="2017-09-14T13:57:49.455-08:00" />
  </meta>
  <extension url="http://hl7.org/fhir/StructureDefinition/structuredefinition-wg">
    <valueCode value="fm" />
  </extension>
  <url value="http://fhir.de/StructureDefinition/coverage-de-basis" />
  <version value="0.1" />
  <name value="coverage-de-basis" />
  <status value="retired" />
  <experimental value="true" />
  <date value="2017-09-15" />
  <publisher value="HL7 Deutschland e.V. (Technisches Komitee FHIR)" />
  <contact>
    <telecom>
      <system value="other" />
      <value value="http://hl7.de/technische-komitees/fhir/" />
    </telecom>
  </contact>
  <description value="Basis-Profil für die Nutzung der Coverage-Resource in Deutschland" />
  <purpose value="Coverage wird verwedet um Informationen über die Versicherung eines Patienten zu speichern/kommunizieren" />
  <copyright value="HL7 Deutschland e.V." />
  <fhirVersion value="3.0.1" />
  <kind value="resource" />
  <abstract value="false" />
  <type value="Coverage" />
  <baseDefinition value="http://hl7.org/fhir/StructureDefinition/Coverage" />
  <derivation value="constraint" />
  <differential>
    <element id="Coverage">
      <path value="Coverage" />
      <short value="Versicherungsdaten" />
      <definition value="Angaben zur Versicherung oder zur Kostenübernahme durch den Patienten selbst oder durch Dritte" />
    </element>
    <element id="Coverage.status">
      <path value="Coverage.status" />
      <min value="1" />
    </element>
    <element id="Coverage.type">
      <path value="Coverage.type" />
      <short value="Versicherungsart" />
      <definition value="Art der Versicherung: Selbstzahler, gesetzliche/private Versicherung, Berufsgenossenschaft oder Sozialamt" />
      <comment value="28.07.2017 (zulip): TC Konsens bzgl. Verwendung eines eigenen ValueSets anstelle des im Standrad definierten preferred bindings, da die dort igen Codes nicht passen. " />
      <binding>
        <extension url="http://hl7.org/fhir/StructureDefinition/elementdefinition-bindingName">
          <valueString value="CoverageType" />
        </extension>
        <strength value="required" />
        <description value="Art der Versicherung: Selbstzahler, gesetzliche/private Versicherung, Berufsgenossenschaft oder Sozialamt" />
        <valueSetReference>
          <reference value="http://fhir.de/ValueSet/versicherungsart-de-basis" />
        </valueSetReference>
      </binding>
    </element>
    <element id="Coverage.policyHolder">
      <path value="Coverage.policyHolder" />
      <comment value="Es gibt derzeit in DE keine Verwendung für dieses Attribut&#xD;&#xA;(Konsens Interop-Forum 12.6.2017)&#xD;&#xA;Falls es UseCases gibt, die dieses Attribut benötigen, bitte Info auf chat.fhir.org" />
      <max value="0" />
    </element>
    <element id="Coverage.subscriber">
      <path value="Coverage.subscriber" />
      <short value="Hauptversicherte Person / Mitglied" />
      <definition value="Hauptversicherte Person (ggf. abweichend von beneficiary), z.B. bei Familienversicherung" />
      <min value="1" />
      <type>
        <code value="Reference" />
        <targetProfile value="http://hl7.org/fhir/StructureDefinition/RelatedPerson" />
      </type>
      <type>
        <code value="Reference" />
        <targetProfile value="http://fhir.de/StructureDefinition/patient-de-basis" />
      </type>
    </element>
    <element id="Coverage.subscriberId">
      <path value="Coverage.subscriberId" />
      <max value="0" />
    </element>
    <element id="Coverage.beneficiary">
      <path value="Coverage.beneficiary" />
      <short value="Versicherte Person" />
      <definition value="Person, auf die sich die Versicherung bezieht, &#xD;&#xA;i.d.R. der Patient" />
      <min value="1" />
      <type>
        <code value="Reference" />
        <targetProfile value="http://fhir.de/StructureDefinition/patient-de-basis" />
      </type>
    </element>
    <element id="Coverage.payor">
      <path value="Coverage.payor" />
      <short value="Versicherer" />
      <definition value="Versicherer, der die Police ausgegeben hat oder Persopn/Organisation, die die Kosten übernimmt." />
      <min value="1" />
      <max value="1" />
      <type>
        <code value="Reference" />
        <targetProfile value="http://fhir.de/StructureDefinition/organization-de-basis" />
      </type>
      <type>
        <code value="Reference" />
        <targetProfile value="http://fhir.de/StructureDefinition/patient-de-basis" />
      </type>
      <type>
        <code value="Reference" />
        <targetProfile value="http://hl7.org/fhir/StructureDefinition/RelatedPerson" />
      </type>
    </element>
    <element id="Coverage.grouping">
      <extension url="http://hl7.org/fhir/StructureDefinition/structuredefinition-explicit-type-name">
        <valueString value="Group" />
      </extension>
      <path value="Coverage.grouping" />
      <comment value="Es gibt derzeit in DE keine Verwendung für dieses Attribut&#xD;&#xA;(Konsens Interop-Forum 12.6.2017)&#xD;&#xA;Falls es UseCases gibt, die dieses Attribut benötigen, bitte Info auf chat.fhir.org" />
      <max value="0" />
    </element>
    <element id="Coverage.dependent">
      <path value="Coverage.dependent" />
      <definition value="Identifikation einer unter dieser Police versicherten Partei&#xD;&#xA;Bsp: eine Familie ist mit der Police mit dem Identifier &quot;12345&quot; versichert&#xD;&#xA;Vater 12345a&#xD;&#xA;Mutter 12345b&#xD;&#xA;Kind 12345c&#xD;&#xA;a, b und c wären dann jeweils die &quot;dependents&quot;" />
      <comment value="Es gibt derzeit in DE keine Verwendung für dieses Attribut&#xD;&#xA;(Konsens Interop-Forum 12.6.2017)&#xD;&#xA;Falls es UseCases gibt, die dieses Attribut benötigen, bitte Info auf chat.fhir.org" />
      <max value="0" />
    </element>
    <element id="Coverage.sequence">
      <path value="Coverage.sequence" />
      <comment value="Es gibt derzeit in DE keine Verwendung für dieses Attribut&#xD;&#xA;(Konsens Interop-Forum 12.6.2017)&#xD;&#xA;Falls es UseCases gibt, die dieses Attribut benötigen, bitte Info auf chat.fhir.org" />
      <max value="0" />
    </element>
    <element id="Coverage.order">
      <path value="Coverage.order" />
      <comment value="Es git derzeit in DE keine Verwendung für dieses Attribut&#xD;&#xA;(Konsens Interop-Forum 12.6.2017)&#xD;&#xA;Für die Priorisierung der Versicherungsverhältnisse sollte statt dessen Account.coverage.priority verwendet werden, da die Priorisierung abhängig von Fall-  und Abrechnungsart unterschiedlich sein kann.&#xD;&#xA;Falls es UseCases gibt, die dieses Attribut benötigen, bitte Info auf chat.fhir.org" />
      <max value="0" />
    </element>
    <element id="Coverage.network">
      <path value="Coverage.network" />
      <definition value="Die Versicherungsleistungen sind an ein bestimmtes Netzwerk von Gesundheitsdienstleistern gebunden" />
      <comment value="Es gibt derzeit in DE keine Verwendung für dieses Attribut&#xD;&#xA;(Konsens Interop-Forum 12.6.2017)&#xD;&#xA;Falls es UseCases gibt, die dieses Attribut benötigen, bitte Info auf chat.fhir.org" />
      <max value="0" />
    </element>
  </differential>
</StructureDefinition>