<StructureDefinition xmlns="http://hl7.org/fhir">
  <meta>
    <lastUpdated value="2017-09-14T14:03:29.723-08:00" />
  </meta>
  <url value="http://fhir.de/StructureDefinition/coverage-de-sel" />
  <version value="0.1" />
  <name value="coverage-de-sel" />
  <status value="retired" />
  <experimental value="true" />
  <date value="2017-09-15" />
  <publisher value="HL7 Deutschland e.V. (Technisches Komitee FHIR)" />
  <contact>
    <telecom>
      <system value="other" />
      <value value="http://hl7.de/technische-komitees/fhir/" />
    </telecom>
  </contact>
  <description value="Profil für die Nutzung der Coverage-Resource in Deutschland zur Darstellung eines Selbstzahlerverhältnisses." />
  <copyright value="HL7 Deutschland e.V." />
  <fhirVersion value="3.0.1" />
  <kind value="resource" />
  <abstract value="false" />
  <type value="Coverage" />
  <baseDefinition value="http://fhir.de/StructureDefinition/coverage-de-basis" />
  <differential>
    <element id="Coverage.type.coding.system">
      <path value="Coverage.type.coding.system" />
      <fixedUri value="http://fhir.de/CodeSystem/versicherungsart-de-basis" />
    </element>
    <element id="Coverage.type.coding.code">
      <path value="Coverage.type.coding.code" />
      <fixedCode value="SEL" />
    </element>
    <element id="Coverage.subscriber">
      <path value="Coverage.subscriber" />
      <short value="Unterzeichner der Kostenübernahme" />
      <definition value="Person, die dies Kostenübernahme zusichert (entweder der Patient selbst oder eine andere Person, z.B. ein Elternteil)" />
    </element>
    <element id="Coverage.beneficiary">
      <path value="Coverage.beneficiary" />
      <short value="Begünstigte Person" />
      <definition value="Person, auf die sich die Kostenübernahme bezieht (der Patient)" />
    </element>
    <element id="Coverage.payor">
      <path value="Coverage.payor" />
      <short value="Kostenübernehmer" />
      <definition value="Person, die die Kosten übernimmt (beim Selbstzahlerverhältnis i.d.R. identisch mit subscriber) &#xD;&#xA;Sonderfall: Die Kostenübernahme wird von einer Person (subscriber) erklärt, die Übernahme erfolgt jedoch durch eine Organisation" />
    </element>
  </differential>
</StructureDefinition>