<StructureDefinition xmlns="http://hl7.org/fhir">
  <meta>
    <lastUpdated value="2017-07-19T16:40:24.988+02:00" />
  </meta>
  <text>
    <status value="generated" />
    <div xmlns="http://www.w3.org/1999/xhtml">Deutsches Basisprofil einer Condition</div>
  </text>
  <url value="http://fhir.de/StructureDefinition/condition-de-basis" />
  <version value="0.1" />
  <name value="condition-de-basis" />
  <title value="Deutsches Basisprofil einer Condition" />
  <status value="retired" />
  <date value="2017-07-19" />
  <publisher value="HL7 Deutschland e.V. (Technisches Komitee FHIR)" />
  <description value="Deutsches Basisprofil einer Condition" />
  <purpose value="Die Basisprofile enthalten Elemente, bei denen zu erwarten ist, dass sie in 80% der abgeleiteten Profile verwendung finden.&amp;#xD;&amp;#xA;Basisprofile werden i.d.R. nicht direkt implementiert, sondern für einen konkreten UseCase abgeleitet.&amp;#xD;&amp;#xA;Die Basis-Profile werden vom Technischen Komitee von HL7 Deutschland abgestimmt." />
  <copyright value="HL7 Deutschland e.V." />
  <fhirVersion value="3.0.1" />
  <kind value="resource" />
  <abstract value="false" />
  <type value="Condition" />
  <baseDefinition value="http://hl7.org/fhir/StructureDefinition/Condition" />
  <derivation value="constraint" />
  <differential>
    <element id="Condition.subject">
      <path value="Condition.subject" />
      <mustSupport value="true" />
    </element>
  </differential>
</StructureDefinition>