<StructureDefinition xmlns="http://hl7.org/fhir">
  <id value="einlesedatum-karte" />
  <url value="http://fhir.de/StructureDefinition/gkv/einlesedatum-karte" />
  <version value="1.0.0-alpha1" />
  <name value="ExtensionGkvEinlesedatumKarte" />
  <title value="Extension zur Erfassung des Einlesedatums der eGK bzw. KVK" />
  <status value="active" />
  <date value="2020-05-14" />
  <publisher value="HL7 Deutschland e.V. (Technisches Komitee FHIR)" />
  <contact>
    <telecom>
      <system value="url" />
      <value value="http://hl7.de/technische-komitees/fhir/" />
    </telecom>
  </contact>
  <description value="Extension zur Erfassung des Einlesedatums der eGK bzw. KVK" />
  <copyright value="HL7 Deutschland e.V." />
  <fhirVersion value="4.0.1" />
  <kind value="complex-type" />
  <abstract value="false" />
  <context>
    <type value="element" />
    <expression value="Coverage" />
  </context>
  <type value="Extension" />
  <baseDefinition value="http://hl7.org/fhir/StructureDefinition/Extension" />
  <derivation value="constraint" />
  <differential>
    <element id="Extension.url">
      <path value="Extension.url" />
      <fixedUri value="http://fhir.de/StructureDefinition/gkv/einlesedatum-karte" />
    </element>
    <element id="Extension.value[x]">
      <path value="Extension.value[x]" />
      <type>
        <code value="dateTime" />
      </type>
    </element>
  </differential>
</StructureDefinition>