<StructureDefinition xmlns="http://hl7.org/fhir">
  <id value="gender-amtlich-de" />
  <url value="http://fhir.de/StructureDefinition/gender-amtlich-de" />
  <version value="1.0.0-alpha1" />
  <name value="GenderAmtlichDE" />
  <title value="Differenzierung des administrativen Geschlechts 'other'" />
  <status value="active" />
  <date value="2021-02-17" />
  <publisher value="HL7 Deutschland e.V. (Technisches Komitee FHIR)" />
  <contact>
    <telecom>
      <system value="url" />
      <value value="http://hl7.de/technische-komitees/fhir/" />
    </telecom>
  </contact>
  <description value="Extension zur genaueren Differenzierung des administrativen Geschlechts 'other', vgl. https://wiki.hl7.de/index.php?title=Geschlecht#administratives_Geschlecht." />
  <copyright value="HL7 Deutschland e.V." />
  <fhirVersion value="4.0.1" />
  <kind value="complex-type" />
  <abstract value="false" />
  <context>
    <type value="element" />
    <expression value="Patient.gender" />
  </context>
  <context>
    <type value="element" />
    <expression value="RelatedPerson.gender" />
  </context>
  <context>
    <type value="element" />
    <expression value="Person.gender" />
  </context>
  <context>
    <type value="element" />
    <expression value="Practitioner.gender" />
  </context>
  <context>
    <type value="element" />
    <expression value="Patient.contact.gender" />
  </context>
  <type value="Extension" />
  <baseDefinition value="http://hl7.org/fhir/StructureDefinition/Extension" />
  <derivation value="constraint" />
  <differential>
    <element id="Extension.url">
      <path value="Extension.url" />
      <fixedUri value="http://fhir.de/StructureDefinition/gender-amtlich-de" />
    </element>
    <element id="Extension.value[x]">
      <path value="Extension.value[x]" />
      <min value="1" />
      <type>
        <code value="Coding" />
      </type>
      <binding>
        <strength value="required" />
        <valueSet value="http://fhir.de/ValueSet/gender-amtlich-de" />
      </binding>
    </element>
  </differential>
</StructureDefinition>