<StructureDefinition xmlns="http://hl7.org/fhir">
  <id value="onlinepruefung-egk" />
  <url value="http://fhir.de/StructureDefinition/gkv/onlinepruefung-egk" />
  <version value="1.0.0-alpha1" />
  <name value="ExtensionGkvOnlinepruefungEgk" />
  <title value="Informationen zur Onlineprüfung und -aktualisierung" />
  <status value="active" />
  <date value="2020-05-14" />
  <publisher value="HL7 Deutschland e.V. (Technisches Komitee FHIR)" />
  <contact>
    <telecom>
      <system value="url" />
      <value value="http://hl7.de/technische-komitees/fhir/" />
    </telecom>
  </contact>
  <description value="Informationen zur Onlineprüfung und -aktualisierung &#xD;&#xA;Vgl.: Anwendung der eGK  Technische Anlage zu Anlage 4a (BMV-Ä)  Verarbeitung KVK/eGK im Rahmen der vertragsärztlichen Abrechnung im Basis-Rollout  [KBV_ITA_VGEX_Mapping_KVK.pdf] - Kapitel 2.4.1" />
  <copyright value="HL7 Deutschland e.V." />
  <fhirVersion value="4.0.1" />
  <kind value="complex-type" />
  <abstract value="false" />
  <context>
    <type value="element" />
    <expression value="Coverage" />
  </context>
  <type value="Extension" />
  <baseDefinition value="http://hl7.org/fhir/StructureDefinition/Extension" />
  <derivation value="constraint" />
  <differential>
    <element id="Extension.extension">
      <path value="Extension.extension" />
      <slicing>
        <discriminator>
          <type value="value" />
          <path value="url" />
        </discriminator>
        <rules value="open" />
      </slicing>
    </element>
    <element id="Extension.extension:timestamp">
      <path value="Extension.extension" />
      <sliceName value="timestamp" />
      <short value="Datum und Uhrzeit der Onlineprüfung und -aktualisierung" />
      <definition value="Datum und Uhrzeit der Onlineprüfung und -aktualisierung" />
      <min value="1" />
      <max value="1" />
    </element>
    <element id="Extension.extension:timestamp.url">
      <path value="Extension.extension.url" />
      <fixedUri value="timestamp" />
    </element>
    <element id="Extension.extension:timestamp.value[x]">
      <path value="Extension.extension.value[x]" />
      <type>
        <code value="dateTime" />
      </type>
    </element>
    <element id="Extension.extension:ergebnis">
      <path value="Extension.extension" />
      <sliceName value="ergebnis" />
      <short value="Ergebnis der Onlineprüfung und -aktualisierung" />
      <definition value="Ergebnis der Onlineprüfung und -aktualisierung &#xD;&#xA;(Code 1-6)" />
      <min value="1" />
      <max value="1" />
    </element>
    <element id="Extension.extension:ergebnis.url">
      <path value="Extension.extension.url" />
      <fixedUri value="ergebnis" />
    </element>
    <element id="Extension.extension:ergebnis.value[x]">
      <path value="Extension.extension.value[x]" />
      <type>
        <code value="code" />
      </type>
    </element>
    <element id="Extension.extension:errorCode">
      <path value="Extension.extension" />
      <sliceName value="errorCode" />
      <short value="Error-Code" />
      <definition value="ErrorCode" />
      <min value="1" />
      <max value="1" />
    </element>
    <element id="Extension.extension:errorCode.url">
      <path value="Extension.extension.url" />
      <fixedUri value="errorCode" />
    </element>
    <element id="Extension.extension:errorCode.value[x]">
      <path value="Extension.extension.value[x]" />
      <type>
        <code value="code" />
      </type>
    </element>
    <element id="Extension.extension:pruefzifferFachdienst">
      <path value="Extension.extension" />
      <sliceName value="pruefzifferFachdienst" />
      <short value="Prüfziffer des Fachdienstes" />
      <definition value="Prüfziffer des Fachdienstes" />
      <max value="1" />
    </element>
    <element id="Extension.extension:pruefzifferFachdienst.url">
      <path value="Extension.extension.url" />
      <fixedUri value="pruefzifferFachdienst" />
    </element>
    <element id="Extension.extension:pruefzifferFachdienst.value[x]">
      <path value="Extension.extension.value[x]" />
      <type>
        <code value="string" />
      </type>
    </element>
    <element id="Extension.url">
      <path value="Extension.url" />
      <fixedUri value="http://fhir.de/StructureDefinition/gkv/onlinepruefung-egk" />
    </element>
    <element id="Extension.value[x]">
      <path value="Extension.value[x]" />
      <max value="0" />
    </element>
  </differential>
</StructureDefinition>