<StructureDefinition xmlns="http://hl7.org/fhir">
  <id value="kostenerstattung" />
  <url value="http://fhir.de/StructureDefinition/gkv/kostenerstattung" />
  <version value="1.0.0-alpha1" />
  <name value="ExtensionGkvKostenerstattung" />
  <status value="active" />
  <date value="2020-05-14" />
  <publisher value="HL7 Deutschland e.V. (Technisches Komitee FHIR)" />
  <contact>
    <telecom>
      <system value="url" />
      <value value="http://hl7.de/technische-komitees/fhir/" />
    </telecom>
  </contact>
  <description value="Gibt an, ob der Kostenträger den Nachweis der Inanspruchnahme von Leisrungen der Abrechnungsart Kostnerstattung auf der eGK speichert.&#xD;&#xA;vorhanden = Nachweis wird genutzt;&#xD;&#xA;nicht vorhanden = Nachweis wird nicht genutzt" />
  <copyright value="HL7 Deutschland e.V." />
  <fhirVersion value="4.0.1" />
  <mapping>
    <identity value="rim" />
    <uri value="http://hl7.org/v3" />
    <name value="RIM Mapping" />
  </mapping>
  <kind value="complex-type" />
  <abstract value="false" />
  <context>
    <type value="element" />
    <expression value="Coverage" />
  </context>
  <type value="Extension" />
  <baseDefinition value="http://hl7.org/fhir/StructureDefinition/Extension" />
  <derivation value="constraint" />
  <differential>
    <element id="Extension.extension">
      <path value="Extension.extension" />
      <slicing>
        <discriminator>
          <type value="value" />
          <path value="url" />
        </discriminator>
        <rules value="open" />
      </slicing>
    </element>
    <element id="Extension.extension:aerztlicheVersorgung">
      <path value="Extension.extension" />
      <sliceName value="aerztlicheVersorgung" />
      <definition value="Gibt die vom versicherten gewählte Kostenerstattung für die ärztliche Versorgung an:&#xD;&#xA;true = Kostenerstattung&#xD;&#xA;false = keine Kostenerstattung" />
      <max value="1" />
    </element>
    <element id="Extension.extension:aerztlicheVersorgung.url">
      <path value="Extension.extension.url" />
      <fixedUri value="aerztlicheVersorgung" />
    </element>
    <element id="Extension.extension:aerztlicheVersorgung.value[x]">
      <path value="Extension.extension.value[x]" />
      <type>
        <code value="boolean" />
      </type>
    </element>
    <element id="Extension.extension:zahnaerztlicheVersorgung">
      <path value="Extension.extension" />
      <sliceName value="zahnaerztlicheVersorgung" />
      <definition value="Gibt die vom versicherten gewählte Kostenerstattung für die zahnärztliche Versorgung an:&#xD;&#xA;true = Kostenerstattung&#xD;&#xA;false = keine Kostenerstattung" />
      <max value="1" />
    </element>
    <element id="Extension.extension:zahnaerztlicheVersorgung.url">
      <path value="Extension.extension.url" />
      <fixedUri value="zahnaerztlicheVersorgung" />
    </element>
    <element id="Extension.extension:zahnaerztlicheVersorgung.value[x]">
      <path value="Extension.extension.value[x]" />
      <type>
        <code value="boolean" />
      </type>
    </element>
    <element id="Extension.extension:stationaererBereich">
      <path value="Extension.extension" />
      <sliceName value="stationaererBereich" />
      <definition value="Gibt die vom versicherten gewählte Kostenerstattung für den stationären Bereich an:&#xD;&#xA;true = Kostenerstattung&#xD;&#xA;false = keine Kostenerstattung" />
      <max value="1" />
    </element>
    <element id="Extension.extension:stationaererBereich.url">
      <path value="Extension.extension.url" />
      <fixedUri value="stationaererBereich" />
    </element>
    <element id="Extension.extension:stationaererBereich.value[x]">
      <path value="Extension.extension.value[x]" />
      <type>
        <code value="boolean" />
      </type>
    </element>
    <element id="Extension.extension:veranlassteLeistungen">
      <path value="Extension.extension" />
      <sliceName value="veranlassteLeistungen" />
      <definition value="Gibt die vom versicherten gewählte Kostenerstattung für veranlasste Leistungen an:&#xD;&#xA;true = Kostenerstattung&#xD;&#xA;false = keine Kostenerstattung" />
      <max value="1" />
    </element>
    <element id="Extension.extension:veranlassteLeistungen.url">
      <path value="Extension.extension.url" />
      <fixedUri value="veranlassteLeistungen" />
    </element>
    <element id="Extension.extension:veranlassteLeistungen.value[x]">
      <path value="Extension.extension.value[x]" />
      <type>
        <code value="boolean" />
      </type>
    </element>
    <element id="Extension.url">
      <path value="Extension.url" />
      <fixedUri value="http://fhir.de/StructureDefinition/gkv/kostenerstattung" />
    </element>
    <element id="Extension.value[x]">
      <path value="Extension.value[x]" />
      <max value="0" />
    </element>
  </differential>
</StructureDefinition>