<StructureDefinition xmlns="http://hl7.org/fhir">
  <id value="generation-egk" />
  <url value="http://fhir.de/StructureDefinition/gkv/generation-egk" />
  <version value="1.0.0-alpha1" />
  <name value="ExtensionGkvGenerationEgk" />
  <title value="Extension zur Erfassung der Generation der eGK" />
  <status value="active" />
  <date value="2020-05-14" />
  <publisher value="HL7 Deutschland e.V. (Technisches Komitee FHIR)" />
  <contact>
    <telecom>
      <system value="url" />
      <value value="http://hl7.de/technische-komitees/fhir/" />
    </telecom>
  </contact>
  <description value="Extension zur Erfassung der Generation der eGK" />
  <copyright value="HL7 Deutschland e.V." />
  <fhirVersion value="4.0.1" />
  <kind value="complex-type" />
  <abstract value="false" />
  <context>
    <type value="element" />
    <expression value="Coverage" />
  </context>
  <type value="Extension" />
  <baseDefinition value="http://hl7.org/fhir/StructureDefinition/Extension" />
  <derivation value="constraint" />
  <differential>
    <element id="Extension">
      <path value="Extension" />
      <short value="eGK Generation ( 1 | 1+ | 2 )" />
      <definition value="Angabe der Generation der Versichertenkarte" />
    </element>
    <element id="Extension.url">
      <path value="Extension.url" />
      <fixedUri value="http://fhir.de/StructureDefinition/gkv/generation-egk" />
    </element>
    <element id="Extension.value[x]">
      <path value="Extension.value[x]" />
      <type>
        <code value="string" />
      </type>
      <constraint>
        <key value="generation" />
        <severity value="warning" />
        <human value="Die Extension darf nur die Werte 1, 1+ oder 2 enthalten" />
        <expression value="matches('[0|1+|2]')" />
      </constraint>
    </element>
  </differential>
</StructureDefinition>