<StructureDefinition xmlns="http://hl7.org/fhir">
  <id value="AufnahmegrundErsteUndZweiteStelle" />
  <url value="http://fhir.de/StructureDefinition/AufnahmegrundErsteUndZweiteStelle" />
  <name value="AufnahmegrundErsteUndZweiteStelle" />
  <status value="active" />
  <date value="2020-05-14" />
  <publisher value="HL7 Deutschland e.V. (Technisches Komitee FHIR)" />
  <contact>
    <telecom>
      <system value="url" />
      <value value="http://hl7.de/technische-komitees/fhir/" />
    </telecom>
  </contact>
  <copyright value="HL7 Deutschland e.V." />
  <fhirVersion value="4.0.1" />
  <mapping>
    <identity value="rim" />
    <uri value="http://hl7.org/v3" />
    <name value="RIM Mapping" />
  </mapping>
  <kind value="complex-type" />
  <abstract value="false" />
  <context>
    <type value="element" />
    <expression value="Encounter.reasonCode" />
  </context>
  <type value="Extension" />
  <baseDefinition value="http://hl7.org/fhir/StructureDefinition/Extension" />
  <derivation value="constraint" />
  <differential>
    <element id="Extension.url">
      <path value="Extension.url" />
      <fixedUri value="http://fhir.de/StructureDefinition/AufnahmegrundErsteUndZweiteStelle" />
    </element>
    <element id="Extension.value[x]">
      <path value="Extension.value[x]" />
      <type>
        <code value="Coding" />
      </type>
      <binding>
        <strength value="required" />
        <valueSet value="http://fhir.de/ValueSet/dkgev/AufnahmegrundErsteUndZweiteStelle" />
      </binding>
    </element>
    <element id="Extension.value[x].system">
      <path value="Extension.value[x].system" />
      <min value="1" />
    </element>
    <element id="Extension.value[x].version">
      <path value="Extension.value[x].version" />
      <min value="1" />
    </element>
    <element id="Extension.value[x].code">
      <path value="Extension.value[x].code" />
      <min value="1" />
    </element>
  </differential>
</StructureDefinition>