<StructureDefinition xmlns="http://hl7.org/fhir">
  <id value="wop" />
  <url value="http://fhir.de/StructureDefinition/gkv/wop" />
  <version value="1.0.0-alpha1" />
  <name value="ExtensionGkvWop" />
  <title value="Kennzeichen Wohnortprinzip (WOP)" />
  <status value="active" />
  <date value="2020-05-14" />
  <publisher value="HL7 Deutschland e.V. (Technisches Komitee FHIR)" />
  <contact>
    <telecom>
      <system value="url" />
      <value value="http://hl7.de/technische-komitees/fhir/" />
    </telecom>
  </contact>
  <description value="Das Kennzeichen WOP ist gemäß § 2 Abs. 2 der Vereinbarung zur&#xD;&#xA;Festsetzung des Durchschnittsbetrages gemäß Artikel 2 § 2 Abs. 2 des&#xD;&#xA;Gesetzes zur Einführung des Wohnortprinzips bei Honorarvereinbarungen für&#xD;&#xA;Ärzte und Zahnärzte und zur Krankenversichertenkarte gemäß § 291 Abs. 2&#xD;&#xA;Fünftes Sozialgesetzbuch (SGB V) erforderlich." />
  <copyright value="HL7 Deutschland e.V." />
  <fhirVersion value="4.0.1" />
  <mapping>
    <identity value="KVDT" />
    <name value="KVDT Mapping" />
  </mapping>
  <mapping>
    <identity value="BDT" />
    <name value="BDT Mapping" />
  </mapping>
  <kind value="complex-type" />
  <abstract value="false" />
  <context>
    <type value="element" />
    <expression value="Coverage" />
  </context>
  <type value="Extension" />
  <baseDefinition value="http://hl7.org/fhir/StructureDefinition/Extension" />
  <derivation value="constraint" />
  <differential>
    <element id="Extension.url">
      <path value="Extension.url" />
      <fixedUri value="http://fhir.de/StructureDefinition/gkv/wop" />
    </element>
    <element id="Extension.value[x]">
      <path value="Extension.value[x]" />
      <short value="Kennzeichen Wohnortprinzip" />
      <type>
        <code value="Coding" />
      </type>
      <binding>
        <strength value="required" />
        <valueSet value="https://fhir.kbv.de/ValueSet/KBV_VS_SFHIR_ITA_WOP" />
      </binding>
    </element>
    <element id="Extension.value[x].system">
      <path value="Extension.value[x].system" />
      <min value="1" />
    </element>
    <element id="Extension.value[x].code">
      <path value="Extension.value[x].code" />
      <min value="1" />
    </element>
  </differential>
</StructureDefinition>