<ImplementationGuide xmlns="http://hl7.org/fhir">
  <id value="basisprofil-de-r4" />
  <url value="http://fhir.de/ImplementationGuide/basisprofil-de-r4" />
  <version value="1.0.0-alpha1" />
  <name value="Leitfaden Basis DE (R4)" />
  <status value="active" />
  <description value="Die Leitfaden wird von der [Projektgruppe Basisprofilierung](http://wiki.hl7.de/index.php?title=FHIR-Basisprofilierung_(Projekt)) des [Technischen Komitees FHIR von HL7 Deutschland e.V.](http://hl7.de/technische-komitees/fhir/ ) erstellt.&#xD;&#xA;&#xD;&#xA;Die Diskussion der Inhalte findet auf [Zulip](https://chat.fhir.org/#narrow/stream/german.20(d-a-ch)) statt. &#xD;&#xA;Implementierer und Interessenten sind herzlich eingeladen, sich an der Diskussion zu beteiligen, Fragen zu stellen,&#xD;&#xA;oder Feedback zu geben.&#xD;&#xA;&#xD;&#xA;Die Weiterentwicklung der deutschen Basisprofile kann im [GitHub-Repository](https://github.com/hl7germany/basisprofil-de-r4) verfolgt werden.&#xD;&#xA;&#xD;&#xA;Verbesserungs- und Korrekturvorschläge sollten ebenfalls über den [GitHub-Issue-Tracker](https://github.com/hl7germany/basisprofil-de-r4/issues) eingereicht werden.&#xD;&#xA;&#xD;&#xA;**Die neueste stabile Fassung findet sich unter http://ig.fhir.de/basisprofile-de/stable/**&#xD;&#xA;&#xD;&#xA;Eine formelle Abstimmung folgt. Um über Kommentierungsphasen, anstehende Abstimmungen und aktuelle Themen informiert zu werden, registrieren Sie sich bitte für den FHIR-Newsletter durch formlose Mail an fhir@hl7.de." />
  <packageId value="de.basisprofil.r4" />
  <fhirVersion value="4.0.1" />
  <definition>
    <resource>
      <reference>
        <reference value="StructureDefinition/address-de-basis" />
      </reference>
    </resource>
    <resource>
      <reference>
        <reference value="StructureDefinition/CodingAlphaID" />
      </reference>
    </resource>
    <resource>
      <reference>
        <reference value="StructureDefinition/CodingAlphaIDSE" />
      </reference>
    </resource>
    <resource>
      <reference>
        <reference value="StructureDefinition/CodingASK" />
      </reference>
    </resource>
    <resource>
      <reference>
        <reference value="StructureDefinition/CodingATC" />
      </reference>
    </resource>
    <resource>
      <reference>
        <reference value="StructureDefinition/CodingICD10GM" />
      </reference>
    </resource>
    <resource>
      <reference>
        <reference value="StructureDefinition/CodingOPS" />
      </reference>
    </resource>
    <resource>
      <reference>
        <reference value="StructureDefinition/CodingPZN" />
      </reference>
    </resource>
    <resource>
      <reference>
        <reference value="StructureDefinition/humanname-de-basis" />
      </reference>
    </resource>
    <resource>
      <reference>
        <reference value="StructureDefinition/identifier-bsnr" />
      </reference>
    </resource>
    <resource>
      <reference>
        <reference value="StructureDefinition/identifier-efn" />
      </reference>
    </resource>
    <resource>
      <reference>
        <reference value="StructureDefinition/identifier-iknr" />
      </reference>
    </resource>
    <resource>
      <reference>
        <reference value="StructureDefinition/identifier-kvid-10" />
      </reference>
    </resource>
    <resource>
      <reference>
        <reference value="StructureDefinition/identifier-kzva" />
      </reference>
    </resource>
    <resource>
      <reference>
        <reference value="StructureDefinition/identifier-lanr" />
      </reference>
    </resource>
    <resource>
      <reference>
        <reference value="StructureDefinition/identifier-pid" />
      </reference>
    </resource>
    <resource>
      <reference>
        <reference value="StructureDefinition/identifier-pkv" />
      </reference>
    </resource>
    <resource>
      <reference>
        <reference value="StructureDefinition/identifier-pseudo-kvid" />
      </reference>
    </resource>
    <resource>
      <reference>
        <reference value="StructureDefinition/identifier-vknr" />
      </reference>
    </resource>
    <resource>
      <reference>
        <reference value="StructureDefinition/identifier-zanr" />
      </reference>
    </resource>
    <resource>
      <reference>
        <reference value="StructureDefinition/identifier-reisepassnummer" />
      </reference>
    </resource>
    <resource>
      <reference>
        <reference value="StructureDefinition/namingsystem-de-basis" />
      </reference>
    </resource>
    <resource>
      <reference>
        <reference value="StructureDefinition/observation-de-pflegegrad" />
      </reference>
    </resource>
    <resource>
      <reference>
        <reference value="StructureDefinition/chargeitem-de-ebm" />
      </reference>
    </resource>
    <resource>
      <reference>
        <reference value="StructureDefinition/coverage-de-basis" />
      </reference>
    </resource>
    <resource>
      <reference>
        <reference value="StructureDefinition/coverage-de-gkv" />
      </reference>
    </resource>
    <resource>
      <reference>
        <reference value="StructureDefinition/coverage-de-sel" />
      </reference>
    </resource>
    <resource>
      <reference>
        <reference value="StructureDefinition/VitalSignDE" />
      </reference>
    </resource>
    <resource>
      <reference>
        <reference value="StructureDefinition/observation-de-vitalsign-koerpergewicht" />
      </reference>
    </resource>
    <resource>
      <reference>
        <reference value="StructureDefinition/observation-de-vitalsign-koerpergroesse" />
      </reference>
    </resource>
    <resource>
      <reference>
        <reference value="StructureDefinition/observation-de-vitalsign-koerpertemperatur" />
      </reference>
    </resource>
    <resource>
      <reference>
        <reference value="StructureDefinition/VitalSignDE-Kopfumfang" />
      </reference>
    </resource>
    <resource>
      <reference>
        <reference value="StructureDefinition/observation-de-vitalsign-atemfrequenz" />
      </reference>
    </resource>
    <resource>
      <reference>
        <reference value="StructureDefinition/observation-de-vitalsign-blutdruck" />
      </reference>
    </resource>
    <resource>
      <reference>
        <reference value="StructureDefinition/observation-de-vitalsign-herzfrequenz" />
      </reference>
    </resource>
    <resource>
      <reference>
        <reference value="StructureDefinition/observation-de-vitalsign-sauerstoffsaettigung" />
      </reference>
    </resource>
    <resource>
      <reference>
        <reference value="StructureDefinition/ags" />
      </reference>
    </resource>
    <resource>
      <reference>
        <reference value="StructureDefinition/AufnahmegrundDritteStelle" />
      </reference>
    </resource>
    <resource>
      <reference>
        <reference value="StructureDefinition/EntlassungsgrundErsteUndZweiteStelle" />
      </reference>
    </resource>
    <resource>
      <reference>
        <reference value="StructureDefinition/AufnahmegrundErsteUndZweiteStelle" />
      </reference>
    </resource>
    <resource>
      <reference>
        <reference value="StructureDefinition/AufnahmegrundVierteStelle" />
      </reference>
    </resource>
    <resource>
      <reference>
        <reference value="StructureDefinition/EntlassungsgrundDritteStelle" />
      </reference>
    </resource>
    <resource>
      <reference>
        <reference value="StructureDefinition/Entlassungsgrund" />
      </reference>
    </resource>
    <resource>
      <reference>
        <reference value="StructureDefinition/gender-amtlich-de" />
      </reference>
    </resource>
    <resource>
      <reference>
        <reference value="StructureDefinition/AbrechnendeIK" />
      </reference>
    </resource>
    <resource>
      <reference>
        <reference value="StructureDefinition/besondere-personengruppe" />
      </reference>
    </resource>
    <resource>
      <reference>
        <reference value="StructureDefinition/dmp-kennzeichen" />
      </reference>
    </resource>
    <resource>
      <reference>
        <reference value="StructureDefinition/einlesedatum-karte" />
      </reference>
    </resource>
    <resource>
      <reference>
        <reference value="StructureDefinition/generation-egk" />
      </reference>
    </resource>
    <resource>
      <reference>
        <reference value="StructureDefinition/kostenerstattung" />
      </reference>
    </resource>
    <resource>
      <reference>
        <reference value="StructureDefinition/onlinepruefung-egk" />
      </reference>
    </resource>
    <resource>
      <reference>
        <reference value="StructureDefinition/ruhender-leistungsanspruch" />
      </reference>
    </resource>
    <resource>
      <reference>
        <reference value="StructureDefinition/versichertenart" />
      </reference>
    </resource>
    <resource>
      <reference>
        <reference value="StructureDefinition/version-vsdm" />
      </reference>
    </resource>
    <resource>
      <reference>
        <reference value="StructureDefinition/wop" />
      </reference>
    </resource>
    <resource>
      <reference>
        <reference value="StructureDefinition/zuzahlungsstatus" />
      </reference>
    </resource>
    <resource>
      <reference>
        <reference value="StructureDefinition/icd-10-gm-ausrufezeichen" />
      </reference>
    </resource>
    <resource>
      <reference>
        <reference value="StructureDefinition/icd-10-gm-diagnosesicherheit" />
      </reference>
    </resource>
    <resource>
      <reference>
        <reference value="StructureDefinition/icd-10-gm-manifestationscode" />
      </reference>
    </resource>
    <resource>
      <reference>
        <reference value="StructureDefinition/icd-10-gm-primaercode" />
      </reference>
    </resource>
    <resource>
      <reference>
        <reference value="StructureDefinition/normgroesse" />
      </reference>
    </resource>
    <resource>
      <reference>
        <reference value="StructureDefinition/seitenlokalisation" />
      </reference>
    </resource>
    <page>
      <nameUrl value="Home.md" />
      <title value="Home" />
      <generation value="markdown" />
      <page>
        <nameUrl value="UeberDiesenLeitfaden.md" />
        <title value="Über diesen Leitfaden" />
        <generation value="markdown" />
      </page>
      <page>
        <nameUrl value="Grundlagen.md" />
        <title value="Grundlagen" />
        <generation value="markdown" />
      </page>
      <page>
        <nameUrl value="Anwendungshinweise.md" />
        <title value="Anwendungshinweise" />
        <generation value="markdown" />
        <page>
          <nameUrl value="Anwendungshinweise-RessourcenPaket.md" />
          <title value="Ressourcen-Paket" />
          <generation value="markdown" />
        </page>
        <page>
          <nameUrl value="Anwendungshinweise-NichtProfilierteRessourcen.md" />
          <title value="Nicht profilierte Ressourcen, zukünftige Erweiterung" />
          <generation value="markdown" />
        </page>
        <page>
          <nameUrl value="Anwendungshinweise-AbleitungEigenerProfileBasisprofilen.md" />
          <title value="Ableitung eigener Profile von den Basisprofilen" />
          <generation value="markdown" />
        </page>
        <page>
          <nameUrl value="Anwendungshinweise-Beispiele.md" />
          <title value="Beispiele" />
          <generation value="markdown" />
        </page>
        <page>
          <nameUrl value="Anwendungshinweise-FAQ.md" />
          <title value="FAQ" />
          <generation value="markdown" />
        </page>
      </page>
      <page>
        <nameUrl value="Ressourcen-Uebersicht.md" />
        <title value="Ressourcen" />
        <generation value="markdown" />
        <page>
          <nameUrl value="Ressourcen-Patient.md" />
          <title value="PatientIn (Patient)" />
          <generation value="markdown" />
          <page>
            <nameUrl value="Ressourcen-Patient-Identifikatoren.md" />
            <title value="Identifikatoren" />
            <generation value="markdown" />
          </page>
          <page>
            <nameUrl value="Ressourcen-Patient-Name.md" />
            <title value="Name" />
            <generation value="markdown" />
          </page>
          <page>
            <nameUrl value="Ressourcen-Patient-Anrede.md" />
            <title value="Anrede" />
            <generation value="markdown" />
          </page>
          <page>
            <nameUrl value="Ressourcen-Patient-Geschlecht.md" />
            <title value="Geschlecht" />
            <generation value="markdown" />
          </page>
          <page>
            <nameUrl value="Ressourcen-Patient-Addresse.md" />
            <title value="Adresse" />
            <generation value="markdown" />
          </page>
          <page>
            <nameUrl value="Ressourcen-Patient-Personenstand.md" />
            <title value="Personenstand" />
            <generation value="markdown" />
          </page>
          <page>
            <nameUrl value="Ressourcen-Patient-Geburtsdatum.md" />
            <title value="Geburtsdatum" />
            <generation value="markdown" />
          </page>
        </page>
        <page>
          <nameUrl value="Ressourcen-DiagnosenCondition.md" />
          <title value="Diagnosen (Condition)" />
          <generation value="markdown" />
          <page>
            <nameUrl value="Ressourcen-Condition-ICD-10-GM.md" />
            <title value="ICD-10-GM" />
            <generation value="markdown" />
          </page>
          <page>
            <nameUrl value="Ressourcen-Condition-WeitereDiagnosekodiersysteme.md" />
            <title value="Weitere Diagnosekodiersysteme" />
            <generation value="markdown" />
          </page>
          <page>
            <nameUrl value="Ressourcen-Condition-TypenundRangfolgen.md" />
            <title value="Diagnose-Typen und Rangfolgen" />
            <generation value="markdown" />
          </page>
        </page>
        <page>
          <nameUrl value="Ressourcen-ProzedurenProcedure.md" />
          <title value="Prozeduren (Procedure)" />
          <generation value="markdown" />
          <page>
            <nameUrl value="Ressourcen-Procedure-OPS.md" />
            <title value="OPS" />
            <generation value="markdown" />
          </page>
        </page>
        <page>
          <nameUrl value="Ressourcen-AmbulanterstationrerFallKontaktEncounter.md" />
          <title value="Ambulanter/stationärer Fall / Kontakt (Encounter)" />
          <generation value="markdown" />
        </page>
        <page>
          <nameUrl value="Ressourcen-DokumenteDocumentReference.md" />
          <title value="Dokumente (DocumentReference)" />
          <generation value="markdown" />
        </page>
        <page>
          <nameUrl value="Ressourcen-VersicherungsinformationenCoverage.md" />
          <title value="Versicherungs-Informationen (Coverage)" />
          <generation value="markdown" />
          <page>
            <nameUrl value="Ressourcen-Coverage-Basisprofil.md" />
            <title value="Basisprofil" />
            <generation value="markdown" />
          </page>
          <page>
            <nameUrl value="Ressourcen-Coverage-GKV-Profil.md" />
            <title value="GKV-Profil" />
            <generation value="markdown" />
          </page>
          <page>
            <nameUrl value="Ressourcen-Coverage-Selbstzahler-Profil.md" />
            <title value="Selbstzahler-Profil" />
            <generation value="markdown" />
          </page>
        </page>
        <page>
          <nameUrl value="Ressourcen-AbrechnungsdatenLeistungsziffernChargeItem.md" />
          <title value="Abrechnungsdaten, Leistungsziffern (ChargeItem)" />
          <generation value="markdown" />
          <page>
            <nameUrl value="Ressourcen-ChargeItem-EBM-Ziffern.md" />
            <title value="EBM-Ziffern" />
            <generation value="markdown" />
          </page>
        </page>
        <page>
          <nameUrl value="Ressourcen-BeobachtungenMessungenObservation.md" />
          <title value="Beobachtungen, Messungen (Observation)" />
          <generation value="markdown" />
          <page>
            <nameUrl value="Ressourcen-Observation-VitalParameter.md" />
            <title value="VitalParameter" />
            <generation value="markdown" />
            <page>
              <nameUrl value="Ressourcen-Observation-Vitalparameter-Kopfumfang.md" />
              <title value="Kopfumfang" />
              <generation value="markdown" />
            </page>
            <page>
              <nameUrl value="Ressourcen-Observation-Vitalparameter-Koerpergewicht.md" />
              <title value="Körpergewicht" />
              <generation value="markdown" />
            </page>
            <page>
              <nameUrl value="Ressourcen-Observation-Vitalparameter-KoerperlaengeKoerpergroese.md" />
              <title value="Körperlänge/Körpergröße" />
              <generation value="markdown" />
            </page>
            <page>
              <nameUrl value="Ressourcen-Observation-Vitalparameter-Koerpertemperatur.md" />
              <title value="Körpertemperatur" />
              <generation value="markdown" />
            </page>
            <page>
              <nameUrl value="Ressourcen-Observation-Vitalparameter-Blutdruck.md" />
              <title value="Blutdruck" />
              <generation value="markdown" />
            </page>
            <page>
              <nameUrl value="Ressourcen-Observation-VS-PeriphereArtierielleSauerstoffsttigung.md" />
              <title value="Periphere Artierielle Sauerstoffsättigung" />
              <generation value="markdown" />
            </page>
            <page>
              <nameUrl value="Ressourcen-Observation-Vitalparameter-Atemfrequenz.md" />
              <title value="Atemfrequenz" />
              <generation value="markdown" />
            </page>
            <page>
              <nameUrl value="Ressourcen-Observation-Vitalparameter-Herzfrequenz.md" />
              <title value="Herzfrequenz" />
              <generation value="markdown" />
            </page>
          </page>
          <page>
            <nameUrl value="Ressourcen-Observation-Pflegegrad.md" />
            <title value="Pflegegrad" />
            <generation value="markdown" />
          </page>
        </page>
        <page>
          <nameUrl value="Ressourcen-VerweiseaufExterneLeitfaeden.md" />
          <title value="Verweise auf Externe Leitfäden" />
          <generation value="markdown" />
          <page>
            <nameUrl value="Ressourcen-Extern-Medikation.md" />
            <title value="Medikation (Medication)" />
            <generation value="markdown" />
          </page>
          <page>
            <nameUrl value="Ressourcen-Extern-Labor.md" />
            <title value="Labor (Observation, ServiceRequest, DiagnosticReport)" />
            <generation value="markdown" />
          </page>
          <page>
            <nameUrl value="Ressourcen-Extern-FrageboegenUndFormulare.md" />
            <title value="Fragebögen und Formulare (Questionaire, QuestionaireResponse)" />
            <generation value="markdown" />
          </page>
          <page>
            <nameUrl value="Ressourcen-Extern-Einwilligungsmanagement.md" />
            <title value="Einwilligungsmanagement (Consent)" />
            <generation value="markdown" />
          </page>
          <page>
            <nameUrl value="Ressourcen-Extern-AllergienundIntoleranzen.md" />
            <title value="Allergien und Intoleranzen (AllergyIntolerance)" />
            <generation value="markdown" />
          </page>
          <page>
            <nameUrl value="Ressourcen-Extern-BeobachtungenMessungen.md" />
            <title value="Beobachtungen, Messungen (Observation)" />
            <generation value="markdown" />
            <page>
              <nameUrl value="Ressourcen-Extern-Observation-Schwangerschaft.md" />
              <title value="Schwangerschaft" />
              <generation value="markdown" />
              <page>
                <nameUrl value="Ressourcen-Extern-Observation-SchwangerschaftsStatus.md" />
                <title value="Schwangerschaftsstatus" />
                <generation value="markdown" />
              </page>
              <page>
                <nameUrl value="Ressourcen-Extern-Observation-ErwarteterGeburtstermin.md" />
                <title value="Erwarteter Geburtstermin" />
                <generation value="markdown" />
              </page>
              <page>
                <nameUrl value="Ressourcen-Extern-Observation-Schwangerschafts-Historie.md" />
                <title value="Schwangerschafts-Historie" />
                <generation value="markdown" />
              </page>
            </page>
            <page>
              <nameUrl value="Ressourcen-Extern-Observation-Anamnese.md" />
              <title value="Anamnese" />
              <generation value="markdown" />
              <page>
                <nameUrl value="Ressourcen-Extern-Observation-Raucherstatus.md" />
                <title value="Raucherstatus" />
                <generation value="markdown" />
              </page>
              <page>
                <nameUrl value="Ressourcen-Extern-Observation-Alkoholkonsum.md" />
                <title value="Alkoholkonsum" />
                <generation value="markdown" />
              </page>
            </page>
            <page>
              <nameUrl value="Ressourcen-Extern-Observation-BMI.md" />
              <title value="BMI" />
              <generation value="markdown" />
            </page>
          </page>
          <page>
            <nameUrl value="Ressourcen-Extern-Observation-Pflegebericht.md" />
            <title value="Pflegebericht" />
            <generation value="markdown" />
          </page>
        </page>
      </page>
      <page>
        <nameUrl value="Extensions-Uebersicht.md" />
        <title value="Extensions" />
        <generation value="markdown" />
        <page>
          <nameUrl value="Name-Extension.md" />
          <title value="Name" />
          <generation value="markdown" />
        </page>
        <page>
          <nameUrl value="Adresse-Extension.md" />
          <title value="Adresse" />
          <generation value="markdown" />
        </page>
        <page>
          <nameUrl value="Geschlecht-Extension.md" />
          <title value="Geschlecht" />
          <generation value="markdown" />
        </page>
        <page>
          <nameUrl value="ICD10Codierung-Extension.md" />
          <title value="ICD-10 Codierung" />
          <generation value="markdown" />
        </page>
        <page>
          <nameUrl value="Medikation-Extension.md" />
          <title value="Medikation" />
          <generation value="markdown" />
        </page>
        <page>
          <nameUrl value="Coverage-Extension.md" />
          <title value="Coverage" />
          <generation value="markdown" />
        </page>
      </page>
      <page>
        <nameUrl value="Datentypen-Uebersicht.md" />
        <title value="Datentypen" />
        <generation value="markdown" />
        <page>
          <nameUrl value="Datentypen-Address.md" />
          <title value="Address" />
          <generation value="markdown" />
        </page>
        <page>
          <nameUrl value="Datentypen-HumanName.md" />
          <title value="HumanName" />
          <generation value="markdown" />
        </page>
        <page>
          <nameUrl value="Datentypen-Coding.md" />
          <title value="Coding" />
          <generation value="markdown" />
          <page>
            <nameUrl value="Datentypen-ICD-10GM-Coding.md" />
            <title value="ICD-10 GM" />
            <generation value="markdown" />
          </page>
          <page>
            <nameUrl value="Datentypen-Coding-Alpha-ID.md" />
            <title value="Alpha-ID" />
            <generation value="markdown" />
          </page>
          <page>
            <nameUrl value="Datentypen-Coding-Alpha-ID-SE.md" />
            <title value="Alpha-ID-SE" />
            <generation value="markdown" />
          </page>
          <page>
            <nameUrl value="Datentypen-Coding-OPS.md" />
            <title value="OPS" />
            <generation value="markdown" />
          </page>
          <page>
            <nameUrl value="Datentypen-Coding-ASK.md" />
            <title value="ASK" />
            <generation value="markdown" />
          </page>
          <page>
            <nameUrl value="Datentypen-Coding-ATC.md" />
            <title value="ATC" />
            <generation value="markdown" />
          </page>
          <page>
            <nameUrl value="Datentypen-Coding-PZN.md" />
            <title value="PZN" />
            <generation value="markdown" />
          </page>
        </page>
        <page>
          <nameUrl value="Datentypen-Identifier.md" />
          <title value="Identifier" />
          <generation value="markdown" />
          <page>
            <nameUrl value="OrganisationsinternerPatienten-Identifier.md" />
            <title value="Organisationsinterner Patienten-Identifier (PID)" />
            <generation value="markdown" />
          </page>
          <page>
            <nameUrl value="GesetzlicheKrankenversichertennummer10-stelligeKVID-Identifier.md" />
            <title value="Gesetzliche Krankenversichertennummer (10-stellige KVID)" />
            <generation value="markdown" />
          </page>
          <page>
            <nameUrl value="PrivateKrankenversichertennummer-Identifier.md" />
            <title value="Private Krankenversichertennummer" />
            <generation value="markdown" />
          </page>
          <page>
            <nameUrl value="InstitutionskennzeichensIKNR-Identifier.md" />
            <title value="Institutionskennzeichens (IKNR)" />
            <generation value="markdown" />
          </page>
          <page>
            <nameUrl value="BetriebsstttennummerBSNR-Identifier.md" />
            <title value="Betriebsstättennummer (BSNR)" />
            <generation value="markdown" />
          </page>
          <page>
            <nameUrl value="LebenslangeArztnummerLANR-Identifier.md" />
            <title value="Lebenslange Arztnummer (LANR)" />
            <generation value="markdown" />
          </page>
          <page>
            <nameUrl value="EinheitlichenFortbildungsnummerEFN-Identifier.md" />
            <title value="Einheitlichen Fortbildungsnummer (EFN)" />
            <generation value="markdown" />
          </page>
          <page>
            <nameUrl value="LebenslangeZahnarztnummerZANR-Identifier.md" />
            <title value="Lebenslange Zahnarztnummer (ZANR)" />
            <generation value="markdown" />
          </page>
          <page>
            <nameUrl value="KZVAbrechnungsnummer-Identifier.md" />
            <title value="KZVAbrechnungsnummer" />
            <generation value="markdown" />
          </page>
          <page>
            <nameUrl value="VertragskassennummerVKNR-Identifier.md" />
            <title value="Vertragskassennummer (VKNR)" />
            <generation value="markdown" />
          </page>
          <page>
            <nameUrl value="Reisepassnummer-Identifier.md" />
            <title value="Reisepassnummer" />
            <generation value="markdown" />
          </page>
        </page>
      </page>
      <page>
        <nameUrl value="Terminologie-Uebersicht.md" />
        <title value="Terminologie" />
        <generation value="markdown" />
        <page>
          <nameUrl value="Terminologie-NomenklaturDerRessourcen.md" />
          <title value="Nomenklatur der Ressourcen" />
          <generation value="markdown" />
        </page>
        <page>
          <nameUrl value="Terminologie-CodesystemVersionen.md" />
          <title value="Codesystem-Versionen" />
          <generation value="markdown" />
        </page>
        <page>
          <nameUrl value="Terminologie-Platzhalter-Codesysteme.md" />
          <title value="Platzhalter-Codesysteme" />
          <generation value="markdown" />
        </page>
        <page>
          <nameUrl value="Terminologie-ValueSets.md" />
          <title value="ValueSets" />
          <generation value="markdown" />
          <page>
            <nameUrl value="Coverage-ValueSets.md" />
            <title value="Versicherungs-Informationen (Coverage)" />
            <generation value="markdown" />
          </page>
          <page>
            <nameUrl value="Medication-ValueSets.md" />
            <title value="Medikation (Medication)" />
            <generation value="markdown" />
          </page>
          <page>
            <nameUrl value="PatientInPatient-ValueSets.md" />
            <title value="PatientIn (Patient)" />
            <generation value="markdown" />
          </page>
          <page>
            <nameUrl value="BeobachtungenMessungenObservation-ValueSets.md" />
            <title value="Beobachtungen, Messungen (Observation)" />
            <generation value="markdown" />
          </page>
          <page>
            <nameUrl value="Encounter-ValueSets.md" />
            <title value="Ambulanter/stationärer Fall / Kontakt (Encounter)" />
            <generation value="markdown" />
          </page>
          <page>
            <nameUrl value="Condition-ValueSets.md" />
            <title value="Diagnosen (Condition)" />
            <generation value="markdown" />
          </page>
          <page>
            <nameUrl value="IHEValueSets.md" />
            <title value="IHE ValueSets" />
            <generation value="markdown" />
          </page>
          <page>
            <nameUrl value="WeitereValueSets.md" />
            <title value="Weitere ValueSets" />
            <generation value="markdown" />
          </page>
        </page>
        <page>
          <nameUrl value="Terminologie-Codesysteme.md" />
          <title value="Codesysteme" />
          <generation value="markdown" />
          <page>
            <nameUrl value="Coverage-CodeSystem.md" />
            <title value="Versicherungs-Informationen (Coverage)" />
            <generation value="markdown" />
          </page>
          <page>
            <nameUrl value="Medication-CodeSystem.md" />
            <title value="Medikation (Medication)" />
            <generation value="markdown" />
          </page>
          <page>
            <nameUrl value="Patient-CodeSystem.md" />
            <title value="PatientIn (Patient)" />
            <generation value="markdown" />
          </page>
          <page>
            <nameUrl value="Encounter-CodeSystem.md" />
            <title value="Ambulanter/stationärer Fall / Kontakt (Encounter)" />
            <generation value="markdown" />
          </page>
          <page>
            <nameUrl value="Condition-CodeSystem.md" />
            <title value="Diagnosen (Condition)" />
            <generation value="markdown" />
          </page>
          <page>
            <nameUrl value="Terminologie-WeitereCodesysteme.md" />
            <title value="Weitere Codesysteme" />
            <generation value="markdown" />
          </page>
        </page>
        <page>
          <nameUrl value="Terminologie-ConceptMaps.md" />
          <title value="ConceptMaps" />
          <generation value="markdown" />
          <page>
            <nameUrl value="Terminologie-ConceptMaps-SNOMED-CTOPSMapping.md" />
            <title value="SNOMED-CT / OPS Mapping" />
            <generation value="markdown" />
          </page>
        </page>
        <page>
          <nameUrl value="Terminologie-Namensraeume.md" />
          <title value="Namensräume" />
          <generation value="markdown" />
          <page>
            <nameUrl value="Terminologie-Namensraueme-LokaleNamensraeume.md" />
            <title value="Lokale Namensräume" />
            <generation value="markdown" />
          </page>
          <page>
            <nameUrl value="Terminologie-Namensraueme-NationaleNamensraeume.md" />
            <title value="Nationale Namensräume" />
            <generation value="markdown" />
          </page>
        </page>
        <page>
          <nameUrl value="Terminologie-Uebersetzungen.md" />
          <title value="Codesystem-Übersetzungen" />
          <generation value="markdown" />
          <page>
            <nameUrl value="Terminologie-CodeSystenSupplement-administrative-gender.md" />
            <title value="administrative-gender" />
            <generation value="markdown" />
          </page>
          <page>
            <nameUrl value="Terminologie-CodeSystemSupplement-marital-status.md" />
            <title value="marital-status" />
            <generation value="markdown" />
          </page>
          <page>
            <nameUrl value="Terminologie-CodeSystemSupplement-diagnosis-role.md" />
            <title value="diagnosis-role" />
            <generation value="markdown" />
          </page>
          <page>
            <nameUrl value="Terminologie-CodeSystemSupplement-identifier-type-v2.md" />
            <title value="identifier-type-v2" />
            <generation value="markdown" />
          </page>
          <page>
            <nameUrl value="Terminologie-CodeSystemSupplement-observation-category.md" />
            <title value="observation-category" />
            <generation value="markdown" />
          </page>
          <page>
            <nameUrl value="Terminologie-CodeSystemSupplement-ISO3166.md" />
            <title value="ISO-3166" />
            <generation value="markdown" />
          </page>
        </page>
      </page>
    </page>
  </definition>
</ImplementationGuide>