<Observation xmlns="http://hl7.org/fhir">
  <id value="Example-observation-blutdruck" />
  <meta>
    <profile value="http://hl7.org/fhir/StructureDefinition/vitalsigns" />
    <profile value="http://fhir.de/StructureDefinition/observation-de-vitalsign-blutdruck" />
  </meta>
  <status value="final" />
  <category>
    <coding>
      <system value="http://terminology.hl7.org/CodeSystem/observation-category" />
      <code value="vital-signs" />
      <display value="Vital Signs" />
    </coding>
  </category>
  <code>
    <coding>
      <system value="http://loinc.org" />
      <code value="85354-9" />
      <display value="Blood pressure panel with all children optional" />
    </coding>
    <text value="Systolischer und Diastolischer Blutdruck" />
  </code>
  <subject>
    <reference value="Patient/example" />
  </subject>
  <effectiveDateTime value="2012-09-17" />
  <performer>
    <reference value="Practitioner/example" />
  </performer>
  <interpretation>
    <coding>
      <system value="http://terminology.hl7.org/CodeSystem/v3-ObservationInterpretation" />
      <code value="L" />
      <display value="low" />
    </coding>
    <text value="Below low normal" />
  </interpretation>
  <bodySite>
    <coding>
      <system value="http://snomed.info/sct" />
      <code value="368209003" />
      <display value="Right arm" />
    </coding>
  </bodySite>
  <component>
    <code>
      <coding>
        <system value="http://loinc.org" />
        <code value="8480-6" />
        <display value="Systolic blood pressure" />
      </coding>
    </code>
    <valueQuantity>
      <value value="107" />
      <unit value="mmHg" />
      <system value="http://unitsofmeasure.org" />
      <code value="mm[Hg]" />
    </valueQuantity>
  </component>
  <component>
    <code>
      <coding>
        <system value="http://loinc.org" />
        <code value="8462-4" />
        <display value="Diastolic blood pressure" />
      </coding>
    </code>
    <valueQuantity>
      <value value="60" />
      <unit value="mmHg" />
      <system value="http://unitsofmeasure.org" />
      <code value="mm[Hg]" />
    </valueQuantity>
  </component>
</Observation>