<ConceptMap xmlns="http://hl7.org/fhir">
  <id value="ConceptMap-OPS-SNOMED-Category-Mapping" />
  <url value="http://fhir.de/ConceptMap/OPS-SNOMED-Category" />
  <version value="1.0" />
  <name value="ConceptMapOPS-SNOMED-Category-Mapping" />
  <title value="ConceptMap - OPS_SNOMED-Category-Mapping" />
  <status value="active" />
  <experimental value="false" />
  <date value="2020-04-22" />
  <publisher value="HL7 Deutschland e.V. (Technisches Komitee FHIR)" />
  <description value="Mapping OPS &quot;Klassentitel&quot; zu SNOMED-CT" />
  <sourceCanonical value="http://fhir.de/ValueSet/dimdi/ops" />
  <targetCanonical value="http://snomed.info/sct" />
  <group>
    <source value="http://fhir.de/CodeSystem/dimdi/ops" />
    <target value="http://snomed.info/sct" />
    <element>
      <code value="1" />
      <display value="Diagnostische Maßnahmen" />
      <target>
        <code value="103693007" />
        <display value="Diagnostic procedure" />
        <equivalence value="equivalent" />
      </target>
    </element>
    <element>
      <code value="3" />
      <display value="Bildgebende Diagnostik" />
      <target>
        <code value="363679005" />
        <display value="Imaging" />
        <equivalence value="equivalent" />
      </target>
    </element>
    <element>
      <code value="5" />
      <display value="Operationen" />
      <target>
        <code value="387713003" />
        <display value="Surgical procedure" />
        <equivalence value="equivalent" />
      </target>
    </element>
    <element>
      <code value="6" />
      <display value="Medikamente" />
      <target>
        <code value="18629005" />
        <display value="Administration of medicine" />
        <equivalence value="relatedto" />
      </target>
    </element>
    <element>
      <code value="8" />
      <display value="Nichtoperative therapeutische Maßnahmen" />
      <target>
        <code value="277132007" />
        <display value="Therapeutic procedure" />
        <equivalence value="equivalent" />
      </target>
    </element>
    <element>
      <code value="9" />
      <display value="Ergänzende Maßnahmen" />
      <target>
        <code value="394841004" />
        <display value="Other category" />
        <equivalence value="relatedto" />
      </target>
    </element>
  </group>
</ConceptMap>