<Condition xmlns="http://hl7.org/fhir">
  <id value="Example-condition-kreuz-stern" />
  <code>
    <coding>
      <extension url="http://fhir.de/StructureDefinition/icd-10-gm-primaercode">
        <valueCoding>
          <system value="http://fhir.de/CodeSystem/dimdi/icd-10-gm" />
          <version value="2019" />
          <code value="E10.30" />
        </valueCoding>
      </extension>
      <extension url="http://fhir.de/StructureDefinition/icd-10-gm-manifestationscode">
        <valueCoding>
          <system value="http://fhir.de/CodeSystem/dimdi/icd-10-gm" />
          <version value="2019" />
          <code value="H36.0" />
        </valueCoding>
      </extension>
      <system value="http://fhir.de/CodeSystem/dimdi/icd-10-gm" />
      <version value="2019" />
      <code value="E10.30† H36.0*" />
      <display value="Diabetische Retinopathie" />
    </coding>
  </code>
  <subject>
    <reference value="Patient/example" />
  </subject>
</Condition>