<Coverage xmlns="http://hl7.org/fhir">
  <id value="Example-coverage-example" />
  <meta>
    <profile value="http://fhir.de/StructureDefinition/coverage-de-gkv" />
  </meta>
  <extension url="http://fhir.de/StructureDefinition/gkv/einlesedatum-karte">
    <valueDateTime value="2019-12-03" />
  </extension>
  <extension url="http://fhir.de/StructureDefinition/gkv/version-vsdm">
    <valueString value="5.2.1" />
  </extension>
  <extension url="http://fhir.de/StructureDefinition/gkv/generation-egk">
    <valueString value="1+" />
  </extension>
  <extension url="http://fhir.de/StructureDefinition/gkv/versichertenart">
    <valueCoding>
      <system value="https://fhir.kbv.de/CodeSystem/74_CS_SFHIR_KBV_VERSICHERTENSTATUS" />
      <code value="1" />
    </valueCoding>
  </extension>
  <extension url="http://fhir.de/StructureDefinition/gkv/kostenerstattung">
    <extension url="aerztlicheVersorgung">
      <valueBoolean value="true" />
    </extension>
    <extension url="zahnaerztlicheVersorgung">
      <valueBoolean value="false" />
    </extension>
  </extension>
  <extension url="http://fhir.de/StructureDefinition/gkv/wop">
    <valueCoding>
      <system value="https://fhir.kbv.de/CodeSystem/CS_AW_Krankenversicherung_WOP" />
      <code value="38" />
      <display value="Nordrhein" />
    </valueCoding>
  </extension>
  <extension url="http://fhir.de/StructureDefinition/gkv/besondere-personengruppe">
    <valueCoding>
      <system value="https://fhir.kbv.de/CodeSystem/74_CS_SFHIR_KBV_PERSONENGRUPPE" />
      <code value="06" />
      <display value="BVG (Gesetz über die Versorgung der Opfer des Krieges)" />
    </valueCoding>
  </extension>
  <extension url="http://fhir.de/StructureDefinition/gkv/ruhender-leistungsanspruch">
    <extension url="art">
      <valueCoding>
        <code value="1" />
      </valueCoding>
    </extension>
    <extension url="dauer">
      <valuePeriod>
        <start value="2018-01-01" />
      </valuePeriod>
    </extension>
  </extension>
  <extension url="http://fhir.de/StructureDefinition/gkv/zuzahlungsstatus">
    <extension url="status">
      <valueBoolean value="true" />
    </extension>
    <extension url="gueltigBis">
      <valueDate value="2020-12-31" />
    </extension>
  </extension>
  <identifier>
    <system value="http://fhir.de/sid/gkv/kvid-10" />
    <value value="123454321" />
  </identifier>
  <status value="active" />
  <type>
    <coding>
      <system value="http://fhir.de/CodeSystem/versicherungsart-de-basis" />
      <code value="GKV" />
    </coding>
  </type>
  <subscriber>
    <reference value="Patient/example" />
    <display value="Max Mustermann" />
  </subscriber>
  <beneficiary>
    <reference value="Patient/example" />
    <display value="Max Mustermann" />
  </beneficiary>
  <payor>
    <extension url="http://fhir.de/StructureDefinition/AbrechnendeIK">
      <valueIdentifier>
        <system value="http://fhir.de/sid/arge-ik/iknr" />
        <value value="756756324" />
      </valueIdentifier>
    </extension>
    <identifier>
      <system value="http://fhir.de/sid/arge-ik/iknr" />
      <value value="823746876" />
    </identifier>
    <display value="Krankenkasse A" />
  </payor>
</Coverage>