<Patient xmlns="http://hl7.org/fhir">
  <id value="Example-patient-de-basis-humanname-vorsatzwort" />
  <name>
    <use value="official" />
    <text value="Ludwig van Beethoven" />
    <family value="van Beethoven">
      <extension url="http://hl7.org/fhir/StructureDefinition/humanname-own-prefix">
        <valueString value="van" />
      </extension>
      <extension url="http://hl7.org/fhir/StructureDefinition/humanname-own-name">
        <valueString value="Beethoven" />
      </extension>
    </family>
    <given value="Ludwig" />
  </name>
</Patient>