<CodeSystem xmlns="http://hl7.org/fhir">
  <meta>
    <profile value="http://hl7.org/fhir/StructureDefinition/shareablecodesystem" />
  </meta>
  <url value="http://fhir.de/CodeSystem/kbv/s-bar-wbo2" />
  <identifier>
    <system value="urn:ietf:rfc:3986" />
    <value value="urn:oid:1.2.276.0.76.5.114" />
  </identifier>
  <version value="1.13" />
  <name value="kbv-s-bar-wbo2" />
  <status value="draft" />
  <experimental value="true" />
  <date value="2018-01-01" />
  <publisher value="HL7 Deutschland e.V. (Technisches Komitee FHIR)" />
  <contact>
    <telecom>
      <system value="url" />
      <value value="http://hl7.de/technische-komitees/fhir/" />
    </telecom>
  </contact>
  <description value="Fachgruppen-Codes nach Weiterbildungsordnung Bundesarztregister." />
  <copyright value="Kassenärztliche Bundesvereinigung" />
  <caseSensitive value="true" />
  <valueSet value="http://fhir.de/ValueSet/kbv/s-bar-wbo2" />
  <content value="complete" />
  <concept>
    <code value="001" />
    <display value="Praktischer Arzt; obsolet" />
  </concept>
  <concept>
    <code value="002" />
    <display value="Arzt obsolet" />
  </concept>
  <concept>
    <code value="010" />
    <display value="FA Allgemeinmedizin" />
  </concept>
  <concept>
    <code value="020" />
    <display value="FA Anästhesiologie" />
  </concept>
  <concept>
    <code value="022" />
    <display value="FA Anästhesiologie und Intensivtherapie; obsolet" />
  </concept>
  <concept>
    <code value="030" />
    <display value="FA Augenheilkunde" />
  </concept>
  <concept>
    <code value="040" />
    <display value="FA Chirurgie; obsolet" />
  </concept>
  <concept>
    <code value="041" />
    <display value="TG Kinderchirurgie; obsolet" />
  </concept>
  <concept>
    <code value="042" />
    <display value="SP Unfallchirurgie; obsolet" />
  </concept>
  <concept>
    <code value="043" />
    <display value="SP Gefäßchirurgie; obsolet" />
  </concept>
  <concept>
    <code value="044" />
    <display value="TG Plastische Chirurgie; obsolet" />
  </concept>
  <concept>
    <code value="045" />
    <display value="TG Thorax- und Kardiovaskularchirurgie; obsolet" />
  </concept>
  <concept>
    <code value="046" />
    <display value="SP Thoraxchirurgie; obsolet" />
  </concept>
  <concept>
    <code value="047" />
    <display value="TG Herz- und Gefäßchirurgie; neue Bundesländer; obsolet" />
  </concept>
  <concept>
    <code value="048" />
    <display value="SP Visceralchirurgie; obsolet" />
  </concept>
  <concept>
    <code value="050" />
    <display value="FA Frauenheilkunde und Geburtshilfe" />
  </concept>
  <concept>
    <code value="060" />
    <display value="FA Hals-, Nasen-, Ohrenheilkunde" />
  </concept>
  <concept>
    <code value="061" />
    <display value="SP Phoniatrie und Pädaudiologie; obsolet" />
  </concept>
  <concept>
    <code value="062" />
    <display value="TG Audiologie; neue Bundesländer; obsolet" />
  </concept>
  <concept>
    <code value="063" />
    <display value="TG Phoniatrie; neue Bundesländer; obsolet" />
  </concept>
  <concept>
    <code value="070" />
    <display value="FA Haut- und Geschlechtskrankheiten" />
  </concept>
  <concept>
    <code value="080" />
    <display value="FA Innere Medizin" />
  </concept>
  <concept>
    <code value="081" />
    <display value="SP Gastroenterologie; obsolet" />
  </concept>
  <concept>
    <code value="082" />
    <display value="SP Kardiologie; obsolet" />
  </concept>
  <concept>
    <code value="083" />
    <display value="SP Pneumologie; obsolet" />
  </concept>
  <concept>
    <code value="084" />
    <display value="SP Endokrinologie; obsolet" />
  </concept>
  <concept>
    <code value="085" />
    <display value="TG Hämatologie; obsolet" />
  </concept>
  <concept>
    <code value="086" />
    <display value="SP Nephrologie; obsolet" />
  </concept>
  <concept>
    <code value="087" />
    <display value="SP Rheumatologie; obsolet" />
  </concept>
  <concept>
    <code value="088" />
    <display value="TG Diabetologie; neue Bundesländer; obsolet" />
  </concept>
  <concept>
    <code value="089" />
    <display value="TG Infektions- und Tropenmedizin; neue Bundesländer; obsolet" />
  </concept>
  <concept>
    <code value="090" />
    <display value="FA Kinderheilkunde; obsolet" />
  </concept>
  <concept>
    <code value="091" />
    <display value="SP Kinderkardiologie" />
  </concept>
  <concept>
    <code value="092" />
    <display value="TG Kinderneuropsychiatrie; neue Bundesländer; obsolet" />
  </concept>
  <concept>
    <code value="093" />
    <display value="SP Neonatologie" />
  </concept>
  <concept>
    <code value="094" />
    <display value="TG Kindergastroenterologie; neue Bundesländer; obsolet" />
  </concept>
  <concept>
    <code value="095" />
    <display value="TG Kinderhämatologie; neue Bundesländer; obsolet" />
  </concept>
  <concept>
    <code value="096" />
    <display value="TG Kindernephrologie; neue Bundesländer; obsolet" />
  </concept>
  <concept>
    <code value="097" />
    <display value="TG Kinder-Lungen- u. Bronchialheilkunde; neue Bundesländer; obsolet" />
  </concept>
  <concept>
    <code value="098" />
    <display value="TG Kinderrheumatologie; neue Bundesländer; obsolet" />
  </concept>
  <concept>
    <code value="099" />
    <display value="TG Kinderdiabetologie; neue Bundesländer; obsolet" />
  </concept>
  <concept>
    <code value="100" />
    <display value="FA Kinder- und Jugendpsychiatrie; obsolet" />
  </concept>
  <concept>
    <code value="102" />
    <display value="FA Kinder- und Jugendpsychiatrie und -psychotherapie" />
  </concept>
  <concept>
    <code value="110" />
    <display value="FA Laboratoriumsmedizin" />
  </concept>
  <concept>
    <code value="111" />
    <display value="FA Mikrobiologie und Infektionsepidemiologie; obsolet" />
  </concept>
  <concept>
    <code value="112" />
    <display value="TG Mikrobiologie; obsolet" />
  </concept>
  <concept>
    <code value="120" />
    <display value="FA Lungenarzt; obsolet" />
  </concept>
  <concept>
    <code value="125" />
    <display value="FA Magenarzt; obsolet" />
  </concept>
  <concept>
    <code value="130" />
    <display value="FA Mund-Kiefer-Gesichts-Chirurgie" />
  </concept>
  <concept>
    <code value="131" />
    <display value="FA Kieferchirurgie; obsolet" />
  </concept>
  <concept>
    <code value="140" />
    <display value="FA Nervenheilkunde; obsolet" />
  </concept>
  <concept>
    <code value="141" />
    <display value="FA Psychiatrie; obsolet" />
  </concept>
  <concept>
    <code value="142" />
    <display value="FA Neurologie" />
  </concept>
  <concept>
    <code value="143" />
    <display value="Psychotherapeutisch tätiger Arzt (obs.)" />
  </concept>
  <concept>
    <code value="144" />
    <display value="Psychotherapeutisch tätiger Arzt (Zusatzbezeichnung)" />
  </concept>
  <concept>
    <code value="145" />
    <display value="FA Neurologie und Psychiatrie; obsolet" />
  </concept>
  <concept>
    <code value="146" />
    <display value="TG Kinderneuropsychiatrie; neue Bundesländer; obsolet" />
  </concept>
  <concept>
    <code value="147" />
    <display value="FA Psychiatrie und Psychotherapie" />
  </concept>
  <concept>
    <code value="148" />
    <display value="FA Psychotherapeutische Medizin; obsolet" />
  </concept>
  <concept>
    <code value="149" />
    <display value="FA Neurologie, Psychiatrie und Psychotherapie; kammerindividuell; obsolet" />
  </concept>
  <concept>
    <code value="150" />
    <display value="FA Neurochirurgie" />
  </concept>
  <concept>
    <code value="160" />
    <display value="FA Orthopädie; obsolet" />
  </concept>
  <concept>
    <code value="161" />
    <display value="SP Rheumatologie (der ehemaligen Orthopädie); obsolet" />
  </concept>
  <concept>
    <code value="170" />
    <display value="FA Pathologie" />
  </concept>
  <concept>
    <code value="171" />
    <display value="TG Neuropathologie; obsolet" />
  </concept>
  <concept>
    <code value="180" />
    <display value="FA Pharmakologie und Toxikologie" />
  </concept>
  <concept>
    <code value="181" />
    <display value="TG Klinische Pharmakologie; obsolet" />
  </concept>
  <concept>
    <code value="190" />
    <display value="FA Radiologie (alte (M-)WBO); obsolet" />
  </concept>
  <concept>
    <code value="191" />
    <display value="TG Strahlentherapie; obsolet" />
  </concept>
  <concept>
    <code value="192" />
    <display value="TG Neuroradiologie; obsolet" />
  </concept>
  <concept>
    <code value="194" />
    <display value="FA Radiologische Diagnostik; obsolet" />
  </concept>
  <concept>
    <code value="195" />
    <display value="FA Diagnostische Radiologie; obsolet" />
  </concept>
  <concept>
    <code value="196" />
    <display value="SP Kinderradiologie" />
  </concept>
  <concept>
    <code value="197" />
    <display value="SP Neuroradiologie" />
  </concept>
  <concept>
    <code value="199" />
    <display value="FA Strahlentherapie und Radiologische Diagnostik; obsolet" />
  </concept>
  <concept>
    <code value="200" />
    <display value="FA Urologie" />
  </concept>
  <concept>
    <code value="210" />
    <display value="FA Arbeitsmedizin" />
  </concept>
  <concept>
    <code value="220" />
    <display value="FA Nuklearmedizin" />
  </concept>
  <concept>
    <code value="230" />
    <display value="FA Öffentliches Gesundheitswesen" />
  </concept>
  <concept>
    <code value="240" />
    <display value="FA Rechtsmedizin" />
  </concept>
  <concept>
    <code value="250" />
    <display value="FA Hygiene und Umweltmedizin" />
  </concept>
  <concept>
    <code value="271" />
    <display value="FA Neuropathologie" />
  </concept>
  <concept>
    <code value="281" />
    <display value="FA Klinische Pharmakologie" />
  </concept>
  <concept>
    <code value="291" />
    <display value="FA Strahlentherapie" />
  </concept>
  <concept>
    <code value="301" />
    <display value="FA Anatomie" />
  </concept>
  <concept>
    <code value="302" />
    <display value="FA Biochemie" />
  </concept>
  <concept>
    <code value="303" />
    <display value="FA Transfusionsmedizin" />
  </concept>
  <concept>
    <code value="304" />
    <display value="FA Kinderchirurgie" />
  </concept>
  <concept>
    <code value="305" />
    <display value="Medizinische Genetik" />
  </concept>
  <concept>
    <code value="306" />
    <display value="Medizinische Informatik" />
  </concept>
  <concept>
    <code value="307" />
    <display value="Pathologische Physiologie" />
  </concept>
  <concept>
    <code value="308" />
    <display value="FA Physiologie" />
  </concept>
  <concept>
    <code value="309" />
    <display value="FA Physiotherapie; neue Bundesländer; obsolet" />
  </concept>
  <concept>
    <code value="310" />
    <display value="FA Psychotherapie; neue Bundesländer; obsolet" />
  </concept>
  <concept>
    <code value="311" />
    <display value="FA Sozialhygiene; neue Bundesländer; obsolet" />
  </concept>
  <concept>
    <code value="312" />
    <display value="FA Sportmedizin; neue Bundesländer; obsolet" />
  </concept>
  <concept>
    <code value="313" />
    <display value="FA Herzchirurgie" />
  </concept>
  <concept>
    <code value="314" />
    <display value="FA Humangenetik" />
  </concept>
  <concept>
    <code value="315" />
    <display value="FA Immunologie; neue Bundesländer; obsolet" />
  </concept>
  <concept>
    <code value="317" />
    <display value="Physiologische Chemie" />
  </concept>
  <concept>
    <code value="320" />
    <display value="SP Thoraxchirurgie; obsolet" />
  </concept>
  <concept>
    <code value="321" />
    <display value="SP Echokardiologie herznaher Gefäße; obsolet" />
  </concept>
  <concept>
    <code value="322" />
    <display value="FA Plastische Chirurgie" />
  </concept>
  <concept>
    <code value="324" />
    <display value="FA Phoniatrie und Pädaudiologie; obsolet" />
  </concept>
  <concept>
    <code value="326" />
    <display value="SP Angiologie; obsolet" />
  </concept>
  <concept>
    <code value="327" />
    <display value="SP Hämatologie und internistische Onkologie obsolet" />
  </concept>
  <concept>
    <code value="328" />
    <display value="SP Geriatrie (Innere Medizin); (vor 2003 in Muster-WBO der BÄK); obsolet" />
  </concept>
  <concept>
    <code value="330" />
    <display value="FA Physikalische und Rehabilitative Medizin" />
  </concept>
  <concept>
    <code value="340" />
    <display value="FA Arzt für Kinder- und Jugendmedizin; kammerindividuell; obsolet" />
  </concept>
  <concept>
    <code value="341" />
    <display value="FA Kinder-und Jugendmedizin" />
  </concept>
  <concept>
    <code value="342" />
    <display value="FA Kinder-und Jugendmedizin; kammerindividuell; obsolet" />
  </concept>
  <concept>
    <code value="343" />
    <display value="FA Kinder-und Jugendarzt; kammerindividuell; obsolet" />
  </concept>
  <concept>
    <code value="344" />
    <display value="FA Facharzt für Kinderheilkunde und Jugendmedizin; kammerindividuell; obsolet" />
  </concept>
  <concept>
    <code value="350" />
    <display value="Biomathematik" />
  </concept>
  <concept>
    <code value="351" />
    <display value="Biophysik" />
  </concept>
  <concept>
    <code value="352" />
    <display value="Geschichte der Medizin" />
  </concept>
  <concept>
    <code value="353" />
    <display value="Industrietoxikologie" />
  </concept>
  <concept>
    <code value="354" />
    <display value="Klinische Strahlenphysik" />
  </concept>
  <concept>
    <code value="355" />
    <display value="Medizinische Wissenschaftsinformation" />
  </concept>
  <concept>
    <code value="356" />
    <display value="Medizinische Physik und Biophysik" />
  </concept>
  <concept>
    <code value="357" />
    <display value="FA Experimentelle und diagnostische Mikrobiologie; neue Bundesländer; obsolet" />
  </concept>
  <concept>
    <code value="358" />
    <display value="Fachbiologie der Medizin" />
  </concept>
  <concept>
    <code value="359" />
    <display value="Fachzahnarzt für Mikrobiologie" />
  </concept>
  <concept>
    <code value="360" />
    <display value="Fachzahnarzt für Kieferchirurgie (§ 6 Abs. 1 BMV)" />
  </concept>
  <concept>
    <code value="361" />
    <display value="Fachzahnarzt für theoretisch-experimentelle Medizin" />
  </concept>
  <concept>
    <code value="371" />
    <display value="Fachwissenschaftler Chemie und Labordiagnostik" />
  </concept>
  <concept>
    <code value="372" />
    <display value="Fachwissenschaftler Genetik" />
  </concept>
  <concept>
    <code value="373" />
    <display value="Fachwissenschaftler Immunologie" />
  </concept>
  <concept>
    <code value="374" />
    <display value="Fachwissenschaftler Zytologie/Histologie" />
  </concept>
  <concept>
    <code value="470" />
    <display value="Psychologischer Psychotherapeut" />
  </concept>
  <concept>
    <code value="471" />
    <display value="Kinder- und Jugendlichen-Psychotherapeut" />
  </concept>
  <concept>
    <code value="500" />
    <display value="FA Arbeitshygiene; neue Bundesländer; obsolet" />
  </concept>
  <concept>
    <code value="501" />
    <display value="FA Blutspende- und Transfusionsmedizin; kammerindividuell; obsolet" />
  </concept>
  <concept>
    <code value="502" />
    <display value="FA Hygiene; kammerindividuell; obsolet" />
  </concept>
  <concept>
    <code value="503" />
    <display value="SP Infektiologie; kammerindividuell; obsolet" />
  </concept>
  <concept>
    <code value="504" />
    <display value="TG Lungen- u. Bronchialheilkunde; obsolet" />
  </concept>
  <concept>
    <code value="505" />
    <display value="SP Infektiologie; kammerindividuell; obsolet" />
  </concept>
  <concept>
    <code value="506" />
    <display value="FA Pathologische Anatomie; kammerindividuell; obsolet" />
  </concept>
  <concept>
    <code value="510" />
    <display value="FA Allgemeine Chirurgie; obsolet" />
  </concept>
  <concept>
    <code value="511" />
    <display value="FA Gefäßchirurgie" />
  </concept>
  <concept>
    <code value="512" />
    <display value="FA Orthopädie und Unfallchirurgie" />
  </concept>
  <concept>
    <code value="513" />
    <display value="FA Thoraxchirurgie" />
  </concept>
  <concept>
    <code value="514" />
    <display value="FA Visceralchirurgie" />
  </concept>
  <concept>
    <code value="515" />
    <display value="SP Gynäkologische Onkologie" />
  </concept>
  <concept>
    <code value="516" />
    <display value="SP Gynäkologische Endokrinologie und Reproduktionsmedizin" />
  </concept>
  <concept>
    <code value="517" />
    <display value="SP Spezielle Geburtshilfe und Perinatalmedizin" />
  </concept>
  <concept>
    <code value="518" />
    <display value="FA Sprach-, Stimm- und kindliche Hörstörungen" />
  </concept>
  <concept>
    <code value="520" />
    <display value="FA Innere und Allgemeinmedizin (Hausarzt)" />
  </concept>
  <concept>
    <code value="521" />
    <display value="FA Innere Medizin und (SP) Angiologie" />
  </concept>
  <concept>
    <code value="522" />
    <display value="FA Innere Medizin und (SP) Endokrinologie und Diabetologie" />
  </concept>
  <concept>
    <code value="523" />
    <display value="FA Innere Medizin und (SP) Gastroenterologie" />
  </concept>
  <concept>
    <code value="524" />
    <display value="FA Innere Medizin und (SP) Hämatologie und Onkologie" />
  </concept>
  <concept>
    <code value="525" />
    <display value="FA Innere Medizin und (SP) Kardiologie" />
  </concept>
  <concept>
    <code value="526" />
    <display value="FA Innere Medizin und (SP) Nephrologie" />
  </concept>
  <concept>
    <code value="527" />
    <display value="FA Innere Medizin und (SP) Pneumologie" />
  </concept>
  <concept>
    <code value="528" />
    <display value="FA Innere Medizin und (SP) Rheumatologie" />
  </concept>
  <concept>
    <code value="529" />
    <display value="TG Kardiologie und Angiologie; kammerindividuell; obsolet" />
  </concept>
  <concept>
    <code value="530" />
    <display value="SP Kinder-Hämatologie und -Onkologie" />
  </concept>
  <concept>
    <code value="531" />
    <display value="SP Neuropädiatrie" />
  </concept>
  <concept>
    <code value="532" />
    <display value="FA Mikrobiologie, Virologie und Infektionsepidemiologie" />
  </concept>
  <concept>
    <code value="533" />
    <display value="SP Forensische Psychiatrie" />
  </concept>
  <concept>
    <code value="534" />
    <display value="FA Psychosomatische Medizin und Psychotherapie" />
  </concept>
  <concept>
    <code value="535" />
    <display value="FA Radiologie (neue (M-)WBO)" />
  </concept>
  <concept>
    <code value="536" />
    <display value="SP Kinder-Endokrinologie und -Diabetologie, kammerindividuell" />
  </concept>
  <concept>
    <code value="537" />
    <display value="SP Kinder-Gastroenterologie, kammerindividuell" />
  </concept>
  <concept>
    <code value="538" />
    <display value="SP Kinder-Nephrologie, kammerindividuell" />
  </concept>
  <concept>
    <code value="539" />
    <display value="SP Kinder-Pneumologie, kammerindividuell" />
  </concept>
  <concept>
    <code value="540" />
    <display value="FA Innere Medizin und SP gesamte Innere Medizin" />
  </concept>
  <concept>
    <code value="541" />
    <display value="FA Innere Medizin und SP Geriatrie; kammerindividuell" />
  </concept>
  <concept>
    <code value="542" />
    <display value="FA Plastische und Ästhetische Chirurgie" />
  </concept>
  <concept>
    <code value="543" />
    <display value="SP Endokrinologie und Diabetologie; kammerindividuell, obsolet" />
  </concept>
  <concept>
    <code value="544" />
    <display value="FA Allgemeinchirurgie" />
  </concept>
  <concept>
    <code value="545" />
    <display value="TG Nephrologie; obsolet" />
  </concept>
  <concept>
    <code value="546" />
    <display value="SP Plastische Chirurgie" />
  </concept>
  <concept>
    <code value="547" />
    <display value="SP Geriatrie (Allgemeinmedizin); kammerindividuell" />
  </concept>
  <concept>
    <code value="548" />
    <display value="SP Geriatrie (Innere Medizin); kammerindividuell (seit 2013 in WBO der LÄK RLP)" />
  </concept>
  <concept>
    <code value="549" />
    <display value="SP Geriatrie (Neurologie); kammerindividuell" />
  </concept>
  <concept>
    <code value="550" />
    <display value="SP Geriatrie (Psychiatrie); kammerindividuell" />
  </concept>
  <concept>
    <code value="551" />
    <display value="TG Endokrinologie; obsolet" />
  </concept>
  <concept>
    <code value="552" />
    <display value="TG Gastroenterologie; obsolet" />
  </concept>
  <concept>
    <code value="553" />
    <display value="TG Kardiologie; obsolet" />
  </concept>
  <concept>
    <code value="554" />
    <display value="TG Rheumatologie; obsolet" />
  </concept>
  <concept>
    <code value="555" />
    <display value="FA Dermatologie und Venerologie; obsolet" />
  </concept>
  <concept>
    <code value="556" />
    <display value="TG Unfallchirurgie; obsolet" />
  </concept>
</CodeSystem>