<CodeSystem xmlns="http://hl7.org/fhir">
  <meta>
    <profile value="http://hl7.org/fhir/StructureDefinition/shareablecodesystem" />
  </meta>
  <url value="http://fhir.de/CodeSystem/kbv/s-kbv-personengruppe" />
  <identifier>
    <system value="urn:ietf:rfc:3986" />
    <value value="urn:oid:1.2.276.0.76.5.222" />
  </identifier>
  <version value="1.0.2" />
  <name value="kbv-s-kbv-personengruppe" />
  <status value="draft" />
  <experimental value="true" />
  <date value="2018-07-01" />
  <publisher value="HL7 Deutschland e.V. (Technisches Komitee FHIR)" />
  <contact>
    <telecom>
      <system value="other" />
      <value value="http://hl7.de/technische-komitees/fhir/" />
    </telecom>
  </contact>
  <description value="Der Personengruppenschlüssel  gibt an, welcher Personengruppe ein Versicherter angehört. Auf der KVK ist diese Angabe Teil des Feldes VERSICHERTENSTATUS." />
  <copyright value="Kassenärztliche Bundesvereinigung" />
  <caseSensitive value="true" />
  <valueSet value="http://fhir.de/ValueSet/kbv/s-kbv-personengruppe" />
  <content value="complete" />
  <concept>
    <code value="00" />
    <display value="nicht gesetzt" />
  </concept>
  <concept>
    <code value="04" />
    <display value="SOZ" />
  </concept>
  <concept>
    <code value="06" />
    <display value="BVG" />
  </concept>
  <concept>
    <code value="07" />
    <display value="SVA1" />
  </concept>
  <concept>
    <code value="08" />
    <display value="SVA2" />
  </concept>
  <concept>
    <code value="09" />
    <display value="ASY" />
  </concept>
</CodeSystem>