<CodeSystem xmlns="http://hl7.org/fhir">
  <meta>
    <profile value="http://hl7.org/fhir/StructureDefinition/shareablecodesystem" />
  </meta>
  <url value="http://fhir.de/CodeSystem/kbv/s-icd-diagnosesicherheit" />
  <identifier>
    <system value="urn:ietf:rfc:3986" />
    <value value="urn:oid:1.2.276.0.76.3.1.1.5.1.21" />
  </identifier>
  <version value="1.00" />
  <name value="kbv-s-icd-diagnosesicherheit" />
  <status value="draft" />
  <experimental value="true" />
  <date value="2005-08-01" />
  <publisher value="HL7 Deutschland e.V. (Technisches Komitee FHIR)" />
  <contact>
    <telecom>
      <system value="other" />
      <value value="http://hl7.de/technische-komitees/fhir/" />
    </telecom>
  </contact>
  <description value="Angaben zur Diagnosesicherheit gemäß ICD-10-GM" />
  <copyright value="Kassenärztliche Bundesvereinigung" />
  <caseSensitive value="true" />
  <valueSet value="http://fhir.de/ValueSet/kbv/s-icd-diagnosesicherheit" />
  <content value="complete" />
  <concept>
    <code value="A" />
    <display value="ausgeschlossen" />
  </concept>
  <concept>
    <code value="G" />
    <display value="gesicherte Diagnose" />
  </concept>
  <concept>
    <code value="V" />
    <display value="Verdacht auf / zum Ausschluss von" />
  </concept>
  <concept>
    <code value="Z" />
    <display value="Zustand nach" />
  </concept>
</CodeSystem>