<NamingSystem xmlns="http://hl7.org/fhir">
  <meta>
    <profile value="http://fhir.de/StructureDefinition/namingsystem-de-basis/0.2" />
  </meta>
  <name value="gkv-kvid-10" />
  <status value="draft" />
  <kind value="identifier" />
  <date value="2017-09-15" />
  <publisher value="HL7 Deutschland e.V. (Technisches Komitee FHIR)" />
  <contact>
    <telecom>
      <system value="other" />
      <value value="http://hl7.de/technische-komitees/fhir/" />
    </telecom>
  </contact>
  <responsible value="Vertrauensstelle Krankenversichertennummer der GKV" />
  <type>
    <coding>
      <system value="http://fhir.de/CodeSystem/identifier-type-de-basis" />
      <code value="GKV" />
    </coding>
  </type>
  <description value="Die Versicherten-ID ist der 10-stellige unveränderliche Teil der 30-stelligen Krankenversichertennummer. Sie wird häufig ebenfalls als Krankenversichertennummer bezeichnet. Der Term 'Versicherten-ID' wird hier in Übereinstimmung mit der Gematik-Spezifikation für das VSDM verwendet." />
  <usage value="Die Krankenkasse verwendet für jeden Versicherten eine Krankenversichertennummer. Die Krankenversichertennummer besteht aus einem unveränderbaren Teil zur Identifikation des Versicherten (der 10-stelligen Krankenversicherten-ID), sowie einem veränderlichen Teil, der die Kassenzugehörigkeit in Form des Institutionskennzeichens der Krankenkasse (9 Stellen) und ggf. Daten zum Hauptversicherten (10 Stellen), sowie eine Prüfziffer (1 Stelle) enthält. Dieses NamingSystem wird für den unveränderlichen Teil, also die ersten 10 Stellen, der 30-stellige Krankenversichertennummer verwendet." />
  <uniqueId>
    <type value="oid" />
    <value value="1.2.276.0.76.4.8" />
  </uniqueId>
  <uniqueId>
    <type value="uri" />
    <value value="http://fhir.de/NamingSystem/gkv/kvid-10" />
    <preferred value="true" />
    <period>
      <start value="2017-09-15" />
    </period>
  </uniqueId>
</NamingSystem>