<NamingSystem xmlns="http://hl7.org/fhir">
  <meta>
    <profile value="http://fhir.de/StructureDefinition/namingsystem-de-basis/0.2" />
  </meta>
  <name value="kzv-54-zahnarztnummer" />
  <status value="draft" />
  <kind value="identifier" />
  <date value="2017-12-06" />
  <publisher value="HL7 Deutschland e.V. (Technisches Komitee FHIR)" />
  <contact>
    <telecom>
      <system value="other" />
      <value value="http://hl7.de/technische-komitees/fhir/" />
    </telecom>
  </contact>
  <responsible value="Kassenzahnärztliche Vereinigung Sachsen-Anhalt (KZV Sachsen-Anhalt)" />
  <type>
    <coding>
      <system value="http://fhir.de/CodeSystem/identifier-type-de-basis" />
      <code value="ZANR" />
    </coding>
  </type>
  <description value="Dieses NamingSystem wird für Zahnarztnummern (Zahnarzt-Abrechnungsnummern) verwendet, die von der KZV Sachsen-Anhalt für ihren Abrechnungsbereich herausgegeben werden. Die Zahnarztnummer ist 1- bis 6-stellig numerisch." />
  <usage value="Das NamingSystem wird in Identifiern von Zahnärzten (Practitioner) verwendet." />
  <uniqueId>
    <type value="uri" />
    <value value="http://fhir.de/NamingSystem/kzv/54/zahnarztnummer" />
    <preferred value="true" />
    <period>
      <start value="2017-12-06" />
    </period>
  </uniqueId>
</NamingSystem>