<NamingSystem xmlns="http://hl7.org/fhir">
  <meta>
    <profile value="http://fhir.de/StructureDefinition/namingsystem-de-basis/0.2" />
  </meta>
  <name value="kbv-bsnr" />
  <status value="draft" />
  <kind value="identifier" />
  <date value="2017-09-15" />
  <publisher value="HL7 Deutschland e.V. (Technisches Komitee FHIR)" />
  <contact>
    <telecom>
      <system value="other" />
      <value value="http://hl7.de/technische-komitees/fhir/" />
    </telecom>
  </contact>
  <responsible value="Kassenärztliche Bundesvereinigung (KBV)" />
  <type>
    <coding>
      <system value="http://hl7.org/fhir/v2/0203" />
      <code value="PRN" />
    </coding>
  </type>
  <description value="Die Betriebsstättennummer (BSNR) identifiziert die Arztpraxis als abrechnende Einheit und ermöglicht die Zuordnung ärztlicher Leistungen zum Ort der Leistungserbringung. Dabei umfasst der Begriff Arztpraxis auch Medizinische Versorgungszentren (MVZ), Institute, Notfallambulanzen sowie Ermächtigungen an Krankenhäusern.&#xD;&#xA;&#xD;&#xA;Die BSNR ist wie folgt strukturiert:&#xD;&#xA;&#xD;&#xA;35kknnnnn mit 35 = Krankenhäuser, die Leistungen im Rahmen von § 75 Absatz 1a SGB V erbringen&#xD;&#xA;74kknnn63 mit 74 = KBV, 63 = Kennzeichnung SAPV&#xD;&#xA;&#xD;&#xA;kk = erlaubter Inhalt (UKV- und OKV-Bereiche): 01-03, 06-21, 24, 25, 27, 28, 31, 37-73, 78-81, 83, 85-88, 93-96, 98, 99&#xD;&#xA;nnn = Seriennummer &#xD;&#xA;&#xD;&#xA;Weiterhin existieren Pseudo-Arztnummern für Krankenhausärzte im Rahmen der ASV-Abrechnung:&#xD;&#xA;55555nff mit&#xD;&#xA;555555: Pseudo-Arztnummer für Krankenhausärzte im Rahmen der ASV-Abrechnung&#xD;&#xA;n = Ordnungsnummer&#xD;&#xA;ff = Fachgruppencode gemäß der jeweils gültigen Anlage 2 der Richtlinie der Kassenärztlichen Bundesvereinigung nach §75 Abs. 7 SGB V zur Vergabe der Arzt-, Betriebsstätten- und Praxisnetznummern" />
  <usage value="BSNR und LANR werden in der Regel kombiniert verwendet, um einen Arzt in seiner Funktion und seiner Praxis eindeutig zu identifizieren. Typische Use Cases sind Abrechnungen sowie die Übermittlung abrechnungsrelevanter medizinischer Daten" />
  <uniqueId>
    <type value="oid" />
    <value value="1.2.276.0.76.4.17" />
  </uniqueId>
  <uniqueId>
    <type value="uri" />
    <value value="http://fhir.de/NamingSystem/kbv/bsnr" />
    <preferred value="true" />
    <period>
      <start value="2017-09-15" />
    </period>
  </uniqueId>
</NamingSystem>