<ValueSet xmlns="http://hl7.org/fhir">
  <meta>
    <profile value="http://hl7.org/fhir/StructureDefinition/shareablevalueset" />
  </meta>
  <url value="http://fhir.de/ValueSet/arge-ik/klassifikation" />
  <version value="0.1" />
  <name value="arge-ik-klassifikation" />
  <status value="draft" />
  <experimental value="true" />
  <date value="2017-09-15" />
  <publisher value="HL7 Deutschland e.V. (Technisches Komitee FHIR)" />
  <contact>
    <telecom>
      <system value="other" />
      <value value="http://hl7.de/technische-komitees/fhir/" />
    </telecom>
  </contact>
  <description value="Klassifikationen und deren Geltungsbereiche, Regionalschlüssel, Seriennummern-Kontingente und Vergabestellen" />
  <copyright value="HL7 Deutschland e.V." />
  <compose>
    <include>
      <system value="http://fhir.de/CodeSystem/arge-ik/klassifikation" />
    </include>
  </compose>
  <expansion>
    <identifier value="9f491879-d48f-43b2-6b4a-f8c1fc4f7177" />
    <timestamp value="2017-08-07" />
    <total value="51" />
    <contains>
      <system value="http://fhir.de/CodeSystem/arge-ik/klassifikation" />
      <code value="10" />
      <display value="Krankenversicherungsträger" />
    </contains>
    <contains>
      <system value="http://fhir.de/CodeSystem/arge-ik/klassifikation" />
      <code value="11" />
      <display value="Rentenversicherungsträger" />
    </contains>
    <contains>
      <system value="http://fhir.de/CodeSystem/arge-ik/klassifikation" />
      <code value="12" />
      <display value="Unfallversicherungsträger" />
    </contains>
    <contains>
      <system value="http://fhir.de/CodeSystem/arge-ik/klassifikation" />
      <code value="13" />
      <display value="Sozialhilfeträger" />
    </contains>
    <contains>
      <system value="http://fhir.de/CodeSystem/arge-ik/klassifikation" />
      <code value="14" />
      <display value="Bundesagentur für Arbeit" />
    </contains>
    <contains>
      <system value="http://fhir.de/CodeSystem/arge-ik/klassifikation" />
      <code value="15" />
      <display value="Versorgungsämter und Orthopädische Versorgungsstellen" />
    </contains>
    <contains>
      <system value="http://fhir.de/CodeSystem/arge-ik/klassifikation" />
      <code value="16" />
      <display value="Private Krankenversicherungen" />
    </contains>
    <contains>
      <system value="http://fhir.de/CodeSystem/arge-ik/klassifikation" />
      <code value="17" />
      <display value="Gesundheitsämter" />
    </contains>
    <contains>
      <system value="http://fhir.de/CodeSystem/arge-ik/klassifikation" />
      <code value="18" />
      <display value="Pflegekassen der Krankenversicherungsträger" />
    </contains>
    <contains>
      <system value="http://fhir.de/CodeSystem/arge-ik/klassifikation" />
      <code value="19" />
      <display value="Träger der Gemeinschaftsaufgaben und Medizinischer Dienst der Krankenversicherung (MDK) sowie Medizinischer Dienst der Sozialversicherung (MDS)" />
    </contains>
    <contains>
      <system value="http://fhir.de/CodeSystem/arge-ik/klassifikation" />
      <code value="20" />
      <display value="Kassenärztliche Vereinigungen und Ärzte einschl. selbstabrechnender Ärzte (z.B. Gutachterärzte)" />
    </contains>
    <contains>
      <system value="http://fhir.de/CodeSystem/arge-ik/klassifikation" />
      <code value="21" />
      <display value="Kassenzahnärztliche Vereinigungen und Zahnärzte einschl. selbstabrechnender Zahnärzte (z.B. Gutachter)" />
    </contains>
    <contains>
      <system value="http://fhir.de/CodeSystem/arge-ik/klassifikation" />
      <code value="22" />
      <display value="Privatärztliche Verrechnungsstellen" />
    </contains>
    <contains>
      <system value="http://fhir.de/CodeSystem/arge-ik/klassifikation" />
      <code value="26" />
      <display value="Krankenhäuser, Krankenhausapotheken" />
    </contains>
    <contains>
      <system value="http://fhir.de/CodeSystem/arge-ik/klassifikation" />
      <code value="27" />
      <display value="Polikliniken, Integrierte Versorgung, Praxiskliniken" />
    </contains>
    <contains>
      <system value="http://fhir.de/CodeSystem/arge-ik/klassifikation" />
      <code value="29" />
      <display value="Medizinische und technische Labore, Röntgen- und Zahntechnik, Institut für Pathologie, Strahlen- und Hygieneinstitute" />
    </contains>
    <contains>
      <system value="http://fhir.de/CodeSystem/arge-ik/klassifikation" />
      <code value="30" />
      <display value="Apotheken" />
    </contains>
    <contains>
      <system value="http://fhir.de/CodeSystem/arge-ik/klassifikation" />
      <code value="31" />
      <display value="Augenoptiker, Augenärzte (als Erbringer von Leistungen, z.B. Kontaktlinsen)" />
    </contains>
    <contains>
      <system value="http://fhir.de/CodeSystem/arge-ik/klassifikation" />
      <code value="32" />
      <display value="Hörgeräte-Akustiker, HNO-Ärzte (als Erbringer von Leistungen, z.B. Hörgeräteversorgung)" />
    </contains>
    <contains>
      <system value="http://fhir.de/CodeSystem/arge-ik/klassifikation" />
      <code value="33" />
      <display value="Orthopädiemechaniker, Bandagisten, Sanitätshäuser, Arzt- und Krankenhausbedarf, Stomafachhandel, Hilfsmittel" />
    </contains>
    <contains>
      <system value="http://fhir.de/CodeSystem/arge-ik/klassifikation" />
      <code value="34" />
      <display value="Orthopädieschuhmacher, Orthopäden (als Erbringer von Leistungen, z.B. Einlagen)" />
    </contains>
    <contains>
      <system value="http://fhir.de/CodeSystem/arge-ik/klassifikation" />
      <code value="35" />
      <display value="Perückenmacher (Friseure)" />
    </contains>
    <contains>
      <system value="http://fhir.de/CodeSystem/arge-ik/klassifikation" />
      <code value="39" />
      <display value="Podologen, med. Fußpfleger" />
    </contains>
    <contains>
      <system value="http://fhir.de/CodeSystem/arge-ik/klassifikation" />
      <code value="40" />
      <display value="Logopäden, Sprachheilbehandler, Sonderschullehrer" />
    </contains>
    <contains>
      <system value="http://fhir.de/CodeSystem/arge-ik/klassifikation" />
      <code value="42" />
      <display value="Sehschulen" />
    </contains>
    <contains>
      <system value="http://fhir.de/CodeSystem/arge-ik/klassifikation" />
      <code value="43" />
      <display value="Med. Bademeister, Masseure, Praxen für physikalische Therapie, Orthopäden (als Erbringer von Leistungen, z.B. Massagen), Kurbäder, Kurpacker" />
    </contains>
    <contains>
      <system value="http://fhir.de/CodeSystem/arge-ik/klassifikation" />
      <code value="44" />
      <display value="Krankengymnasten, Physiotherapeuten, Praxen für Physiotherapie, Sportvereine, Schwangerschaftsgymnastik, Rehabilitationssport-, Herzsport- und Behindertensportgruppen, Funktionstrainingsgruppen, Sportstudios, Reittherapie" />
    </contains>
    <contains>
      <system value="http://fhir.de/CodeSystem/arge-ik/klassifikation" />
      <code value="45" />
      <display value="Hebammen" />
    </contains>
    <contains>
      <system value="http://fhir.de/CodeSystem/arge-ik/klassifikation" />
      <code value="46" />
      <display value="Kranken- und Altenpfleger, Haushaltshilfen, Hauspfleger, Maschinen- und Betriebshilfsring" />
    </contains>
    <contains>
      <system value="http://fhir.de/CodeSystem/arge-ik/klassifikation" />
      <code value="47" />
      <display value="Kurverwaltungen" />
    </contains>
    <contains>
      <system value="http://fhir.de/CodeSystem/arge-ik/klassifikation" />
      <code value="48" />
      <display value="Beschäftigungs- und Suchttherapeuten, Gestaltungs- und Kindertherapie, Ergotherapie, Künstlerische Therapie" />
    </contains>
    <contains>
      <system value="http://fhir.de/CodeSystem/arge-ik/klassifikation" />
      <code value="49" />
      <display value="Sonstige therapeutische Hilfspersonen, Psychologen, Psychotherapeuten, Unterrichtshilfen, Soziotherapie, Frühfördereinrichtung, Sonderpädagogen, Mobilitätstrainer, Gebärdensprachdolmetscher, Heileurythmisten, Sozialpädiatrische Zentren, Nachsorgeeinrichtungen, PEKIP" />
    </contains>
    <contains>
      <system value="http://fhir.de/CodeSystem/arge-ik/klassifikation" />
      <code value="50" />
      <display value="Caritative Organisationen, Diakonie- und Sozialstationen, Gemeindeschwestern, Selbsthilfegruppen, Kirchengemeinden, Stadtverwaltungen (Pflegedienste, Kranken-, Sozial- und Schwesternstationen)" />
    </contains>
    <contains>
      <system value="http://fhir.de/CodeSystem/arge-ik/klassifikation" />
      <code value="51" />
      <display value="Alten- und Pflegeheime, Tages-und Kurzzeitpflege, Sonderschulheime, Sozialtherapeutische Zentren" />
    </contains>
    <contains>
      <system value="http://fhir.de/CodeSystem/arge-ik/klassifikation" />
      <code value="52" />
      <display value="Vertragshäuser ohne medizinische Einrichtungen" />
    </contains>
    <contains>
      <system value="http://fhir.de/CodeSystem/arge-ik/klassifikation" />
      <code value="53" />
      <display value="Einrichtungen für Maßnahmen der beruflichen Rehabilitation" />
    </contains>
    <contains>
      <system value="http://fhir.de/CodeSystem/arge-ik/klassifikation" />
      <code value="54" />
      <display value="Ambulante und mobile Rehabilitationseinrichtungen" />
    </contains>
    <contains>
      <system value="http://fhir.de/CodeSystem/arge-ik/klassifikation" />
      <code value="57" />
      <display value="Stationäre Vorsorge- und Rehabilitationseinrichtungen" />
    </contains>
    <contains>
      <system value="http://fhir.de/CodeSystem/arge-ik/klassifikation" />
      <code value="59" />
      <display value="Sonstige Erbringer von Leistungen i. S. des SGB" />
    </contains>
    <contains>
      <system value="http://fhir.de/CodeSystem/arge-ik/klassifikation" />
      <code value="60" />
      <display value="Krankentransportunternehmen, Ärzte als Leistungserbringer in der notfallärztlichen Versorgung" />
    </contains>
    <contains>
      <system value="http://fhir.de/CodeSystem/arge-ik/klassifikation" />
      <code value="65" />
      <display value="Bestattungsunternehmen" />
    </contains>
    <contains>
      <system value="http://fhir.de/CodeSystem/arge-ik/klassifikation" />
      <code value="66" />
      <display value="Abrechnungsstellen, Rechenzentren, Rechnungsprüfstellen" />
    </contains>
    <contains>
      <system value="http://fhir.de/CodeSystem/arge-ik/klassifikation" />
      <code value="67" />
      <display value="Krebsregister gemäß Krebsfrüherkennungs- und -registergesetz (KFRG)" />
    </contains>
    <contains>
      <system value="http://fhir.de/CodeSystem/arge-ik/klassifikation" />
      <code value="89" />
      <display value="Gruppenkennzeichen zur Zusammenfassung mehrerer IK" />
    </contains>
    <contains>
      <system value="http://fhir.de/CodeSystem/arge-ik/klassifikation" />
      <code value="93" />
      <display value="Beihilfestellen" />
    </contains>
    <contains>
      <system value="http://fhir.de/CodeSystem/arge-ik/klassifikation" />
      <code value="94" />
      <display value="Pflegekassen außerhalb der gesetzlichen Krankenversicherung" />
    </contains>
    <contains>
      <system value="http://fhir.de/CodeSystem/arge-ik/klassifikation" />
      <code value="95" />
      <display value="Krankenversicherungsträger außerhalb der gesetzlichen Krankenversicherung" />
    </contains>
    <contains>
      <system value="http://fhir.de/CodeSystem/arge-ik/klassifikation" />
      <code value="96" />
      <display value="Behörden des Bundes und der Länder, Gerichte" />
    </contains>
    <contains>
      <system value="http://fhir.de/CodeSystem/arge-ik/klassifikation" />
      <code value="97" />
      <display value="Reserviert zur verwaltungsinternen freien Verwendung bei den Institutionen" />
    </contains>
    <contains>
      <system value="http://fhir.de/CodeSystem/arge-ik/klassifikation" />
      <code value="98" />
      <display value="Reserviert zur verwaltungsinternen freien Verwendung bei den Institutionen" />
    </contains>
    <contains>
      <system value="http://fhir.de/CodeSystem/arge-ik/klassifikation" />
      <code value="99" />
      <display value="Reserviert zur verwaltungsinternen freien Verwendung bei den Institutionen" />
    </contains>
  </expansion>
</ValueSet>