<ValueSet xmlns="http://hl7.org/fhir">
  <meta>
    <profile value="http://hl7.org/fhir/StructureDefinition/shareablevalueset" />
  </meta>
  <url value="http://fhir.de/ValueSet/kbv/s-icd-seitenlokalisation" />
  <identifier>
    <system value="urn:ietf:rfc:3986" />
    <value value="urn:oid:1.2.276.0.76.3.1.1.5.1.22" />
  </identifier>
  <version value="0.1" />
  <name value="kbv-s-icd-seitenlokalisation" />
  <status value="draft" />
  <experimental value="true" />
  <date value="2017-09-15" />
  <publisher value="HL7 Deutschland e.V. (Technisches Komitee FHIR)" />
  <contact>
    <telecom>
      <system value="other" />
      <value value="http://hl7.de/technische-komitees/fhir/" />
    </telecom>
  </contact>
  <description value="Angaben zur Lokalisation (Seitigkeit - links, recht, beidseitig) von Organen. Zusatzangabe zur Spezifikation der Diagnosen (ICD-10) oder Operationen und Prozeduren (OPS) bei paarigen Organen oder Körperteilen.  " />
  <copyright value="HL7 Deutschland e.V." />
  <compose>
    <include>
      <system value="http://fhir.de/CodeSystem/kbv/s-icd-seitenlokalisation" />
    </include>
  </compose>
  <expansion>
    <identifier value="8d7fc231-e003-4058-7fb0-16ae41321d2b" />
    <timestamp value="2017-08-07" />
    <total value="3" />
    <contains>
      <system value="http://fhir.de/CodeSystem/kbv/s-icd-seitenlokalisation" />
      <version value="1.00" />
      <code value="B" />
      <display value="beiderseits" />
    </contains>
    <contains>
      <system value="http://fhir.de/CodeSystem/kbv/s-icd-seitenlokalisation" />
      <version value="1.00" />
      <code value="L" />
      <display value="links" />
    </contains>
    <contains>
      <system value="http://fhir.de/CodeSystem/kbv/s-icd-seitenlokalisation" />
      <version value="1.00" />
      <code value="R" />
      <display value="rechts" />
    </contains>
  </expansion>
</ValueSet>