<ValueSet xmlns="http://hl7.org/fhir">
  <meta>
    <profile value="http://hl7.org/fhir/StructureDefinition/shareablevalueset" />
  </meta>
  <url value="http://fhir.de/ValueSet/versicherungsart-de-basis" />
  <version value="0.2.3" />
  <name value="versicherungsart-de-basis" />
  <status value="draft" />
  <experimental value="true" />
  <date value="2019-11-20" />
  <publisher value="HL7 Deutschland e.V. (Technisches Komitee FHIR)" />
  <contact>
    <telecom>
      <system value="other" />
      <value value="http://hl7.de/technische-komitees/fhir/" />
    </telecom>
  </contact>
  <description value="ValueSet für die in Deutschland üblichen Versicherungsarten" />
  <copyright value="HL7 Deutschland e.V." />
  <compose>
    <include>
      <system value="http://fhir.de/CodeSystem/versicherungsart-de-basis" />
    </include>
  </compose>
  <expansion>
    <identifier value="urn:uuid:5df7ded9-003f-4ae7-bdc7-0bf8422ef3cb" />
    <timestamp value="2019-11-20T14:05:32+01:00" />
    <total value="6" />
    <parameter>
      <name value="version" />
      <valueUri value="http://fhir.de/CodeSystem/versicherungsart-de-basis|0.2" />
    </parameter>
    <contains>
      <system value="http://fhir.de/CodeSystem/versicherungsart-de-basis" />
      <code value="GKV" />
      <display value="gesetzliche Krankenversicherung" />
    </contains>
    <contains>
      <system value="http://fhir.de/CodeSystem/versicherungsart-de-basis" />
      <code value="PKV" />
      <display value="private Krankenversicherung" />
    </contains>
    <contains>
      <system value="http://fhir.de/CodeSystem/versicherungsart-de-basis" />
      <code value="BG" />
      <display value="Berufsgenossenschaft" />
    </contains>
    <contains>
      <system value="http://fhir.de/CodeSystem/versicherungsart-de-basis" />
      <code value="SEL" />
      <display value="Selbstzahler" />
    </contains>
    <contains>
      <system value="http://fhir.de/CodeSystem/versicherungsart-de-basis" />
      <code value="SOZ" />
      <display value="Sozialamt" />
    </contains>
    <contains>
      <system value="http://fhir.de/CodeSystem/versicherungsart-de-basis" />
      <code value="SON" />
      <display value="sonstige Versicherungsart" />
    </contains>
  </expansion>
</ValueSet>