<ValueSet xmlns="http://hl7.org/fhir">
  <meta>
    <profile value="http://hl7.org/fhir/StructureDefinition/shareablevalueset" />
  </meta>
  <url value="http://fhir.de/ValueSet/gender-amtlich-de" />
  <version value="0.2.3" />
  <name value="gender-amtlich-de" />
  <status value="draft" />
  <experimental value="true" />
  <date value="2019-03-15" />
  <publisher value="HL7 Deutschland e.V. (Technisches Komitee FHIR)" />
  <contact>
    <telecom>
      <system value="url" />
      <value value="http://hl7.de/technische-komitees/fhir/" />
    </telecom>
  </contact>
  <description value="Codes zur genaueren Differenzierung des administrativen Geschlechts 'other', vgl. https://wiki.hl7.de/index.php?title=Geschlecht#administratives_Geschlecht." />
  <compose>
    <include>
      <system value="http://fhir.de/CodeSystem/gender-amtlich-de" />
    </include>
  </compose>
  <expansion>
    <identifier value="440c50b5-7272-4184-9ddd-95a75d8207f8" />
    <timestamp value="2019-03-15" />
    <total value="2" />
    <contains>
      <system value="http://fhir.de/CodeSystem/gender-amtlich-de" />
      <code value="X" />
      <display value="unbestimmt" />
    </contains>
    <contains>
      <system value="http://fhir.de/CodeSystem/gender-amtlich-de" />
      <code value="D" />
      <display value="divers" />
    </contains>
  </expansion>
</ValueSet>