<ValueSet xmlns="http://hl7.org/fhir">
  <meta>
    <profile value="http://hl7.org/fhir/StructureDefinition/shareablevalueset" />
  </meta>
  <url value="http://fhir.de/ValueSet/iso/bundeslaender" />
  <version value="0.2.3" />
  <name value="iso-bundeslaender" />
  <status value="draft" />
  <experimental value="true" />
  <date value="2017-10-16" />
  <publisher value="HL7 Deutschland e.V. (Technisches Komitee FHIR)" />
  <contact>
    <telecom>
      <system value="other" />
      <value value="http://hl7.de/technische-komitees/fhir/" />
    </telecom>
  </contact>
  <description value="Einheitlicher Bewertungsmaßstab (EBM)" />
  <copyright value="HL7 Deutschland e.V." />
  <compose>
    <include>
      <system value="urn:iso:std:iso:3166-2:de" />
    </include>
  </compose>
  <expansion>
    <identifier value="urn:uuid:f159f737-ded4-4caa-bf3c-863fa01199f8" />
    <timestamp value="2017-10-16T11:20:43+02:00" />
    <total value="16" />
    <parameter>
      <name value="version" />
      <valueUri value="urn:iso:std:iso:3166-2:de|0.2" />
    </parameter>
    <contains>
      <system value="urn:iso:std:iso:3166-2:de" />
      <code value="DE-BW" />
      <display value="Baden-Württemberg" />
    </contains>
    <contains>
      <system value="urn:iso:std:iso:3166-2:de" />
      <code value="DE-BY" />
      <display value="Bayern" />
    </contains>
    <contains>
      <system value="urn:iso:std:iso:3166-2:de" />
      <code value="DE-BE" />
      <display value="Berlin" />
    </contains>
    <contains>
      <system value="urn:iso:std:iso:3166-2:de" />
      <code value="DE-BB" />
      <display value="Brandenburg" />
    </contains>
    <contains>
      <system value="urn:iso:std:iso:3166-2:de" />
      <code value="DE-HB" />
      <display value="Bremen" />
    </contains>
    <contains>
      <system value="urn:iso:std:iso:3166-2:de" />
      <code value="DE-HH" />
      <display value="Hamburg" />
    </contains>
    <contains>
      <system value="urn:iso:std:iso:3166-2:de" />
      <code value="DE-HE" />
      <display value="Hessen" />
    </contains>
    <contains>
      <system value="urn:iso:std:iso:3166-2:de" />
      <code value="DE-MV" />
      <display value="Mecklenburg-Vorpommern" />
    </contains>
    <contains>
      <system value="urn:iso:std:iso:3166-2:de" />
      <code value="DE-NI" />
      <display value="Niedersachsen" />
    </contains>
    <contains>
      <system value="urn:iso:std:iso:3166-2:de" />
      <code value="DE-NW" />
      <display value="Nordrhein-Westfalen" />
    </contains>
    <contains>
      <system value="urn:iso:std:iso:3166-2:de" />
      <code value="DE-RP" />
      <display value="Rheinland-Pfalz" />
    </contains>
    <contains>
      <system value="urn:iso:std:iso:3166-2:de" />
      <code value="DE-SL" />
      <display value="Saarland" />
    </contains>
    <contains>
      <system value="urn:iso:std:iso:3166-2:de" />
      <code value="DE-SN" />
      <display value="Sachsen" />
    </contains>
    <contains>
      <system value="urn:iso:std:iso:3166-2:de" />
      <code value="DE-ST" />
      <display value="Sachsen-Anhalt" />
    </contains>
    <contains>
      <system value="urn:iso:std:iso:3166-2:de" />
      <code value="DE-SH" />
      <display value="Schleswig-Holstein" />
    </contains>
    <contains>
      <system value="urn:iso:std:iso:3166-2:de" />
      <code value="DE-TH" />
      <display value="Thüringen" />
    </contains>
  </expansion>
</ValueSet>