<ValueSet xmlns="http://hl7.org/fhir">
  <meta>
    <profile value="http://hl7.org/fhir/StructureDefinition/shareablevalueset" />
  </meta>
  <url value="http://fhir.de/ValueSet/kbv/s-kbv-versichertenstatus" />
  <identifier>
    <system value="urn:ietf:rfc:3986" />
    <value value="urn:oid:2.16.840.1.113883.3.7.1.1" />
  </identifier>
  <version value="0.2.3" />
  <name value="kbv-s-kbv-versichertenstatus" />
  <status value="draft" />
  <experimental value="true" />
  <date value="2017-10-20" />
  <publisher value="HL7 Deutschland e.V. (Technisches Komitee FHIR)" />
  <contact>
    <telecom>
      <system value="other" />
      <value value="http://hl7.de/technische-komitees/fhir/" />
    </telecom>
  </contact>
  <description value="Versichertenstatus gibt an, ob ein Versicherter ein Familienversicherter, Mitglied oder Rentner ist. Auf der KVK ist diese Angabe Teil des Feldes VERSICHERTENSTATUS - die 1. Stelle.  " />
  <compose>
    <include>
      <system value="http://fhir.de/CodeSystem/kbv/s-kbv-versichertenstatus" />
    </include>
  </compose>
  <expansion>
    <identifier value="d1ca2c0e-4e00-4c6a-7d94-1e9499fc4241" />
    <timestamp value="2017-10-20" />
    <total value="3" />
    <contains>
      <system value="http://fhir.de/CodeSystem/kbv/s-kbv-versichertenstatus" />
      <version value="1.02" />
      <code value="1" />
      <display value="Mitglieder" />
    </contains>
    <contains>
      <system value="http://fhir.de/CodeSystem/kbv/s-kbv-versichertenstatus" />
      <version value="1.02" />
      <code value="3" />
      <display value="Familienangehoerige" />
    </contains>
    <contains>
      <system value="http://fhir.de/CodeSystem/kbv/s-kbv-versichertenstatus" />
      <version value="1.02" />
      <code value="5" />
      <display value="Rentner" />
    </contains>
  </expansion>
</ValueSet>