<ValueSet xmlns="http://hl7.org/fhir">
  <meta>
    <profile value="http://hl7.org/fhir/StructureDefinition/shareablevalueset" />
  </meta>
  <url value="http://fhir.de/ValueSet/einheiten-koerpergewicht" />
  <version value="0.2.3" />
  <name value="einheiten-koerpergewicht" />
  <status value="draft" />
  <experimental value="true" />
  <date value="2018-09-25" />
  <publisher value="HL7 Deutschland e.V. (Technisches Komitee FHIR)" />
  <contact>
    <telecom>
      <system value="url" />
      <value value="http://hl7.de/technische-komitees/fhir/" />
    </telecom>
  </contact>
  <description value="Erlaubte Einheiten für die Angabe des Körpergewichts" />
  <copyright value="HL7 Deutschland e.V." />
  <compose>
    <include>
      <system value="http://unitsofmeasure.org" />
      <concept>
        <code value="kg" />
        <display value="kg" />
      </concept>
      <concept>
        <code value="g" />
        <display value="g" />
      </concept>
    </include>
  </compose>
  <expansion>
    <identifier value="urn:uuid:69823442-8278-4f83-9f9e-ed7862343428" />
    <timestamp value="2018-09-25T19:00:00+02:00" />
    <total value="2" />
    <contains>
      <system value="http://unitsofmeasure.org" />
      <code value="kg" />
      <display value="kg" />
    </contains>
    <contains>
      <system value="http://unitsofmeasure.org" />
      <code value="g" />
      <display value="g" />
    </contains>
  </expansion>
</ValueSet>