<ValueSet xmlns="http://hl7.org/fhir">
  <id value="1.2.276.0.76.11.36--20181001183306" />
  <meta>
    <profile value="http://hl7.org/fhir/StructureDefinition/shareablevalueset" />
    <!--<profile value="http://hl7.org/fhir/4.0/StructureDefinition/ValueSet"/>-->
  </meta>
  <extension url="http://hl7.org/fhir/StructureDefinition/resource-effectivePeriod">
    <valuePeriod>
      <start value="2018-10-01T18:33:06+01:00" />
    </valuePeriod>
  </extension>
  <url value="http://ihe-d.de/ValueSets/IHEXDShealthcareFacilityTypeCode" />
  <identifier>
    <use value="official" />
    <system value="http://art-decor.org/ns/oids/vs" />
    <value value="1.2.276.0.76.11.36" />
  </identifier>
  <version value="2018-10-01T18:33:06" />
  <name value="IHEXDShealthcareFacilityTypeCode" />
  <title value="IHE XDS healthcareFacilityTypeCode" />
  <status value="active" />
  <experimental value="false" />
  <publisher value="IHE Deutschland e.V." />
  <description value="**healthcareFacilityTypeCode (XDSDocumentEntry)**&#xD;&#xA;This code for an XDS Document represents the type of organizational setting of the clinical encounter during which the documented act occurred." />
  <immutable value="false" />
  <compose>
    <include>
      <valueSet value="http://art-decor.org/fhir/ValueSet/1.2.276.0.76.11.58--20180713162142" />
    </include>
    <include>
      <valueSet value="http://art-decor.org/fhir/ValueSet/1.2.276.0.76.11.59--20180713162125" />
    </include>
  </compose>
</ValueSet>