<ValueSet xmlns="http://hl7.org/fhir">
  <id value="1.2.276.0.76.11.35--20181214170712" />
  <meta>
    <profile value="http://hl7.org/fhir/StructureDefinition/shareablevalueset" />
    <!--<profile value="http://hl7.org/fhir/4.0/StructureDefinition/ValueSet"/>-->
  </meta>
  <extension url="http://hl7.org/fhir/StructureDefinition/resource-effectivePeriod">
    <valuePeriod>
      <start value="2018-12-14T17:07:12+01:00" />
    </valuePeriod>
  </extension>
  <url value="http://ihe-d.de/ValueSets/IHEXDSformatCodeDE" />
  <identifier>
    <use value="official" />
    <system value="http://art-decor.org/ns/oids/vs" />
    <value value="1.2.276.0.76.11.35" />
  </identifier>
  <version value="2018-12-14T17:07:12" />
  <name value="IHEXDSformatCodeDE" />
  <title value="IHE XDS formatCode" />
  <status value="draft" />
  <experimental value="false" />
  <publisher value="IHE Deutschland e.V." />
  <description value="**formatCode (XDSDocumentEntry)**&#xD;&#xA;Globally unique code specifying the format of an XDS Document. Along with the typeCode, it should provide sufficient information to allow a potential consumer to know if it will be able to process the document." />
  <immutable value="false" />
  <compose>
    <include>
      <system value="http://ihe-d.de/CodeSystems/DeutscheDokumentenformate" />
      <concept>
        <code value="urn:ihe-d:ig:Entlassmanagementbrief:2018" />
        <display value="Entlassmanagementbrief" />
      </concept>
      <concept>
        <code value="urn:ihe-d:ig:NotaufnahmeregisterTraumaModul:2017" />
        <display value="NotaufnahmeregisterTraumamodul" />
      </concept>
      <concept>
        <code value="urn:ihe-d:ig:NotaufnahmeregisterBasisModul:2017" />
        <display value="NotaufnahmeregisterBasismodul" />
      </concept>
      <concept>
        <code value="urn:ihe-d:ig:MeldepflichtigeKrankheitenLabor:2014" />
        <display value="Meldepflichtige Krankheiten: Labormeldung" />
      </concept>
      <concept>
        <code value="urn:ihe-d:ig:MeldepflichtigeKrankheitenArzt:2013" />
        <display value="Übermittlung meldepflichtiger Krankheiten – Arztmeldung" />
      </concept>
      <concept>
        <code value="urn:ihe-d:ig:RehaEntlassbrief:2009" />
        <display value="Ärztlicher Reha-Entlassungsbericht" />
      </concept>
      <concept>
        <code value="urn:ihe-d:ig:KurzberichtUeberleitungKrankenhaus:2016" />
        <display value="Überleitungsmanagement Ärztlicher Kurzbericht über den Krankenhausaufenthalt" />
      </concept>
      <concept>
        <code value="urn:ihe-d:ig:KurzberichtUeberleitungNiedergelassenerArzt:2016" />
        <display value="Überleitungsmanagement Ärztlicher Kurzbericht des niedergelassenen Arztes" />
      </concept>
      <concept>
        <code value="urn:ihe-d:ig:Medikationsplan:2015" />
        <display value="Medikationsplan" />
      </concept>
      <concept>
        <code value="urn:ihe-d:ig:Arztbriefplus:2017" />
        <display value="Arztbrief plus" />
      </concept>
      <concept>
        <code value="urn:ihe-d:ig:arztbrief:2014:nonXmlBody" />
        <display value="Arztbrief 2014" />
      </concept>
      <concept>
        <code value="urn:ihe-d:ig:eppc-g:2015" />
        <display value="Enhanced Patient Privacy Consent - Germany" />
      </concept>
      <concept>
        <code value="urn:ihe-d:ig:eppc-g-sd:2015" />
        <display value="Enhanced Patient Privacy Consent - Germany - Scanned Document Option" />
      </concept>
      <concept>
        <extension url="http://hl7.org/fhir/StructureDefinition/valueset-concept-comments">
          <valueString value="PDF Format für die elektronische Archivierung nach ISO 19005-1:2005" />
        </extension>
        <code value="urn:ihe-d:spec:PDF_A1:2005" />
        <display value="PDF/A-1" />
      </concept>
      <concept>
        <extension url="http://hl7.org/fhir/StructureDefinition/valueset-concept-comments">
          <valueString value="PDF Format für die elektronische Archivierung nach ISO 19005-2" />
        </extension>
        <code value="urn:ihe-d:spec:PDF_A2:2011" />
        <display value="PDF/A-2" />
      </concept>
      <concept>
        <extension url="http://hl7.org/fhir/StructureDefinition/valueset-concept-comments">
          <valueString value="PDF Format für die elektronische Archivierung nach ISO 19005-3" />
        </extension>
        <code value="urn:ihe-d:spec:PDF_A3:2012" />
        <display value="PDF/A-3" />
      </concept>
      <concept>
        <extension url="http://hl7.org/fhir/StructureDefinition/valueset-concept-comments">
          <valueString value="Barrierefreies PDF nach ISO 14289" />
        </extension>
        <code value="urn:ihe-d:spec:PDF_UA:2008" />
        <display value="PDF/UA" />
      </concept>
      <concept>
        <code value="urn:gematik:ig:Arztbrief:r3.1" />
        <display value="Arztbrief § 291f SGB V" />
      </concept>
      <concept>
        <code value="urn:gematik:ig:Medikationsplan:r3.1" />
        <display value="Medikationsplan (gematik)" />
      </concept>
      <concept>
        <code value="urn:gematik:ig:Notfalldatensatz:r3.1" />
        <display value="Notfalldatensatz" />
      </concept>
      <concept>
        <code value="urn:gematik:ig:DatensatzPersoenlicheErklaerungen:r3.1" />
        <display value="Datensatz für persönliche Erklärungen (gematik)" />
      </concept>
      <concept>
        <code value="urn:gematik:ig:Impfausweis:r4.0" />
        <display value="Impfausweis (gematik)" />
      </concept>
      <concept>
        <code value="urn:gematik:ig:Mutterpass:r4.0" />
        <display value="Mutterpass (gematik)" />
      </concept>
      <concept>
        <code value="urn:gematik:ig:Kinderuntersuchungsheft:r4.0" />
        <display value="Kinderuntersuchungsheft (gematik)" />
      </concept>
      <concept>
        <code value="urn:gematik:ig:Zahnbonusheft:r4.0" />
        <display value="Zahnbonusheft (gematik)" />
      </concept>
      <concept>
        <code value="urn:gematik:ig:Arbeitsunfaehigkeitsbescheinigung:r4.0" />
        <display value="Arbeitsunfähigkeitsbescheinigung (gematik)" />
      </concept>
      <concept>
        <code value="urn:gematik:ig:VerordnungsdatensatzMedikation:r4.0" />
        <display value="Verordnungsdatensatz Medikation (gematik)" />
      </concept>
      <concept>
        <code value="urn:gematik:ig:KinderuntersuchungsheftUntersuchungen:r4.0" />
        <display value="Untersuchungen Kinderuntersuchungsheft" />
      </concept>
      <concept>
        <code value="urn:gematik:ig:KinderuntersuchungsheftTeilnahmekarte:r4.0" />
        <display value="Teilnahmekarte Kinderuntersuchungsheft" />
      </concept>
      <concept>
        <code value="urn:gematik:ig:KinderuntersuchungsheftNotizen:r4.0" />
        <display value="Notizen Kinderuntersuchungsheft" />
      </concept>
    </include>
    <include>
      <valueSet value="http://art-decor.org/fhir/ValueSet/1.2.276.0.76.11.71--20180713170639" />
    </include>
  </compose>
</ValueSet>