<ValueSet xmlns="http://hl7.org/fhir">
  <id value="1.2.276.0.76.11.30--20180713131246" />
  <meta>
    <profile value="http://hl7.org/fhir/StructureDefinition/shareablevalueset" />
    <!--<profile value="http://hl7.org/fhir/4.0/StructureDefinition/ValueSet"/>-->
  </meta>
  <extension url="http://hl7.org/fhir/StructureDefinition/resource-effectivePeriod">
    <valuePeriod>
      <start value="2018-07-13T13:12:46+01:00" />
    </valuePeriod>
  </extension>
  <url value="http://ihe-d.de/ValueSets/IHEXDSauthorRole" />
  <identifier>
    <use value="official" />
    <system value="http://art-decor.org/ns/oids/vs" />
    <value value="1.2.276.0.76.11.30" />
  </identifier>
  <version value="2018-07-13T13:12:46" />
  <name value="IHEXDSauthorRole" />
  <title value="IHE XDS authorRole" />
  <status value="active" />
  <experimental value="false" />
  <publisher value="IHE Deutschland e.V." />
  <description value="**authorRole (XDSDocumentEntry or XDSSubmissionSet)**&#xD;&#xA;Represents the role of the author with respect to the patient at the time that an XDS Document or XDS Submission Set was created. " />
  <immutable value="false" />
  <compose>
    <include>
      <system value="http://ihe-d.de/CodeSystems/ProzessrollenFuerAutoren" />
      <concept>
        <extension url="http://hl7.org/fhir/StructureDefinition/valueset-concept-comments">
          <valueString value="Die Person, die die Einweisung veranlasst hat. (Sie wird auch als Zuweiser bezeichnet.)" />
        </extension>
        <code value="1" />
        <display value="Einweiser" />
      </concept>
      <concept>
        <extension url="http://hl7.org/fhir/StructureDefinition/valueset-concept-comments">
          <valueString value="Die Person, die für die Entlassung verantwortlich ist." />
        </extension>
        <code value="2" />
        <display value="Entlassender" />
      </concept>
      <concept>
        <extension url="http://hl7.org/fhir/StructureDefinition/valueset-concept-comments">
          <valueString value="Die Person, die die Überweisung veranlasst hat." />
        </extension>
        <code value="3" />
        <display value="Überweiser" />
      </concept>
      <concept>
        <extension url="http://hl7.org/fhir/StructureDefinition/valueset-concept-comments">
          <valueString value="Die Person oder das Gerät, welche(s) die dokumentierte Aktion durchgeführt hat." />
        </extension>
        <code value="4" />
        <display value="Durchführender" />
      </concept>
      <concept>
        <extension url="http://hl7.org/fhir/StructureDefinition/valueset-concept-comments">
          <valueString value="Das Gerät, welches die dokumentierte Aktion durchgeführt hat." />
        </extension>
        <code value="5" />
        <display value="durchführendes Gerät" />
      </concept>
      <concept>
        <extension url="http://hl7.org/fhir/StructureDefinition/valueset-concept-comments">
          <valueString value="Die Person, die den Patienten betreut, d.h. den Überblick über die Behandlung behält und als primärer Ansprechpartner während der Behandlung dient. " />
        </extension>
        <code value="6" />
        <display value="Betreuer" />
      </concept>
      <concept>
        <extension url="http://hl7.org/fhir/StructureDefinition/valueset-concept-comments">
          <valueString value="Die Person, die den Patienten pflegerisch (aktiv) betreut." />
        </extension>
        <code value="7" />
        <display value="Pflegender" />
      </concept>
      <concept>
        <extension url="http://hl7.org/fhir/StructureDefinition/valueset-concept-comments">
          <valueString value="Die Person, die ein Gutachten erstellt." />
        </extension>
        <code value="17" />
        <display value="Begutachtender" />
      </concept>
      <concept>
        <extension url="http://hl7.org/fhir/StructureDefinition/valueset-concept-comments">
          <valueString value="Die Person, die den Patienten aktiv behandelt im Sinne der Verbesserung (oder zumindest Beibehaltung) des gesundheitlichen Zustandes." />
        </extension>
        <code value="8" />
        <display value="Behandler" />
      </concept>
      <concept>
        <extension url="http://hl7.org/fhir/StructureDefinition/valueset-concept-comments">
          <valueString value="Die Person, die den Patienten außerhalb der (eigenen) Einrichtung zuerst behandelt hat. Das kann - muss aber nicht - im Rahmen einer Notfallversorgung stattgefunden haben." />
        </extension>
        <code value="9" />
        <display value="Erstbehandler außerhalb einer Einrichtung" />
      </concept>
      <concept>
        <extension url="http://hl7.org/fhir/StructureDefinition/valueset-concept-comments">
          <valueString value="Die Person, die zusätzliche Mittel (Medikamente, Heil-/Hilfsmittel) bereitgestellt hat." />
        </extension>
        <code value="10" />
        <display value="Bereitstellender" />
      </concept>
      <concept>
        <extension url="http://hl7.org/fhir/StructureDefinition/valueset-concept-comments">
          <valueString value="Die Person, die übermittelte Informationen eingibt oder ein Gerät, das erzeugte Daten im System hinterlegt." />
        </extension>
        <code value="11" />
        <display value="Dokumentierender" />
      </concept>
      <concept>
        <extension url="http://hl7.org/fhir/StructureDefinition/valueset-concept-comments">
          <valueString value="Das Gerät, welches erzeugte Daten im System hinterlegt." />
        </extension>
        <code value="12" />
        <display value="dokumentierendes Gerät" />
      </concept>
      <concept>
        <extension url="http://hl7.org/fhir/StructureDefinition/valueset-concept-comments">
          <valueString value="Die Person, die Korrektheit der hinterlegten Information überprüft und verifiziert hat." />
        </extension>
        <code value="13" />
        <display value="Validierer" />
      </concept>
      <concept>
        <extension url="http://hl7.org/fhir/StructureDefinition/valueset-concept-comments">
          <valueString value="Die Person, die vor dem Gesetz für die Korrektheit der Informationen verantwortlich ist und dafür haftet." />
        </extension>
        <code value="14" />
        <display value="Gesetzlich Verantwortlicher" />
      </concept>
      <concept>
        <extension url="http://hl7.org/fhir/StructureDefinition/valueset-concept-comments">
          <valueString value="Die Person, die Auswertungen vorgenommen und beratend involviert war." />
        </extension>
        <code value="15" />
        <display value="Beratender" />
      </concept>
      <concept>
        <extension url="http://hl7.org/fhir/StructureDefinition/valueset-concept-comments">
          <valueString value="Eine Person, die zu den hier dokumentierten Informationen beigetragen hat." />
        </extension>
        <code value="16" />
        <display value="Informierender" />
      </concept>
    </include>
    <include>
      <system value="http://ihe-d.de/CodeSystems/PatientenbeziehungsrollenFuerAutoren" />
      <concept>
        <extension url="http://hl7.org/fhir/StructureDefinition/valueset-concept-comments">
          <valueString value="der Hausarzt (Primärversorger) des Patienten" />
        </extension>
        <code value="101" />
        <display value="Hausarzt" />
      </concept>
      <concept>
        <extension url="http://hl7.org/fhir/StructureDefinition/valueset-concept-comments">
          <valueString value="der Patient selbst" />
        </extension>
        <code value="102" />
        <display value="Patient" />
      </concept>
      <concept>
        <extension url="http://hl7.org/fhir/StructureDefinition/valueset-concept-comments">
          <valueString value="ein Vertreter des Arbeitgebers des Patienten" />
        </extension>
        <code value="103" />
        <display value="Arbeitgebervertreter" />
      </concept>
      <concept>
        <extension url="http://hl7.org/fhir/StructureDefinition/valueset-concept-comments">
          <valueString value="Die Person, die den Patienten normalerweise primär betreut. Beispiele: Langzeitpflege, Stammapotheke" />
        </extension>
        <code value="104" />
        <display value="Primärbetreuer (langfristig)" />
      </concept>
      <concept>
        <extension url="http://hl7.org/fhir/StructureDefinition/valueset-concept-comments">
          <valueString value="ein Vertreter des Kostenträgers" />
        </extension>
        <code value="105" />
        <display value="Kostenträgerverteter" />
      </concept>
    </include>
  </compose>
</ValueSet>