<ValueSet xmlns="http://hl7.org/fhir">
  <id value="1.2.276.0.76.11.34--20180713132843" />
  <meta>
    <profile value="http://hl7.org/fhir/StructureDefinition/shareablevalueset" />
    <!--<profile value="http://hl7.org/fhir/4.0/StructureDefinition/ValueSet"/>-->
  </meta>
  <extension url="http://hl7.org/fhir/StructureDefinition/resource-effectivePeriod">
    <valuePeriod>
      <start value="2018-07-13T13:28:43+01:00" />
    </valuePeriod>
  </extension>
  <url value="http://ihe-d.de/ValueSets/IHEXDSeventCodeList" />
  <identifier>
    <use value="official" />
    <system value="http://art-decor.org/ns/oids/vs" />
    <value value="1.2.276.0.76.11.34" />
  </identifier>
  <version value="2018-07-13T13:28:43" />
  <name value="IHEXDSeventCodeList" />
  <title value="IHE XDS eventCodeList" />
  <status value="active" />
  <experimental value="false" />
  <publisher value="IHE Deutschland e.V." />
  <description value="**eventCodeList (XDSDocumentEntry)**&#xD;&#xA;This list of codes represents the main clinical acts being documented in an XDS Document." />
  <immutable value="false" />
  <compose>
    <include>
      <system value="http://hl7.org/fhir/ValueSet/signature-type" />
    </include>
    <include>
      <system value="urn:oid:1.2.840.10008.6.1.19" />
    </include>
    <include>
      <system value="urn:oid:1.2.840.10008.6.1.2" />
    </include>
    <include>
      <system value="http://ihe-d.de/CodeSystems/DokumentenWarnhinweise" />
    </include>
    <include>
      <system value="http://ihe-d.de/CodeSystems/FallkontextBeiDokumentenerstellung" />
    </include>
    <include>
      <system value="http://ihe-d.de/CodeSystems/FallkontextBeiDokumentenerstellung" />
      <concept>
        <extension url="http://hl7.org/fhir/StructureDefinition/valueset-concept-comments">
          <valueString value="Ambulanter Kontakt in beliebiger Einrichtung mit Teilnahme an der ambulanten Versorgung" />
        </extension>
        <code value="E100" />
        <display value="ambulanter Kontakt" />
      </concept>
      <concept>
        <extension url="http://hl7.org/fhir/StructureDefinition/valueset-concept-comments">
          <valueString value="Ambulant durchgeführte OP in beliebiger Einrichtung mit ambulant operativer Versorgung" />
        </extension>
        <code value="E110" />
        <display value="ambulante OP" />
      </concept>
      <concept>
        <extension url="http://hl7.org/fhir/StructureDefinition/valueset-concept-comments">
          <valueString value="Voll-, teil- oder nachstationäre Behandlung in einer Einrichtung mit Teilnahme an der stationären Versorgung" />
        </extension>
        <code value="E200" />
        <display value="stationärer Aufenthalt" />
      </concept>
      <concept>
        <extension url="http://hl7.org/fhir/StructureDefinition/valueset-concept-comments">
          <valueString value="Aufnahme zur voll-, teil- oder nachstationären Behandlung in eine Einrichtung mit Teilnahme an der stationären Versorgung" />
        </extension>
        <code value="E210" />
        <display value="stationäre Aufnahme" />
      </concept>
      <concept>
        <extension url="http://hl7.org/fhir/StructureDefinition/valueset-concept-comments">
          <valueString value="Aufnahme in vollstationäre Krankenhausbehandlung; einschließlich vollstationäre Behandlung mit vorausgegangener vorstationärer Behandlung" />
        </extension>
        <code value="E211" />
        <display value="Aufnahme vollstationär" />
      </concept>
      <concept>
        <extension url="http://hl7.org/fhir/StructureDefinition/valueset-concept-comments">
          <valueString value="Aufnahme/Wiederaufnahme in teilstationäre Krankenhausbehandlung: Kontakt im Rahmen einer teilstationären Behandlung; einschließlich Tagesklinik" />
        </extension>
        <code value="E212" />
        <display value="Aufnahme/Wiederaufnahme teilstationär" />
      </concept>
      <concept>
        <extension url="http://hl7.org/fhir/StructureDefinition/valueset-concept-comments">
          <valueString value="Aufnahme zur stationären Entbindung" />
        </extension>
        <code value="E213" />
        <display value="Aufnahme Entbindung stationär" />
      </concept>
      <concept>
        <extension url="http://hl7.org/fhir/StructureDefinition/valueset-concept-comments">
          <valueString value="Aufnahme eines Neugeborenen bei stationärer Entbindung" />
        </extension>
        <code value="E214" />
        <display value="Aufnahme eines Neugeborenen" />
      </concept>
      <concept>
        <extension url="http://hl7.org/fhir/StructureDefinition/valueset-concept-comments">
          <valueString value="Stationäre Aufnahme zur Organentnahme" />
        </extension>
        <code value="E215" />
        <display value="Aufnahme des Spenders zur Organentnahme" />
      </concept>
      <concept>
        <extension url="http://hl7.org/fhir/StructureDefinition/valueset-concept-comments">
          <valueString value="Entlassung nach voll-, teil- oder nachstationärer Behandlung aus einer Einrichtung mit Teilnahme an der stationären Versorgung" />
        </extension>
        <code value="E230" />
        <display value="stationäre Entlassung" />
      </concept>
      <concept>
        <extension url="http://hl7.org/fhir/StructureDefinition/valueset-concept-comments">
          <valueString value="Entlassung aus stationärem Aufenthalt nach Hause: Routineentlassung (Behandlung regulär beendet); Behandlung gegen ärztlichen Rat beendet; Behandlung aus sonstigen Gründen beendet. Einschließlich Entlassung mit geplanter ambulanter Weiterbehandlung. Einschließlich Entlassung in organisierte häusliche Pflege" />
        </extension>
        <code value="E231" />
        <display value="stationäre Entlassung nach Hause" />
      </concept>
      <concept>
        <extension url="http://hl7.org/fhir/StructureDefinition/valueset-concept-comments">
          <valueString value="Entlassung aus stationärem Aufenthalt in eine Rehabilitationseinrichtung" />
        </extension>
        <code value="E232" />
        <display value="stationäre Entlassung in eine Rehabilitationseinrichtung" />
      </concept>
      <concept>
        <extension url="http://hl7.org/fhir/StructureDefinition/valueset-concept-comments">
          <valueString value="Entlassung aus stationärem Aufenthalt in eine Pflegeeinrichtung oder ein Hospiz" />
        </extension>
        <code value="E233" />
        <display value="stationäre Entlassung in eine Pflegeeinrichtung/Hospiz" />
      </concept>
      <concept>
        <extension url="http://hl7.org/fhir/StructureDefinition/valueset-concept-comments">
          <valueString value="Entlassung aus stationärem Aufenthalt, nachstationäre Behandlung vorgesehen: Behandlung regulär oder gegen ärztlichen Rat beendet mit geplanter nachstationärer Behandlung" />
        </extension>
        <code value="E234" />
        <display value="Entlassung zur nachstationären Behandlung" />
      </concept>
      <concept>
        <extension url="http://hl7.org/fhir/StructureDefinition/valueset-concept-comments">
          <valueString value="Patient während stationärem Aufenthalt verstorben" />
        </extension>
        <code value="E235" />
        <display value="Patient während stationärem Aufenthalt verstorben" />
      </concept>
      <concept>
        <extension url="http://hl7.org/fhir/StructureDefinition/valueset-concept-comments">
          <valueString value="Verlegung im Verlauf oder bei Abschluss eines stationären Aufenthaltes" />
        </extension>
        <code value="E250" />
        <display value="stationäre Verlegung" />
      </concept>
      <concept>
        <extension url="http://hl7.org/fhir/StructureDefinition/valueset-concept-comments">
          <valueString value="Verlegung innerhalb einer stationären Einrichtung (&quot;interne stationäre Verlegung&quot;)" />
        </extension>
        <code value="E251" />
        <display value="Verlegung innerhalb eines Krankenhauses" />
      </concept>
      <concept>
        <extension url="http://hl7.org/fhir/StructureDefinition/valueset-concept-comments">
          <valueString value="Verlegung in ein anderes Krankenhaus (&quot;externe stationäre Verlegung&quot;)" />
        </extension>
        <code value="E252" />
        <display value="Verlegung in ein anderes Krankenhaus" />
      </concept>
      <concept>
        <extension url="http://hl7.org/fhir/StructureDefinition/valueset-concept-comments">
          <valueString value="Verlegung zur psychiatrischen Behandlung in eine andere Einrichtung" />
        </extension>
        <code value="E253" />
        <display value="externe Verlegung in Psychiatrie" />
      </concept>
      <concept>
        <extension url="http://hl7.org/fhir/StructureDefinition/valueset-concept-comments">
          <valueString value="Entlassung mit geplanter nachfolgender stationärer Wiederaufnahme in derselben Einrichtung, z.B. Unterbrechung gegen ärztlichen Rat" />
        </extension>
        <code value="E270" />
        <display value="kurzzeitige Unterbrechung einer stationären Behandlung" />
      </concept>
      <concept>
        <extension url="http://hl7.org/fhir/StructureDefinition/valueset-concept-comments">
          <valueString value="Konsiliarische Mitbehandlung im Verlauf eines stationären Aufenthaltes oder im ambulanten Kontext, ohne Verlegung" />
        </extension>
        <code value="E280" />
        <display value="Konsil" />
      </concept>
      <concept>
        <extension url="http://hl7.org/fhir/StructureDefinition/valueset-concept-comments">
          <valueString value="Behandlung/ Monitoring im häuslichen Umfeld" />
        </extension>
        <code value="E300" />
        <display value="Behandlung im häuslichen Umfeld" />
      </concept>
      <concept>
        <extension url="http://hl7.org/fhir/StructureDefinition/valueset-concept-comments">
          <valueString value="Behandlung/ Monitoring über virtuellen Patientenkontakt z.B. telemedizinischer Patientenkontakt" />
        </extension>
        <code value="E400" />
        <display value="Virtual Encounter" />
      </concept>
    </include>
    <include>
      <system value="http://ihe-d.de/CodeSystems/DokumentenWarnhinweise" />
      <concept>
        <extension url="http://hl7.org/fhir/StructureDefinition/valueset-concept-comments">
          <valueString value="Dokumente, die der Patient zu seinem Arzt oder in die Klinik mitgebracht hat und die dort eingescannt wurden. Die Dokumente können von Medizinern und anderen Leistungserbringern, von anderen Autoren wie z.B. Behörden/Krankenkassen/Schulen oder vom Patienten selbst erstellt worden sein." />
        </extension>
        <code value="H1" />
        <display value="vom Patienten mitgebracht" />
      </concept>
      <concept>
        <extension url="http://hl7.org/fhir/StructureDefinition/valueset-concept-comments">
          <valueString value="Der Hinweis gibt Auskunft darüber, ob das Dokument zum Zeitpunkt des Einstellens bereits mit dem Patienten besprochen wurde. Dies kann genutzt werden um zu verhindern, dass der Patient sensible Informationen, wie die Diagnose einer unheilbaren Krankheit, aus einem Dokument anstatt von seinem Arzt erfährt. Dabei liegt der Fokus auf der Frage, ob das Dokument noch mit dem Patienten besprochen werden muss und nicht wer es noch mit dem Patienten besprechen muss. Somit können auch einrichtungsübergreifende Szenarien unterstützt werden, z.B. wenn die Besprechung des Befundes nicht in der Hand des Erzeugers liegt. " />
        </extension>
        <code value="H2" />
        <display value="noch nicht mit Patient besprochen" />
      </concept>
      <concept>
        <extension url="http://hl7.org/fhir/StructureDefinition/valueset-concept-comments">
          <valueString value="Der Hinweis zeigt an, dass es sich eventuell um veraltete Daten handelt. Dieses Kennzeichen wird üblicherweise nachträglich zu schon registrierten Dokumenten hinzugefügt. Im Gegensatz zum availabilityStatus &quot;Deprecated&quot; ist es unklar ob das Dokument wirklich veraltet ist oder nicht. Daher handelt es sich hier nur um einen Hinweis für den Empfänger, der üblicherweise keine automatischen Auswirkungen auf Berechtigungen, Speicherfristen, etc. hat." />
        </extension>
        <code value="H3" />
        <display value="eventuell veraltete Daten" />
      </concept>
      <concept>
        <extension url="http://hl7.org/fhir/StructureDefinition/valueset-concept-comments">
          <valueString value="Der Hinweis zeigt an, dass es sich um ein vorläufiges Dokument handelt. IHE XDS sieht hierfür keinen eigenen Wert im availabilityStatus Attribut vor, daher wird dieses Konzept ausschließlich über diesen eventCode kommuniziert." />
        </extension>
        <code value="H4" />
        <display value="vorläufiges Dokument" />
      </concept>
    </include>
    <include>
      <system value="http://ihe.net/fhir/ValueSet/IHE.FormatCode.codesystem" />
      <concept>
        <code value="urn:ihe:iti:xdw:2011:eventCode:open" />
        <display value="Workflow offen" />
      </concept>
      <concept>
        <code value="urn:ihe:iti:xdw:2011:eventCode:closed" />
        <display value="Workflow abgeschlossen" />
      </concept>
    </include>
  </compose>
</ValueSet>