<ValueSet xmlns="http://hl7.org/fhir">
  <id value="1.2.276.0.76.11.38--20180713162205" />
  <meta>
    <profile value="http://hl7.org/fhir/StructureDefinition/shareablevalueset" />
    <!--<profile value="http://hl7.org/fhir/4.0/StructureDefinition/ValueSet"/>-->
  </meta>
  <extension url="http://hl7.org/fhir/StructureDefinition/resource-effectivePeriod">
    <valuePeriod>
      <start value="2018-07-13T16:22:05+01:00" />
    </valuePeriod>
  </extension>
  <url value="http://ihe-d.de/ValueSets/IHEXDStypeCode" />
  <identifier>
    <use value="official" />
    <system value="http://art-decor.org/ns/oids/vs" />
    <value value="1.2.276.0.76.11.38" />
  </identifier>
  <version value="2018-07-13T16:22:05" />
  <name value="IHEXDStypeCode" />
  <title value="IHE XDS typeCode" />
  <status value="active" />
  <experimental value="false" />
  <publisher value="IHE Deutschland e.V." />
  <description value="**typeCode (XDSDocumentEntry)**&#xD;&#xA;A low-level classification of XDS Documents within a classCode that describes class, event, specialty, and setting." />
  <immutable value="false" />
  <compose>
    <include>
      <system value="http://loinc.org" />
      <concept>
        <extension url="http://hl7.org/fhir/StructureDefinition/valueset-concept-comments">
          <valueString value="IHE APPC verwendet diesen Class Code für &quot;Privacy Consent Documents&quot;, d.h. für Einwilligungsdokumente mit maschinen-lesbaren Zugriffsregeln.&#xA;        " />
        </extension>
        <code value="57016-8" />
        <display value="Patienteneinverständniserklärung" />
      </concept>
    </include>
    <include>
      <system value="http://ihe-d.de/CodeSystems/IHEXDStypeCode" />
      <concept>
        <extension url="http://hl7.org/fhir/StructureDefinition/valueset-concept-comments">
          <valueString value="Administrative Dokumente, die die Abrechnung eines Patientenfalles betreffen. Medizinische Dokumentation, die als Grundlage für die Abrechnung oder als Begründung für die Behandlung herangezogen wird, ist mit dem entsprechenden Konzept abzubilden. Einwilligungen zur Datenweitergabe an Abrechnungsstellen usw. werden mit dem Konzept EINW (&quot;Einwilligungen/Aufklärungen&quot;) abgebildet. Der nicht abrechnungsbezogene Schriftwechsel mit der Krankenkasse wird mit dem Konzept SCHR (&quot;Schriftwechsel (administrativ)&quot;) abgebildet.Beispiele: Abrechnungsschein,&#xA;          Rechnung ambulante/stationäre Behandlung, Kostenübernahmeverlängerung" />
        </extension>
        <code value="ABRE" />
        <display value="Abrechnungsdokumente" />
      </concept>
      <concept>
        <extension url="http://hl7.org/fhir/StructureDefinition/valueset-concept-comments">
          <valueString value="Administrative Belege, die in erster Linie der Unterstützung von Organisationsprozessen dienen. Checklisten die primär zur Qualitätssicherung dienen werden mit dem Konzept QUAL (&quot;Qualitätssicherung&quot;) abgedeckt. Checklisten die den Aufnahmeprozess betreffen werden mit dem Konzept AUFN (&quot;Einweisungs- und Aufnahmedokumente&quot;) abgebildet.Beispiele: Aktenlaufzettel, Checkliste Entlassung " />
        </extension>
        <code value="ADCH" />
        <display value="Administrative Checklisten" />
      </concept>
      <concept>
        <extension url="http://hl7.org/fhir/StructureDefinition/valueset-concept-comments">
          <valueString value="Dokumente, die einer Zustimmung bestimmter Institutionen bedürfen, und deren Bescheide, um spezielle Leistungen und Maßnahmen in Anspruch nehmen zu können. Beispiele: Antrag auf Rehabilitation, AHB-Antrag, Antrag auf Betreuung, Antrag auf gesetzliche Unterbringung, Verlängerungsantrag, Antrag auf Psychotherapie, Antrag auf Pflegeeinstufung,  Kostenübernahmeantrag, Fixierungsanordnung, Wiedereingliederungsplan." />
        </extension>
        <code value="ANTR" />
        <display value="Anträge und deren Bescheide" />
      </concept>
      <concept>
        <extension url="http://hl7.org/fhir/StructureDefinition/valueset-concept-comments">
          <valueString value="Dokumentation zur Planung und Durchführung von Narkosen/Anästhesien, einschließlich der ausgefüllten Anamnese- und Aufklärungsbögen zur Anästhesie. Ausnahmen: Unterschriebene Patienteneinwilligungen zur Anästhesie werden mit dem Konzept EINW (&quot;Einwilligungen/Aufklärungen&quot;) abgebildet.Beispiele:Anästhesieprotokoll, Narkoseprotokoll, Aufwachraumprotokoll, Checkliste Anästhesie" />
        </extension>
        <code value="ANAE" />
        <display value="Anästhesiedokumente" />
      </concept>
      <concept>
        <extension url="http://hl7.org/fhir/StructureDefinition/valueset-concept-comments">
          <valueString value="Ärztliche Zusammenfassungen und Verlaufsbeurteilungen von Behandlungsepisoden, Epikrisen und Abschlussberichte zu stationären oder ambulanten Behandlungsfällen.Beispiele: Arztbrief, Entlassungsbericht, Ärztliche Stellungnahme, Durchgangsarztbericht / BG-Bericht, Rehabericht, Verlegungsbericht, vorläufiger Arztbericht, ärztlicher Verlaufsbericht, Ambulanzbericht " />
        </extension>
        <code value="BERI" />
        <display value="Arztberichte" />
      </concept>
      <concept>
        <extension url="http://hl7.org/fhir/StructureDefinition/valueset-concept-comments">
          <valueString value="Bestätigung eines Arztes über einen bestimmten, patientenbezogenen Sachverhalt.Beispiele: Arbeitsunfähigkeitsbescheinigung, Beurlaubung, Todesbescheinigung, Ärztliche Bescheinigung, Notfall-/ Vertretungsschein " />
        </extension>
        <code value="BESC" />
        <display value="Ärztliche Bescheinigungen" />
      </concept>
      <concept>
        <extension url="http://hl7.org/fhir/StructureDefinition/valueset-concept-comments">
          <valueString value="Alle Arten von Befunden und Befundbeurteilungen, sofern sie nicht durch spezifischere Konzepte abgebildet werden, z.B. BILD (&quot;Ergebnisse Bildgebende Diagnostik&quot;), FUNK (&quot;Ergebnisse Funktionsdiagnostik&quot;), MKRO (&quot;Ergebnisse Mikrobiologie&quot;), PATH (&quot;Pathologiebefundberichte&quot;) oder VIRO (&quot;Ergebnisse Virologie&quot;). Auch die zugehörigen Untersuchungsanforderungen werden mit diesem Konzept abgebildet.Beispiele: Laborbefund, PoCT-Befund, RIA-Befund, Anatomische Skizzen, Befundbogen, Bericht Gesundheitsuntersuchung, Krebsfrüherkennung,  Befund berufliche Belastungserprobung, Endokrinologiebefund, Fettstoffwechselanalytik, Hämostaseologiebefund/Gerinnung, Hämatologiebefund, Klinische Chemie, Protein-Labor, Hb-Labor, Gesichtsfeldbefund, Blutgasanalyse, Blutzuckeranalyse, Laboranforderung " />
        </extension>
        <code value="BEFU" />
        <display value="Ergebnisse Diagnostik" />
      </concept>
      <concept>
        <extension url="http://hl7.org/fhir/StructureDefinition/valueset-concept-comments">
          <valueString value="Dokumentation zur Planung und Durchführung von Radiotherapien, einschließlich der ausgefüllten Anamnese- und Aufklärungsbögen zur Bestrahlungstherapie.Beispiele: Bestrahlungsplan, Bestrahlungsprotokoll, Bestrahlungsverordnung, Radiojodtherapieprotokoll, Therapieprotokoll mit Radionukleiden, Brachytherapieprotokoll, Bericht zur interventionellen Radioonkologie " />
        </extension>
        <code value="BSTR" />
        <display value="Bestrahlungsdokumentation" />
      </concept>
      <concept>
        <extension url="http://hl7.org/fhir/StructureDefinition/valueset-concept-comments">
          <valueString value="Dokumente die im Rahmen von Überweisungs-, Einweisungs- und Aufnahmeprozessen entstehen oder diese Prozesse unterstützen. Dies betrifft sowohl stationäre wie auch ambulante Aufnahmen in Krankenhäusern und Reha-Einrichtungen, wie auch Besuche bei niedergelassenen Ärzten und Therapeuten. Diese Dokumente beinhalten üblicherweise patientenbezogene Daten, den bisherigen Krankheitsverlauf und aktuellen Zustand des Patienten sowie erste Untersuchungen/Therapieansätze. Beispiele: Anamnesebogen, Anmeldung Aufnahme, Checkliste Aufnahme, Verordnung einer Krankenhausbehandlung, Überweisungsschein, G-AEP-Kriterien, Stammblatt, Aufnahmebogen&#xA;        " />
        </extension>
        <code value="AUFN" />
        <display value="Einweisungs- und Aufnahmedokumente" />
      </concept>
      <concept>
        <extension url="http://hl7.org/fhir/StructureDefinition/valueset-concept-comments">
          <valueString value="Dokumente, Formulare und sonstige Erklärungen, die der Patient im Verlauf des Versorgungsprozesses unterschreibt, einschließlich dokumentierter Aufklärungen. Ausnahmen: Verträge; Aufklärungsbögen zu Anästhesie und Bestrahlung werden über die Konzepte ANAE (&quot;Anästhesiedokumente&quot;) bzw. BSTR (&quot;Bestrahlungsdokumentation&quot;) abgebildet. Beispiele: Einwilligung zur Datenweitergabe, Einverständniserklärung, Aufklärungs- und Einwilligungsbogen zum chirurgischen Eingriff, Erklärung zum Verlassen der Klinik gegen ärztlichen Rat, vom Patienten unterschriebene&#xA;          Belehrungen " />
        </extension>
        <code value="EINW" />
        <display value="Einwilligungen/Aufklärungen" />
      </concept>
      <concept>
        <extension url="http://hl7.org/fhir/StructureDefinition/valueset-concept-comments">
          <valueString value="&#xA;          Protokolle, Untersuchungsergebnisse, Befunde und Beurteilungen aus apparativer oder instrumenteller Diagnostik ohne Bildgebung; auch die zugehörigen Untersuchungsanforderungen werden mit diesem Konzept abgebildet. Beispiele: EEG, EMG, EKG-Befund, EKG-Kurvenausdruck, EKGMessdaten, Manometriebefund, Temperaturmesskurve, Schlaflabordokumentationsbogen, Blutdruckprotokoll, Lungenfunktionsbefund, Spiroergometriebefund, Herzschrittmacher-Protokoll, Belastungs-EKG, Protokoll einer diagnostischen Punktion, Mini Mental Status Test, Schmerzerhebungsbogen, Ernährungsscreening, Aachener Aphasie Test, Dem Tect, Sturzrisikoerfassungsbogen, Geriatrische Depressionsskala" />
        </extension>
        <code value="FUNK" />
        <display value="Ergebnisse Funktionsdiagnostik" />
      </concept>
      <concept>
        <extension url="http://hl7.org/fhir/StructureDefinition/valueset-concept-comments">
          <valueString value="Untersuchungsergebnisse aus apparativer Diagnostik mit bildgebenden Verfahren, einschließlich Bildern, Befunden und Beurteilungen. Auch Bilder und Befunde aus interventionellen radiologischen Verfahren werden mit diesem Konzept abgebildet. Auch die zugehörigen Untersuchungsanforderungen werden mit diesem Konzept abgebildet.  Beispiele: Radiologiebefund, Röntgenbild (CR), CT, MRT, PET, Sonographie, Mammographie, Endoskopiebefund, Szintigraphie, Herzkatheter-Bericht, Echokardiographie, Bronchoskopiebefund, Neuroradiologischer Befund,&#xA;          Angiographiebefund, Anforderungsschein Duplexsonographie " />
        </extension>
        <code value="BILD" />
        <display value="Ergebnisse bildgebender Diagnostik" />
      </concept>
      <concept>
        <extension url="http://hl7.org/fhir/StructureDefinition/valueset-concept-comments">
          <valueString value="Dokumente bezüglich einer patientenbezogenen Beratung zwischen Fachärzten, Therapeuten oder Pflegepersonal. Bei fachspezifischen Dokumententypen wie Tumorboardprotokolle, sollte stattdessen das spezifischere Konzept verwendet werden, z.B. ONKO (&quot;Onkologische Dokumente&quot;). Fallbesprechungen, die rein aus einem pflegerischem Team bestehen, werden unter Pflegedokumentation abgebildet. Beispiele: interdisziplinäre Fallkonferenzprotokolle, interprofessionelle Fallkonferenzprotokolle&#xA;        " />
        </extension>
        <code value="FALL" />
        <display value="Fallbesprechungen" />
      </concept>
      <concept>
        <extension url="http://hl7.org/fhir/StructureDefinition/valueset-concept-comments">
          <valueString value="Bildaufnahmen (digitale oder konventionelle Fotografie) von Körperregionen bzw. Ganzkörperaufnahmen, die im Verlauf der Behandlung zum Zwecke der Diagnostik oder der Verlaufsbeurteilung angefertigt werden; die Fotos bzw. Fotoserien können durch (wenige) weitere Angaben ergänzt sein (z.B. Vermessungen, Verschlagwortung, Lokalisation, zeitlicher Bezug usw.). Ausnahme: siehe WUND (&quot;Wunddokumentation“) und OPDK („OP-Dokumente“). Beispiele: Fotodokumentation von Erkrankungen des Haut-/Haarsystems, prä-/post-operative Fotos der plastischen Chirurgie, fotografische Zahn-/Kieferaufnahmen der Mund-Kiefer-Gesichtschirurgie, Aufnahmen in der Augenheilkunde" />
        </extension>
        <code value="FOTO" />
        <display value="Fotodokumentation" />
      </concept>
      <concept>
        <extension url="http://hl7.org/fhir/StructureDefinition/valueset-concept-comments">
          <valueString value="          Dokumentation zur Durchführung von Therapien, durch ärztliche und nicht-ärztliche Therapeuten. Auch die zugehörigen Therapieanforderungen werden mit diesem Konzept abgebildet. Bei fachspezifischen Dokumententypen wie Bestrahlungsprotokollen, sollte stattdessen das spezifischere Konzept verwendet werden, z.B. BSTR (&quot;Bestrahlungsdokumentation&quot;), OPDK (&quot;OP-Dokumente&quot;). Reine Dokumentation der Medikation wird durch das Konzept MEDI (&quot;Medikamentöse Therapien&quot;) abgebildet. Beispiele: Ergotherapieprotokoll, Logopädieprotokoll, Physiotherapieprotokoll, Schmerztherapieprotokoll, Reanimationsprotokoll, Dialysedokumente, Psychotherapeutische Dokumente" />
        </extension>
        <code value="FPRO" />
        <display value="Therapiedokumentation" />
      </concept>
      <concept>
        <extension url="http://hl7.org/fhir/StructureDefinition/valueset-concept-comments">
          <valueString value="Untersuchungsergebnisse der serologischen oder zellulären Diagnostik für Autoimmun- und Immundefekterkrankungen einschließlich immunologischer Testergebnisse zu Seren, Punktaten, Abstrichen usw.; auch die zugehörigen Untersuchungsanforderungen werden mit diesem Konzept abgebildet. Beachte verwandte Konzepte: MKRO (&quot;Ergebnisse Mikrobiologie&quot;) und VIRO (&quot;Ergebnisse Virologie&quot;).  Beispiele: Rheumaserologiebefund, Allergologiebefund/Autoantikörpertest, Complement-analytischer Befund, Befund der zellulären Immundefektdiagnostik " />
        </extension>
        <code value="IMMU" />
        <display value="Ergebnisse Immunologie" />
      </concept>
      <concept>
        <extension url="http://hl7.org/fhir/StructureDefinition/valueset-concept-comments">
          <valueString value="Dokumente, welche den stationären Aufenthalt und Krankheitsverlauf des Patienten sowie durchgeführte Maßnahmen auf einer Intensivstation oder Intermediate Care Station beschreiben. Ausgenommen ist der intensivmedizinische Komplexbehandlungsbogen, dieser wird durch KOMP (&quot;Komplexbehandlungsbogen&quot;) abgebildet.  Beispiele: Beatmungsprotokoll, Intensivkurve, Intensivpflegebericht, Monitoringausdruck, Intensivdokumentationsbogen, Intensivmedizinische Scores/Assessments (SAPS-II, TISS, Glasgow Coma Scale,…) " />
        </extension>
        <code value="INTS" />
        <display value="Intensivmedizinische Dokumente" />
      </concept>
      <concept>
        <extension url="http://hl7.org/fhir/StructureDefinition/valueset-concept-comments">
          <valueString value="Alle Erfassungsbögen bzw. Datensätze zur hochaufwendigen Pflege oder Therapie (gemäß OPS 8-97...8-98) für die genaue und vollständige Abrechnung (nach DRG).  Beispiele: Geriatrischer Komplexbehandlungsbogen, Intensivmedizinischer Komplexbehandlungsbogen, MRSA Komplexbehandlungsbogen, Neurologischer Komplexbehandlungsbogen, Palliativmedizinischer Komplexbehandlungsbogen, PKMS Bogen " />
        </extension>
        <code value="KOMP" />
        <display value="Komplexbehandlungsbögen" />
      </concept>
      <concept>
        <extension url="http://hl7.org/fhir/StructureDefinition/valueset-concept-comments">
          <valueString value="Therapieprotokolle zum Nachweis der Verabreichung oder Verordnung von Arzneimitteln.  Beispiele: Medikamentenplan, Chemotherapieprotokoll, Hormontherapieprotokoll, Apothekenbuch, Rezept, Anforderung Medikation " />
        </extension>
        <code value="MEDI" />
        <display value="Medikamentöse Therapien" />
      </concept>
      <concept>
        <extension url="http://hl7.org/fhir/StructureDefinition/valueset-concept-comments">
          <valueString value="Untersuchungsergebnisse kultureller, serologischer oder molekularbiologischer Erregerdiagnostik zur bakteriologischen oder mikrobiologischen Analyse von Abstrichen, Punktaten, Sekreten, Seren usw.; auch die zugehörigen Untersuchungsanforderungen werden mit diesem Konzept abgebildet. Beachte verwandte Konzepte: IMMU (&quot;Ergebnisse Immunologie&quot;) und VIRO (&quot;Ergebnisse Virologie&quot;). Beispiele: Befund über Nachweis von pathogenen Bakterien, Mikrobiologiebefund, MRSA-Schnelltest, Anforderungsschein Mikrobiologie " />
        </extension>
        <code value="MKRO" />
        <display value="Ergebnisse Mikrobiologie" />
      </concept>
      <concept>
        <extension url="http://hl7.org/fhir/StructureDefinition/valueset-concept-comments">
          <valueString value="Dokumente, die in direktem Zusammenhang mit einer durchgeführten Operation (gemäß OPS Kapitel 5) stehen mit Ausnahme der OP-Einwilligung / Aufklärung. Dazu zählen auch Belege, die zum Nachweis der durchgeführten Maßnahmen und verwendeten Materialien vor, während und nach der Operation dienen. Beispiele: OP-Bericht, OP-Protokoll, OP-Checklisten, Sterilgut-/Chargendokumentation, Anmeldungsbogen OP, OPBilddokumentation, Tuchprotokoll, postoperative Verordnungen, Implantatsprotokoll" />
        </extension>
        <code value="OPDK" />
        <display value="OP-Dokumente" />
      </concept>
      <concept>
        <extension url="http://hl7.org/fhir/StructureDefinition/valueset-concept-comments">
          <valueString value="Dokumente, welche in direktem Zusammenhang mit einer Tumorerkrankung und deren Nachsorge stehen. Ausgenommen sind Dokumente, in der Diagnostik und Therapie des Patienten festgehalten werden und die durch die entsprechenden spezifischeren Konzepte abgebildet werden, z.B. BEFU (&quot;Ergebnisse Diagnostik&quot;), OPDK (&quot;OP-Dokumente&quot;), BSTR (&quot;Bestrahlungsdokumentation&quot;).  Beispiele: onkologische Follow-Up - Dokumente, Meldebogen Krebsregister, Tumorlokalisationsbogen, Tumorboardprotokoll&#xA;        " />
        </extension>
        <code value="ONKO" />
        <display value="Onkologische Dokumente" />
      </concept>
      <concept>
        <extension url="http://hl7.org/fhir/StructureDefinition/valueset-concept-comments">
          <valueString value="Befundberichte aus Pathologie, Histologie, Zytopathologie und Molekularpathologie von Organen, Gewebeproben, Zellproben, Foeten usw.; auch die zugehörigen Untersuchungsanforderungen werden mit diesem Konzept abgebildet.  Beispiele: Histologiebefund, Histologieanforderung, Autopsiebericht, Befund Dermatopathologie, Befund Hämatopathologie, Immunhistochemiebefund, Neuropathologiebefund, Schnellschnitt-Ergebnis, Probenbegleitschein Pathologie " />
        </extension>
        <code value="PATH" />
        <display value="Pathologiebefundberichte" />
      </concept>
      <concept>
        <extension url="http://hl7.org/fhir/StructureDefinition/valueset-concept-comments">
          <valueString value="Dokumente, welche der Patient zu seinem Kontakt in der Gesundheitseinrichtung mitbringt, die aber nicht in unmittelbarem Zusammenhang mit dem aktuellen Kontakt stehen müssen. Sowie Dokumente, in denen das mitgebrachte Patienteneigentum festgehalten wird.  Beispiele: Ausweise, Vorsorgevollmacht, Patientenverfügung, Wertgegenständeverwaltung, Notfalldatensatz, Patiententagebuch&#xA;        " />
        </extension>
        <code value="PATD" />
        <display value="Patienteneigene Dokumente" />
      </concept>
      <concept>
        <extension url="http://hl7.org/fhir/StructureDefinition/valueset-concept-comments">
          <valueString value="Reine Informationsblätter für den Patienten, welche über den Aufenthalt, Verlauf oder eine Krankheit informieren. Diese können auch patientenspezifische Informationen beinhalten. Zusätzlich Terminerinnerungen, Schulungsnachweise und ähnliche dem Patienten ausgehändigte oder an ihn versandte Unterlagen. Beispiele: vom Patienten nicht unterschriebene Belehrung, Informationsblatt, Schulungsunterlagen, Protokolle individueller Ernährungsberatung&#xA;        " />
        </extension>
        <code value="PATI" />
        <display value="Patienteninformationen" />
      </concept>
      <concept>
        <extension url="http://hl7.org/fhir/StructureDefinition/valueset-concept-comments">
          <valueString value="Alle Arten von Dokumenten, welche üblicherweise vom Pflegepersonal erstellt oder ausgefüllt werden, sofern sie nicht durch spezifischere Konzepte abgebildet werden (z.B. Wunddokumentation, Ergebnisse Funktionsdiagnostik, Intensivmedizinische Dokumente). Anforderungen von Therapien werden durch Therapiedokumentation abgebildet. Beispiele: Pflegebericht, Pflegekurve, Pflegeplan, Pflegeüberleitungsbogen, Sturzprotokoll, Überwachungsprotokoll, Pflegeanamnesebogen, Ernährungsplan, Dekubitusrisikoeinschätzung, Barthel-Index, Bradenskala, Diabetikerkurve&#xA;        " />
        </extension>
        <code value="PFLG" />
        <display value="Pflegedokumentation" />
      </concept>
      <concept>
        <extension url="http://hl7.org/fhir/StructureDefinition/valueset-concept-comments">
          <valueString value="Formulare, welche zur Qualitätssicherung der Krankenhausabläufe ausgefüllt werden müssen.  Beispiele: Pflegestandards, Hygienestandards, Qualitätssicherungsbögen " />
        </extension>
        <code value="QUAL" />
        <display value="Qualitätssicherung" />
      </concept>
      <concept>
        <extension url="http://hl7.org/fhir/StructureDefinition/valueset-concept-comments">
          <valueString value="Belege für einen Patienten, welche vom Rettungsdienst erstellt werden. Ausnahme: Reanimationsprotokolle werden über das Konzept FPRO („Therapiedokumentation“) abgebildet.Beispiele: Rettungsdienst-/Notarztprotokoll, Rettungstechnische Daten&#xA;        " />
        </extension>
        <code value="RETT" />
        <display value="Rettungsdienstliche Dokumente" />
      </concept>
      <concept>
        <extension url="http://hl7.org/fhir/StructureDefinition/valueset-concept-comments">
          <valueString value="Einrichtungsübergreifender Brief-/Fax-/E-Mailverkehr z.B. Krankenhaus-Krankenkasse, Krankenhaus-Patient usw. Beinhaltet auch solche Dokumente die dem Patienten mitgegeben werden. Das Ziel ist nicht die unmittelbare Patientenversorgung sondern davon unabhängige bzw. diese allenfalls begleitende organisatorische oder administrative Aufgaben, solange diese nicht durch die spezifischeren Konzepte PATI (&quot;Patienteninformationen&quot;) oder ABRE (&quot;Abrechnungsdokumente&quot;) abgedeckt sind. Beispiele: Anforderung Unterlagen, Schriftverkehr Amtsgericht, Schriftverkehr MDK Arzt, Schriftverkehr Krankenkasse, Schriftverkehr Deutsche Rentenversicherung, Bescheinigung über Krankenhausaufenthalt&#xA;        " />
        </extension>
        <code value="SCHR" />
        <display value="Schriftwechsel (administrativ)" />
      </concept>
      <concept>
        <extension url="http://hl7.org/fhir/StructureDefinition/valueset-concept-comments">
          <valueString value="Dokumente mit allen Informationen über die Phase vor, während und nach dem Geburtsverlauf, inklusive Funktionsdiagnostik (z.B. CTG) und Bildgebende Diagnostik und ähnliche Befunde die sich auf das Kind beziehen. Weiterhin beinhalten das Konzept Belege zur Neugeborenversorgung, wenn sie der Akte der Mutter zugeordnet sind. Verordnungen und Medikamentationsdokumentation hingegen werden über die jeweiligen Konzepte (VERO und MEDI) abgebildet.  Beispiele: Geburtenbericht, Geburtenprotokoll, Geburtenverlaufskurve, Neugeborenenscreening, Partogramm, Wiegekarte,&#xA;          Neugeborenendokumentationsbogen, Säuglingskurve " />
        </extension>
        <code value="GEBU" />
        <display value="Schwangerschafts- und Geburtsdokumentation" />
      </concept>
      <concept>
        <extension url="http://hl7.org/fhir/StructureDefinition/valueset-concept-comments">
          <valueString value="Dokumentation zu Leistungen des Sozialdienstes o.ä., bei denen Patienten über verschiedene Unterstützungsangebote informiert, beraten und bei Inanspruchnahme begleitet werden. Ausnahmen: siehe Konzept ANTR (&quot;Anträge und deren Bescheide&quot;). Beispiele: Beratungsbogen sozialer Dienst, Soziotherapeutischer Betreuungsplan, Einschätzung Sozialdienst, Abschlussbericht Sozialdienst, Entlassungsmanagement-Bericht, Hilfsmittel-Versorgungsplan, Empfehlungen zur häuslichen Unterbringung und Pflege " />
        </extension>
        <code value="SOZI" />
        <display value="Sozialdienstdokumente" />
      </concept>
      <concept>
        <extension url="http://hl7.org/fhir/StructureDefinition/valueset-concept-comments">
          <valueString value="Patientenbezogene Dokumente, die für die Durchführung der Studie (Einschluss, Durchführung, Ende) oder anderer Forschungsvorhaben notwendig sind.  Beispiele: CRF-Bogen, Einwilligung in Studie, Protokoll Ein- und Ausschlusskriterien, Prüfplan, SOP Bogen, Studienbericht&#xA;        " />
        </extension>
        <code value="STUD" />
        <display value="Studiendokumente" />
      </concept>
      <concept>
        <extension url="http://hl7.org/fhir/StructureDefinition/valueset-concept-comments">
          <valueString value="Dokumentation von der Entnahme bis zur Transfusion aller Blutprodukte. Ausnahmen: Blutgruppenserologie, Immunhämatologie usw. werden durch das Konzept BEFU (&quot;Ergebnisse Diagnostik&quot;) abgebildet.  Beispiele: Anforderung Blutkonserve, Blutspendeprotokoll, Bluttransfusionsprotokoll, Konservenbegleitschein, Herstellungs- und Prüfprotokolle von Blutkomponenten " />
        </extension>
        <code value="TRFU" />
        <display value="Transfusionsdokumente" />
      </concept>
      <concept>
        <extension url="http://hl7.org/fhir/StructureDefinition/valueset-concept-comments">
          <valueString value="Dokumentation im Zusammenhang mit der Transplantation von Organen oder Gewebe, sowohl Transplantatspender als auch Transplantatempfänger betreffend. Ausgenommen sind Dokumente, in der Diagnostik und Therapie des Patienten festgehalten werden und die durch die entsprechenden spezifischeren Konzepte abgebildet werden, z.B. BEFU (&quot;Ergebnisse Diagnostik&quot;), OPDK (&quot;OP-Dokumente&quot;), usw.  Beispiele: Transplantationsprotokoll, Spenderdokument " />
        </extension>
        <code value="TRPL" />
        <display value="Transplantationsdokumente" />
      </concept>
      <concept>
        <extension url="http://hl7.org/fhir/StructureDefinition/valueset-concept-comments">
          <valueString value="Verordnungen für Heil- und Hilfsmittel, Krankentransport oder andere medizinische Güter und Dienstleistungen mit Ausnahme der Überweisungen und Verordnung von Krankenhausbehandlung. Verordnete Medikationen fallen unter MEDI (&quot;Medikamentöse Therapie&quot;). Überweisungen und Verordnungen von Krankenhausbehandlung werden über das Konzept AUFN („Einweisungs- und Aufnahmedokumente“) abgedeckt.Beispiele: Hilfsmittel, Krankentransport, Verordnung von Physiotherapie&#xA;        " />
        </extension>
        <code value="VERO" />
        <display value="Verordnungen" />
      </concept>
      <concept>
        <extension url="http://hl7.org/fhir/StructureDefinition/valueset-concept-comments">
          <valueString value="Verträge, welche für die stationäre/ambulante Versorgung abgeschlossen werden.  Beispiele: Behandlungsvertrag, Wahlleistungsvertrag, Heimvertrag " />
        </extension>
        <code value="VERT" />
        <display value="Verträge" />
      </concept>
      <concept>
        <extension url="http://hl7.org/fhir/StructureDefinition/valueset-concept-comments">
          <valueString value="Untersuchungsergebnisse der Virusdiagnostik einschließlich virologischer Testergebnisse zu Abstrichen, Sekreten, Seren usw.; auch die zugehörigen Untersuchungsanforderungen werden mit diesem Konzept abgebildet. Beachte verwandte Konzepte: IMMU (&quot;Ergebnisse Immunologie&quot;) und MKRO (&quot;Ergebnisse Mikrobiologie&quot;).  Beispiele: Befund über Nachweis von humanpathogenen Viren, Virologiebefund, ELISA, Anforderungsschein Virologie " />
        </extension>
        <code value="VIRO" />
        <display value="Ergebnisse Virologie" />
      </concept>
      <concept>
        <extension url="http://hl7.org/fhir/StructureDefinition/valueset-concept-comments">
          <valueString value="Berichte und Verlaufsdokumentationen zur Wunderfassung sowie Wundversorgung eines Patienten, einschließlich der hierfür spezifischen Fotodokumentation.  Beispiele: Wunddokumentationsbogen, Bewegungs- und Lagerungsplan, Wundverlaufsbericht, Wundfotos mit/ohne Vermessungen, Dekubitusdokumentation Ausgeschlossen: Dekubitusrisikoeinschätzung (siehe Pflegedokumentation).&#xA;        " />
        </extension>
        <code value="WUND" />
        <display value="Wunddokumentation" />
      </concept>
    </include>
  </compose>
</ValueSet>