<ValueSet xmlns="http://hl7.org/fhir">
  <id value="1.2.276.0.76.11.33--20180713132759" />
  <meta>
    <profile value="http://hl7.org/fhir/StructureDefinition/shareablevalueset" />
    <!--<profile value="http://hl7.org/fhir/4.0/StructureDefinition/ValueSet"/>-->
  </meta>
  <extension url="http://hl7.org/fhir/StructureDefinition/resource-effectivePeriod">
    <valuePeriod>
      <start value="2018-07-13T13:27:59+01:00" />
    </valuePeriod>
  </extension>
  <url value="http://ihe-d.de/ValueSets/IHEXDSconfidentialityCode" />
  <identifier>
    <use value="official" />
    <system value="http://art-decor.org/ns/oids/vs" />
    <value value="1.2.276.0.76.11.33" />
  </identifier>
  <version value="2018-07-13T13:27:59" />
  <name value="IHEXDSconfidentialityCode" />
  <title value="IHE XDS confidentialityCode" />
  <status value="active" />
  <experimental value="false" />
  <publisher value="IHE Deutschland e.V." />
  <description value="**confidentialityCode (XDSDocumentEntry)**&#xD;&#xA;The code specifying the level of confidentiality of an XDS Document." />
  <immutable value="false" />
  <compose>
    <include>
      <system value="http://ihe-d.de/CodeSystems/BetroffeneneinschaetzungVertraulichkeitsstufe" />
      <concept>
        <extension url="http://hl7.org/fhir/StructureDefinition/valueset-concept-comments">
          <valueString value="Aus Sicht der Betroffenen sind die Daten so sensibel, dass sie für praktisch niemanden außer ihr selbst sichtbar sein sollten." />
        </extension>
        <code value="PV" />
        <display value="gesperrt" />
      </concept>
      <concept>
        <extension url="http://hl7.org/fhir/StructureDefinition/valueset-concept-comments">
          <valueString value="Aus Sicht der Betroffenen sind die Daten sensibel genug, dass für sie besondere Zugriffsregelungen gelten sollen, die den Kreis der Zugriffsberechtigten signifikant einschränken." />
        </extension>
        <code value="PR" />
        <display value="erhöhte Vertraulichkeit" />
      </concept>
      <concept>
        <extension url="http://hl7.org/fhir/StructureDefinition/valueset-concept-comments">
          <valueString value="Aus Sicht der Betroffenen sind die Daten nicht sensibler als andere Gesundheitsdaten und können daher nach den gleichen Regeln benutzt werden" />
        </extension>
        <code value="PN" />
        <display value="übliche Vertraulichkeit" />
      </concept>
    </include>
    <include>
      <system value="http://terminology.hl7.org/CodeSystem/v3-Confidentiality" />
      <concept>
        <code value="N" />
        <display value="normal" />
      </concept>
      <concept>
        <code value="R" />
        <display value="restricted" />
      </concept>
      <concept>
        <code value="V" />
        <display value="very restricted" />
      </concept>
    </include>
  </compose>
</ValueSet>