<StructureDefinition xmlns="http://hl7.org/fhir">
  <id value="CodingAlphaID" />
  <url value="http://fhir.de/StructureDefinition/CodingAlphaID" />
  <version value="1.0.0-alpha1" />
  <name value="CodingAlphaID" />
  <title value="Coding-Profil für Alpha-ID" />
  <status value="active" />
  <date value="2021-02-17" />
  <publisher value="HL7 Deutschland e.V. (Technisches Komitee FHIR)" />
  <contact>
    <name value="HL7 Deutschland e.V. (Technisches Komitee FHIR)" />
    <telecom>
      <system value="url" />
    </telecom>
  </contact>
  <description value="Abbildung der Mindestanforderungen eines Alpha-ID-Codes" />
  <copyright value="HL7 Deutschland e.V." />
  <fhirVersion value="4.0.1" />
  <kind value="complex-type" />
  <abstract value="false" />
  <type value="Coding" />
  <baseDefinition value="http://hl7.org/fhir/StructureDefinition/Coding" />
  <derivation value="constraint" />
  <differential>
    <element id="Coding.system">
      <path value="Coding.system" />
      <short value="Canonische CodeSystem URL für Alpha-ID" />
      <min value="1" />
      <fixedUri value="http://fhir.de/CodeSystem/dimdi/alpha-id" />
    </element>
    <element id="Coding.version">
      <path value="Coding.version" />
      <short value="Die Jahresversion von Alpha-ID. Angegeben wird immer die vierstellige Jahreszahl (z.B. &quot;2017&quot;)" />
      <definition value="Bie Verwendung von Alpha-ID ist die Angabe der Version zwingend erforderlich.&#xD;&#xA;Hierdurch wird der Tatsache Rechnung getragen, dass jede der jährlich neu erscheinenden Fassung von Alpha-ID ein neues Codesystem darstellt." />
      <min value="1" />
    </element>
    <element id="Coding.code">
      <path value="Coding.code" />
      <short value="Der Alpha-ID-Code" />
      <min value="1" />
    </element>
  </differential>
</StructureDefinition>