<StructureDefinition xmlns="http://hl7.org/fhir">
  <id value="identifier-kzva" />
  <url value="http://fhir.de/StructureDefinition/identifier-kzva" />
  <version value="1.0.0-alpha1" />
  <name value="IdentifierKzva" />
  <title value="Identifier-Profil für die Abbildung einer KZVAbrechnungsnummer" />
  <status value="active" />
  <date value="2021-02-17" />
  <publisher value="HL7 Deutschland e.V. (Technisches Komitee FHIR)" />
  <contact>
    <telecom>
      <system value="other" />
      <value value="http://hl7.de/technische-komitees/fhir/" />
    </telecom>
  </contact>
  <description value="Identifier-Profil für die Abbildung einer KZVAbrechnungsnummer" />
  <copyright value="HL7 Deutschland e.V." />
  <fhirVersion value="4.0.1" />
  <kind value="complex-type" />
  <abstract value="false" />
  <type value="Identifier" />
  <baseDefinition value="http://hl7.org/fhir/StructureDefinition/Identifier" />
  <derivation value="constraint" />
  <differential>
    <element id="Identifier.use">
      <path value="Identifier.use" />
      <fixedCode value="official" />
    </element>
    <element id="Identifier.type">
      <path value="Identifier.type" />
      <patternCodeableConcept>
        <coding>
          <system value="http://fhir.de/CodeSystem/identifier-type-de-basis" />
          <code value="KZVA" />
        </coding>
      </patternCodeableConcept>
    </element>
    <element id="Identifier.system">
      <path value="Identifier.system" />
      <min value="1" />
      <fixedUri value="http://fhir.de/sid/kzbv/kzvabrechnungsnummer" />
    </element>
    <element id="Identifier.value">
      <path value="Identifier.value" />
      <min value="1" />
      <constraint>
        <key value="kzva-1" />
        <severity value="warning" />
        <human value="Die KZVAbrechnungsnummer muss 9-stellig numerisch sein" />
        <expression value="matches('[0-9]{9}')" />
        <source value="http://fhir.de/StructureDefinition/identifier-kzva" />
      </constraint>
    </element>
    <element id="Identifier.assigner.identifier.system">
      <path value="Identifier.assigner.identifier.system" />
      <min value="1" />
      <fixedUri value="http://fhir.de/sid/arge-ik/iknr" />
    </element>
    <element id="Identifier.assigner.identifier.value">
      <path value="Identifier.assigner.identifier.value" />
      <min value="1" />
    </element>
    <element id="Identifier.assigner.display">
      <path value="Identifier.assigner.display" />
      <min value="1" />
    </element>
  </differential>
</StructureDefinition>