<StructureDefinition xmlns="http://hl7.org/fhir">
  <id value="identifier-kvid-10" />
  <url value="http://fhir.de/StructureDefinition/identifier-kvid-10" />
  <version value="1.0.0-alpha1" />
  <name value="IdentifierKvid10" />
  <title value="Identifier-Profil für die 10-stellige Krankenversichertennummer" />
  <status value="active" />
  <date value="2021-02-17" />
  <publisher value="HL7 Deutschland e.V. (Technisches Komitee FHIR)" />
  <contact>
    <telecom>
      <system value="other" />
      <value value="http://hl7.de/technische-komitees/fhir/" />
    </telecom>
  </contact>
  <description value="Identifier-Profil für die 10-stellige Krankenversichertennummer" />
  <copyright value="HL7 Deutschland e.V." />
  <fhirVersion value="4.0.1" />
  <kind value="complex-type" />
  <abstract value="false" />
  <type value="Identifier" />
  <baseDefinition value="http://hl7.org/fhir/StructureDefinition/Identifier" />
  <derivation value="constraint" />
  <differential>
    <element id="Identifier.use">
      <path value="Identifier.use" />
      <fixedCode value="official" />
    </element>
    <element id="Identifier.type">
      <path value="Identifier.type" />
      <patternCodeableConcept>
        <coding>
          <system value="http://fhir.de/CodeSystem/identifier-type-de-basis" />
          <code value="GKV" />
        </coding>
      </patternCodeableConcept>
    </element>
    <element id="Identifier.system">
      <path value="Identifier.system" />
      <min value="1" />
      <fixedUri value="http://fhir.de/sid/gkv/kvid-10" />
    </element>
    <element id="Identifier.value">
      <path value="Identifier.value" />
      <min value="1" />
      <constraint>
        <key value="kvid-1" />
        <severity value="warning" />
        <human value="Der unveränderliche Teil der KVID muss 10-stellig sein und mit einem Großbuchstaben anfangen" />
        <expression value="matches('^[A-Z][0-9]{9}$')" />
        <source value="http://fhir.de/StructureDefinition/identifier-kvid-10" />
      </constraint>
    </element>
  </differential>
</StructureDefinition>