<StructureDefinition xmlns="http://hl7.org/fhir">
  <id value="identifier-pseudo-kvid" />
  <url value="http://fhir.de/StructureDefinition/identifier-pseudo-kvid" />
  <version value="1.0.0-alpha1" />
  <name value="IdentifierPseudoKvid" />
  <title value="Identifier-Profil für die pseudonymisierte Krankenversichertennummer" />
  <status value="active" />
  <date value="2021-02-17" />
  <publisher value="HL7 Deutschland e.V. (Technisches Komitee FHIR)" />
  <contact>
    <telecom>
      <system value="other" />
      <value value="http://hl7.de/technische-komitees/fhir/" />
    </telecom>
  </contact>
  <description value="Identifier-Profil für die pseudonymisierte Krankenversichertennummer (Wird für Registermeldungen verwendet)" />
  <copyright value="HL7 Deutschland e.V." />
  <fhirVersion value="4.0.1" />
  <kind value="complex-type" />
  <abstract value="false" />
  <type value="Identifier" />
  <baseDefinition value="http://hl7.org/fhir/StructureDefinition/Identifier" />
  <derivation value="constraint" />
  <differential>
    <element id="Identifier.use">
      <path value="Identifier.use" />
      <fixedCode value="official" />
    </element>
    <element id="Identifier.type">
      <path value="Identifier.type" />
      <patternCodeableConcept>
        <coding>
          <system value="http://fhir.de/CodeSystem/identifier-type-de-basis" />
          <code value="GKV" />
        </coding>
      </patternCodeableConcept>
    </element>
    <element id="Identifier.system">
      <path value="Identifier.system" />
      <min value="1" />
      <fixedUri value="http://fhir.de/sid/gkv/pseudo-kvid" />
    </element>
    <element id="Identifier.value">
      <path value="Identifier.value" />
      <min value="1" />
    </element>
  </differential>
</StructureDefinition>