<StructureDefinition xmlns="http://hl7.org/fhir">
  <id value="identifier-pkv" />
  <url value="http://fhir.de/StructureDefinition/identifier-pkv" />
  <version value="1.0.0-alpha1" />
  <name value="IdentifierPkv" />
  <title value="Identifier-Profil für die Abbildung einer Privatversichertennummer" />
  <status value="active" />
  <date value="2021-02-17" />
  <publisher value="HL7 Deutschland e.V. (Technisches Komitee FHIR)" />
  <contact>
    <telecom>
      <system value="other" />
      <value value="http://hl7.de/technische-komitees/fhir/" />
    </telecom>
  </contact>
  <description value="Identifier-Profil für die Abbildung einer Privatversichertennummer" />
  <copyright value="HL7 Deutschland e.V." />
  <fhirVersion value="4.0.1" />
  <kind value="complex-type" />
  <abstract value="false" />
  <type value="Identifier" />
  <baseDefinition value="http://hl7.org/fhir/StructureDefinition/Identifier" />
  <derivation value="constraint" />
  <differential>
    <element id="Identifier.use">
      <path value="Identifier.use" />
      <fixedCode value="secondary" />
    </element>
    <element id="Identifier.type">
      <path value="Identifier.type" />
      <patternCodeableConcept>
        <coding>
          <system value="http://fhir.de/CodeSystem/identifier-type-de-basis" />
          <code value="PKV" />
        </coding>
      </patternCodeableConcept>
    </element>
    <element id="Identifier.value">
      <path value="Identifier.value" />
      <min value="1" />
    </element>
    <element id="Identifier.assigner">
      <path value="Identifier.assigner" />
      <min value="1" />
    </element>
    <element id="Identifier.assigner.identifier">
      <path value="Identifier.assigner.identifier" />
      <type>
        <code value="Identifier" />
        <profile value="http://fhir.de/StructureDefinition/identifier-iknr" />
      </type>
    </element>
    <element id="Identifier.assigner.display">
      <path value="Identifier.assigner.display" />
      <min value="1" />
    </element>
  </differential>
</StructureDefinition>