<StructureDefinition xmlns="http://hl7.org/fhir">
  <id value="namingsystem-de-basis" />
  <url value="http://fhir.de/StructureDefinition/namingsystem-de-basis" />
  <version value="1.0.0-alpha1" />
  <name value="NamingsystemDeBasis" />
  <title value="Namingsystem, deutsches Basisprofil" />
  <status value="active" />
  <date value="2020-05-14" />
  <publisher value="HL7 Deutschland e.V. (Technisches Komitee FHIR)" />
  <contact>
    <telecom>
      <system value="url" />
      <value value="http://hl7.de/technische-komitees/fhir/" />
    </telecom>
  </contact>
  <description value="Definition für NamingSystem-Ressourcen in deutschen Profilen" />
  <purpose value="Definition für NamingSystem-Ressourcen in deutschen Profilen" />
  <copyright value="HL7 Deutschland e.V." />
  <fhirVersion value="4.0.1" />
  <mapping>
    <identity value="v2" />
    <uri value="http://hl7.org/v2" />
    <name value="HL7 v2 Mapping" />
  </mapping>
  <mapping>
    <identity value="rim" />
    <uri value="http://hl7.org/v3" />
    <name value="RIM Mapping" />
  </mapping>
  <mapping>
    <identity value="workflow" />
    <uri value="http://hl7.org/fhir/workflow" />
    <name value="Workflow Pattern" />
  </mapping>
  <mapping>
    <identity value="w5" />
    <uri value="http://hl7.org/fhir/fivews" />
    <name value="FiveWs Pattern Mapping" />
  </mapping>
  <kind value="resource" />
  <abstract value="false" />
  <type value="NamingSystem" />
  <baseDefinition value="http://hl7.org/fhir/StructureDefinition/NamingSystem" />
  <derivation value="constraint" />
  <differential>
    <element id="NamingSystem.type">
      <path value="NamingSystem.type" />
      <min value="1" />
      <binding>
        <strength value="extensible" />
        <valueSet value="http://fhir.de/ValueSet/identifier-type-de-basis" />
      </binding>
    </element>
  </differential>
</StructureDefinition>