<StructureDefinition xmlns="http://hl7.org/fhir">
  <id value="observation-de-pflegegrad" />
  <url value="http://fhir.de/StructureDefinition/observation-de-pflegegrad" />
  <version value="1.0.0-alpha1" />
  <name value="ObservationDePflegegrad" />
  <title value="Pflegegrad, deutsches Basisprofil" />
  <status value="active" />
  <date value="2020-05-14" />
  <publisher value="HL7 Deutschland e.V. (Technisches Komitee FHIR)" />
  <contact>
    <telecom>
      <system value="url" />
      <value value="http://hl7.de/technische-komitees/fhir/" />
    </telecom>
  </contact>
  <description value="Deutsches Profil zur Abbildung des Pflegegrads eines Patienten incl. Abbildung des erfolgten Antrags auf Einstufung in einen Pflegegrad" />
  <copyright value="HL7 Deutschland e.V." />
  <fhirVersion value="4.0.1" />
  <mapping>
    <identity value="workflow" />
    <uri value="http://hl7.org/fhir/workflow" />
    <name value="Workflow Pattern" />
  </mapping>
  <mapping>
    <identity value="sct-concept" />
    <uri value="http://snomed.info/conceptdomain" />
    <name value="SNOMED CT Concept Domain Binding" />
  </mapping>
  <mapping>
    <identity value="v2" />
    <uri value="http://hl7.org/v2" />
    <name value="HL7 v2 Mapping" />
  </mapping>
  <mapping>
    <identity value="rim" />
    <uri value="http://hl7.org/v3" />
    <name value="RIM Mapping" />
  </mapping>
  <mapping>
    <identity value="w5" />
    <uri value="http://hl7.org/fhir/fivews" />
    <name value="FiveWs Pattern Mapping" />
  </mapping>
  <mapping>
    <identity value="sct-attr" />
    <uri value="http://snomed.org/attributebinding" />
    <name value="SNOMED CT Attribute Binding" />
  </mapping>
  <kind value="resource" />
  <abstract value="false" />
  <type value="Observation" />
  <baseDefinition value="http://hl7.org/fhir/StructureDefinition/Observation" />
  <derivation value="constraint" />
  <differential>
    <element id="Observation.code.coding">
      <path value="Observation.code.coding" />
      <slicing>
        <discriminator>
          <type value="value" />
          <path value="system" />
        </discriminator>
        <rules value="open" />
      </slicing>
    </element>
    <element id="Observation.code.coding:loinc">
      <path value="Observation.code.coding" />
      <sliceName value="loinc" />
      <min value="1" />
    </element>
    <element id="Observation.code.coding:loinc.system">
      <path value="Observation.code.coding.system" />
      <min value="1" />
      <fixedUri value="http://loinc.org" />
    </element>
    <element id="Observation.code.coding:loinc.code">
      <path value="Observation.code.coding.code" />
      <min value="1" />
      <fixedCode value="80391-6" />
    </element>
    <element id="Observation.subject">
      <path value="Observation.subject" />
      <min value="1" />
      <type>
        <code value="Reference" />
        <targetProfile value="http://hl7.org/fhir/StructureDefinition/Patient" />
      </type>
    </element>
    <element id="Observation.effective[x]">
      <path value="Observation.effective[x]" />
      <slicing>
        <discriminator>
          <type value="type" />
          <path value="$this" />
        </discriminator>
        <ordered value="false" />
        <rules value="open" />
      </slicing>
      <type>
        <code value="Period" />
      </type>
    </element>
    <element id="Observation.effectivePeriod">
      <path value="Observation.effectivePeriod" />
      <min value="1" />
      <max value="1" />
    </element>
    <element id="Observation.effectivePeriod.start">
      <path value="Observation.effectivePeriod.start" />
      <min value="1" />
    </element>
    <element id="Observation.value[x]">
      <path value="Observation.value[x]" />
      <slicing>
        <discriminator>
          <type value="type" />
          <path value="$this" />
        </discriminator>
        <ordered value="false" />
        <rules value="open" />
      </slicing>
      <type>
        <code value="CodeableConcept" />
      </type>
    </element>
    <element id="Observation.valueCodeableConcept">
      <path value="Observation.valueCodeableConcept" />
      <min value="1" />
      <max value="1" />
    </element>
    <element id="Observation.valueCodeableConcept.coding">
      <path value="Observation.valueCodeableConcept.coding" />
      <min value="1" />
      <binding>
        <strength value="required" />
        <valueSet value="http://fhir.de/ValueSet/pflegegrad-de" />
      </binding>
    </element>
    <element id="Observation.bodySite">
      <path value="Observation.bodySite" />
      <max value="0" />
    </element>
    <element id="Observation.component">
      <path value="Observation.component" />
      <max value="0" />
    </element>
  </differential>
</StructureDefinition>