<StructureDefinition xmlns="http://hl7.org/fhir">
  <id value="coverage-de-gkv" />
  <url value="http://fhir.de/StructureDefinition/coverage-de-gkv" />
  <version value="1.0.0-alpha1" />
  <name value="CoverageDeGkv" />
  <title value="Coverage, deutsches GKV-Profil" />
  <status value="active" />
  <date value="2020-05-14" />
  <publisher value="HL7 Deutschland e.V. (Technisches Komitee FHIR)" />
  <contact>
    <telecom>
      <system value="url" />
      <value value="http://hl7.de/technische-komitees/fhir/" />
    </telecom>
  </contact>
  <description value="Profil für die Nutzung der Coverage-Resource zur Darstellung eines gesetzlichen Versicherungsverhältnisses in Deutschland" />
  <copyright value="HL7 Deutschland e.V." />
  <fhirVersion value="4.0.1" />
  <mapping>
    <identity value="KVDT" />
    <name value="KVDT Mapping" />
  </mapping>
  <mapping>
    <identity value="BDT" />
    <name value="BDT Mapping" />
  </mapping>
  <mapping>
    <identity value="KHEntgG" />
    <name value="Datensatzbeschreibung nach Krankenhaus-Entgelt-Gesetz" />
  </mapping>
  <kind value="resource" />
  <abstract value="false" />
  <type value="Coverage" />
  <baseDefinition value="http://fhir.de/StructureDefinition/coverage-de-basis" />
  <derivation value="constraint" />
  <differential>
    <element id="Coverage">
      <path value="Coverage" />
      <definition value="Kostenübernahme im Rahmen eines gesetzlichen Versicherungsverhältnisses in Deutschland." />
    </element>
    <element id="Coverage.extension">
      <path value="Coverage.extension" />
      <slicing>
        <discriminator>
          <type value="value" />
          <path value="url" />
        </discriminator>
        <rules value="open" />
      </slicing>
    </element>
    <element id="Coverage.extension:einlesedatumKarte">
      <path value="Coverage.extension" />
      <sliceName value="einlesedatumKarte" />
      <max value="1" />
      <type>
        <code value="Extension" />
        <profile value="http://fhir.de/StructureDefinition/gkv/einlesedatum-karte" />
      </type>
    </element>
    <element id="Coverage.extension:onlinepruefung">
      <path value="Coverage.extension" />
      <sliceName value="onlinepruefung" />
      <max value="1" />
      <type>
        <code value="Extension" />
        <profile value="http://fhir.de/StructureDefinition/gkv/onlinepruefung-egk" />
      </type>
    </element>
    <element id="Coverage.extension:versionEgk">
      <path value="Coverage.extension" />
      <sliceName value="versionEgk" />
      <max value="1" />
      <type>
        <code value="Extension" />
        <profile value="http://fhir.de/StructureDefinition/gkv/version-vsdm" />
      </type>
    </element>
    <element id="Coverage.extension:generationEgk">
      <path value="Coverage.extension" />
      <sliceName value="generationEgk" />
      <type>
        <code value="Extension" />
        <profile value="http://fhir.de/StructureDefinition/gkv/generation-egk" />
      </type>
    </element>
    <element id="Coverage.extension:versichertenart">
      <path value="Coverage.extension" />
      <sliceName value="versichertenart" />
      <max value="1" />
      <type>
        <code value="Extension" />
        <profile value="http://fhir.de/StructureDefinition/gkv/versichertenart" />
      </type>
    </element>
    <element id="Coverage.extension:kostenerstattung">
      <path value="Coverage.extension" />
      <sliceName value="kostenerstattung" />
      <max value="1" />
      <type>
        <code value="Extension" />
        <profile value="http://fhir.de/StructureDefinition/gkv/kostenerstattung" />
      </type>
    </element>
    <element id="Coverage.extension:wop">
      <path value="Coverage.extension" />
      <sliceName value="wop" />
      <max value="1" />
      <type>
        <code value="Extension" />
        <profile value="http://fhir.de/StructureDefinition/gkv/wop" />
      </type>
    </element>
    <element id="Coverage.extension:besonderePersonengruppe">
      <path value="Coverage.extension" />
      <sliceName value="besonderePersonengruppe" />
      <max value="1" />
      <type>
        <code value="Extension" />
        <profile value="http://fhir.de/StructureDefinition/gkv/besondere-personengruppe" />
      </type>
    </element>
    <element id="Coverage.extension:dmpKennzeichen">
      <path value="Coverage.extension" />
      <sliceName value="dmpKennzeichen" />
      <max value="1" />
      <type>
        <code value="Extension" />
        <profile value="http://fhir.de/StructureDefinition/gkv/dmp-kennzeichen" />
      </type>
    </element>
    <element id="Coverage.extension:ruhenderLeistungsanspruch">
      <path value="Coverage.extension" />
      <sliceName value="ruhenderLeistungsanspruch" />
      <max value="1" />
      <type>
        <code value="Extension" />
        <profile value="http://fhir.de/StructureDefinition/gkv/ruhender-leistungsanspruch" />
      </type>
    </element>
    <element id="Coverage.extension:zuzahlungsstatus">
      <path value="Coverage.extension" />
      <sliceName value="zuzahlungsstatus" />
      <max value="1" />
      <type>
        <code value="Extension" />
        <profile value="http://fhir.de/StructureDefinition/gkv/zuzahlungsstatus" />
      </type>
    </element>
    <element id="Coverage.identifier">
      <path value="Coverage.identifier" />
      <slicing>
        <discriminator>
          <type value="value" />
          <path value="system" />
        </discriminator>
        <rules value="open" />
      </slicing>
      <short value="Primärer Identifier der Versicherung" />
      <definition value="Ein gesetzliches Versicherungsverhältnis sollte stets durch die eindeutige 30-stellige Versichertennummer identifiziert werden. Ist diese nicht bekannt, so wird die 10-stellige VersichertenID statt dessen verwendet." />
      <comment value="TODO: Constraint, der prüft, dass mindestens entweder eine VersichertenID oder eine Krankenversichertennummer angegeben wurde." />
      <min value="1" />
    </element>
    <element id="Coverage.identifier:KrankenversichertenID">
      <path value="Coverage.identifier" />
      <sliceName value="KrankenversichertenID" />
      <max value="1" />
      <type>
        <code value="Identifier" />
        <profile value="http://fhir.de/StructureDefinition/identifier-kvid-10" />
      </type>
    </element>
    <element id="Coverage.identifier:KrankenversichertenID.type.coding">
      <path value="Coverage.identifier.type.coding" />
      <slicing>
        <discriminator>
          <type value="value" />
          <path value="system" />
        </discriminator>
        <rules value="open" />
      </slicing>
      <min value="1" />
    </element>
    <element id="Coverage.identifier:pseudo-Krankenversichertennummer">
      <path value="Coverage.identifier" />
      <sliceName value="pseudo-Krankenversichertennummer" />
      <short value="pseudonymisierte Krankenversichertennummer" />
      <max value="1" />
      <type>
        <code value="Identifier" />
        <profile value="http://fhir.de/StructureDefinition/identifier-pseudo-kvid" />
      </type>
    </element>
    <element id="Coverage.identifier:pseudo-Krankenversichertennummer.type.coding">
      <path value="Coverage.identifier.type.coding" />
      <slicing>
        <discriminator>
          <type value="value" />
          <path value="system" />
        </discriminator>
        <rules value="open" />
      </slicing>
      <min value="1" />
    </element>
    <element id="Coverage.type">
      <path value="Coverage.type" />
      <comment value="28.07.2017 (zulip): TC Konsens bzgl. Verwendung eines eigenen ValueSets anstelle des im Standrad definierten preferred bindings, da die dortigen Codes nicht passen." />
    </element>
    <element id="Coverage.type.coding">
      <path value="Coverage.type.coding" />
      <min value="1" />
    </element>
    <element id="Coverage.type.coding.system">
      <path value="Coverage.type.coding.system" />
      <min value="1" />
      <fixedUri value="http://fhir.de/CodeSystem/versicherungsart-de-basis" />
    </element>
    <element id="Coverage.type.coding.code">
      <path value="Coverage.type.coding.code" />
      <min value="1" />
      <fixedCode value="GKV" />
    </element>
    <element id="Coverage.subscriber.identifier">
      <path value="Coverage.subscriber.identifier" />
      <short value="VersichertenID (10-stellig) des Hauptversicherten" />
      <patternIdentifier>
        <system value="http://fhir.de/sid/gkv/kvid-10" />
      </patternIdentifier>
    </element>
    <element id="Coverage.subscriber.display">
      <path value="Coverage.subscriber.display" />
      <short value="Name des Hauptversicherten" />
    </element>
    <element id="Coverage.beneficiary">
      <path value="Coverage.beneficiary" />
      <comment value="Die Angabe der 10-stelligen Krankenversichertennummer ist verpflichtend. Durch die Referenz auf eine Patient-Resource können weitere Informationen zum Patienten hinterlegt werden." />
    </element>
    <element id="Coverage.beneficiary.identifier">
      <path value="Coverage.beneficiary.identifier" />
      <short value="Identifier der versicherten Person" />
      <patternIdentifier>
        <system value="http://fhir.de/sid/gkv/kvid-10" />
      </patternIdentifier>
    </element>
    <element id="Coverage.beneficiary.display">
      <path value="Coverage.beneficiary.display" />
      <short value="Name der Versicherten Person" />
      <definition value="Die Angabe des Namens des Versicherten dient der geeigenten Darstellung für den Benutzer und hat keine technische Bedeutung." />
    </element>
    <element id="Coverage.period.start">
      <path value="Coverage.period.start" />
      <mapping>
        <identity value="KVDT" />
        <map value="4133" />
      </mapping>
    </element>
    <element id="Coverage.period.end">
      <path value="Coverage.period.end" />
      <mapping>
        <identity value="KVDT" />
        <map value="4110" />
      </mapping>
    </element>
    <element id="Coverage.payor">
      <path value="Coverage.payor" />
      <definition value="Gibt den Kostenträger des Versicherten an. Die Angabe der IK-Nummer als logische Referenz sowie des Namens als Display ist zwingend erforderlich.&#xD;&#xA;Die Referenz auf eine Resource vom Typ Organization, die weitere Details zur Versicherung enthalten kann (z.B. Adresse, Kontaktdaten) ist optional.&#xD;&#xA;Sofern eine zweite Referenz auf einen Kostenträger existiert, kann diese durch die Extension 'Abrechnende IK' angegeben werden." />
      <comment value="Die Angabe der IK-Nummer des Versicherers in payor.identifier ist verpflichtend. Weitere Angaben zum Versicherer (Name, Adresse) können in einer Organization-Resource hinterlegt werden, auf die hier referenziert wird." />
      <max value="1" />
    </element>
    <element id="Coverage.payor.extension">
      <path value="Coverage.payor.extension" />
      <slicing>
        <discriminator>
          <type value="value" />
          <path value="url" />
        </discriminator>
        <rules value="open" />
      </slicing>
    </element>
    <element id="Coverage.payor.extension:abrechnendeIK">
      <path value="Coverage.payor.extension" />
      <sliceName value="abrechnendeIK" />
      <min value="0" />
      <max value="1" />
      <type>
        <code value="Extension" />
        <profile value="http://fhir.de/StructureDefinition/AbrechnendeIK" />
      </type>
    </element>
    <element id="Coverage.payor.identifier">
      <path value="Coverage.payor.identifier" />
      <type>
        <code value="Identifier" />
        <profile value="http://fhir.de/StructureDefinition/identifier-iknr" />
      </type>
    </element>
    <element id="Coverage.payor.display">
      <path value="Coverage.payor.display" />
      <min value="1" />
    </element>
  </differential>
</StructureDefinition>