<CodeSystem xmlns="http://hl7.org/fhir">
  <meta>
    <profile value="http://hl7.org/fhir/StructureDefinition/shareablecodesystem" />
  </meta>
  <url value="http://fhir.de/CodeSystem/kbv/betriebsstaetten-hierarchie" />
  <version value="0.1" />
  <name value="kbv-betriebsstaetten-hierarchie" />
  <status value="retired" />
  <experimental value="true" />
  <date value="2018-01-27" />
  <publisher value="HL7 Deutschland e.V. (Technisches Komitee FHIR)" />
  <contact>
    <telecom>
      <system value="other" />
      <value value="http://hl7.de/technische-komitees/fhir/" />
    </telecom>
  </contact>
  <description value="Liste der hirarchischen Betriebstättenarten" />
  <copyright value="HL7 Deutschland e.V." />
  <caseSensitive value="true" />
  <valueSet value="http://fhir.de/ValueSet/kbv/betriebsstaetten-hierarchie" />
  <content value="complete" />
  <concept>
    <code value="BSNR" />
    <display value="Hauptbetriebsstätte" />
  </concept>
  <concept>
    <code value="NBSNR" />
    <display value="Nebenbetriebsstätte" />
  </concept>
</CodeSystem>