<CodeSystem xmlns="http://hl7.org/fhir">
  <id value="Fachabteilungsschluessel" />
  <meta>
    <profile value="http://hl7.org/fhir/StructureDefinition/shareablecodesystem" />
  </meta>
  <url value="http://fhir.de/CodeSystem/dkgev/Fachabteilungsschluessel" />
  <version value="1.0" />
  <name value="CodeSystemFachabteilungsschluessel" />
  <title value="Fachabteilungsschluessel" />
  <status value="active" />
  <experimental value="false" />
  <date value="2021-02-17" />
  <publisher value="HL7 Deutschland e.V. (Technisches Komitee FHIR)" />
  <contact>
    <telecom>
      <system value="other" />
      <value value="http://hl7.de/technische-komitees/fhir/" />
    </telecom>
  </contact>
  <description value="Fachabteilungen gemäß Anhang 1 der BPflV in der am 31.12.2003 geltenden Fassung" />
  <copyright value="HL7 Deutschland e.V." />
  <valueSet value="http://fhir.de/ValueSet/dkgev/Fachabteilungsschluessel" />
  <content value="fragment" />
  <count value="39" />
  <concept>
    <code value="0100" />
    <display value="Innere Medizin" />
  </concept>
  <concept>
    <code value="0200" />
    <display value="Geriatrie" />
  </concept>
  <concept>
    <code value="0300" />
    <display value="Kardiologie" />
  </concept>
  <concept>
    <code value="0400" />
    <display value="Nephrologie" />
  </concept>
  <concept>
    <code value="0500" />
    <display value="Hamatologie und internistische Onkologie" />
  </concept>
  <concept>
    <code value="0600" />
    <display value="Endokrinologie" />
  </concept>
  <concept>
    <code value="0700" />
    <display value="Gastroenterologie" />
  </concept>
  <concept>
    <code value="0800" />
    <display value="Pneumologie" />
  </concept>
  <concept>
    <code value="0900" />
    <display value="Rheumatologie" />
  </concept>
  <concept>
    <code value="1000" />
    <display value="Padiatrie" />
  </concept>
  <concept>
    <code value="1100" />
    <display value="Kinderkardiologie" />
  </concept>
  <concept>
    <code value="1200" />
    <display value="Neonatologie" />
  </concept>
  <concept>
    <code value="1300" />
    <display value="Kinderchirurgie" />
  </concept>
  <concept>
    <code value="1400" />
    <display value="Lungen- und Bronchialheilkunde" />
  </concept>
  <concept>
    <code value="1500" />
    <display value="Allgemeine Chirurgie" />
  </concept>
  <concept>
    <code value="1600" />
    <display value="Unfallchirurgie" />
  </concept>
  <concept>
    <code value="1700" />
    <display value="Neurochirurgie" />
  </concept>
  <concept>
    <code value="1800" />
    <display value="Gefa.chirurgie" />
  </concept>
  <concept>
    <code value="1900" />
    <display value="Plastische Chirurgie" />
  </concept>
  <concept>
    <code value="2000" />
    <display value="Thoraxchirurgie" />
  </concept>
  <concept>
    <code value="2100" />
    <display value="Herzchirurgie" />
  </concept>
  <concept>
    <code value="2200" />
    <display value="Urologie" />
  </concept>
  <concept>
    <code value="2300" />
    <display value="Orthopadie" />
  </concept>
  <concept>
    <code value="2400" />
    <display value="Frauenheilkunde und Geburtshilfe" />
  </concept>
  <concept>
    <code value="2500" />
    <display value="Geburtshilfe" />
  </concept>
  <concept>
    <code value="2600" />
    <display value="Hals-, Nasen-, Ohrenheilkunde" />
  </concept>
  <concept>
    <code value="2700" />
    <display value="Augenheilkunde" />
  </concept>
  <concept>
    <code value="2800" />
    <display value="Neurologie" />
  </concept>
  <concept>
    <code value="2900" />
    <display value="Allgemeine Psychiatrie" />
  </concept>
  <concept>
    <code value="3000" />
    <display value="Kinder- und Jugendpsychiatrie" />
  </concept>
  <concept>
    <code value="3100" />
    <display value="Psychosomatik/Psychotherapie" />
  </concept>
  <concept>
    <code value="3200" />
    <display value="Nuklearmedizin" />
  </concept>
  <concept>
    <code value="3300" />
    <display value="Strahlenheilkunde" />
  </concept>
  <concept>
    <code value="3400" />
    <display value="Dermatologie" />
  </concept>
  <concept>
    <code value="3500" />
    <display value="Zahn- und Kieferheilkunde, Mund- und Kieferchirurgie" />
  </concept>
  <concept>
    <code value="3600" />
    <display value="Intensivmedizin" />
  </concept>
  <concept>
    <code value="2316" />
    <display value="Orthopadie und Unfallchirurgie" />
  </concept>
  <concept>
    <code value="2425" />
    <display value="Frauenheilkunde" />
  </concept>
  <concept>
    <code value="3700" />
    <display value="Sonstige Fachabteilung" />
  </concept>
</CodeSystem>