<CodeSystem xmlns="http://hl7.org/fhir">
  <id value="atc" />
  <url value="http://fhir.de/CodeSystem/dimdi/atc" />
  <name value="Atc" />
  <status value="active" />
  <experimental value="false" />
  <date value="2021-02-17" />
  <publisher value="HL7 Deutschland e.V. (Technisches Komitee FHIR)" />
  <contact>
    <telecom>
      <system value="other" />
      <value value="http://hl7.de/technische-komitees/fhir/" />
    </telecom>
  </contact>
  <description value="ATC Platzhalter-CodeSystem" />
  <copyright value="DIMDI - Deutsches Institut für Medizinische Dokumentation und Information" />
  <caseSensitive value="true" />
  <content value="not-present" />
</CodeSystem>