<CodeSystem xmlns="http://hl7.org/fhir">
  <id value="pzn" />
  <url value="http://fhir.de/CodeSystem/ifa/pzn" />
  <version value="1.0.0-alpha1" />
  <name value="Pzn" />
  <status value="active" />
  <experimental value="false" />
  <date value="2021-02-17" />
  <publisher value="HL7 Deutschland e.V. (Technisches Komitee FHIR)" />
  <contact>
    <telecom>
      <system value="other" />
      <value value="http://hl7.de/technische-komitees/fhir/" />
    </telecom>
  </contact>
  <description value="PZN Platzhalter-CodeSystem" />
  <copyright value="IFA GmbH" />
  <caseSensitive value="true" />
  <content value="not-present" />
</CodeSystem>