<CodeSystem xmlns="http://hl7.org/fhir">
  <id value="alpha-id-se" />
  <url value="http://fhir.de/CodeSystem/dimdi/alpha-id-se" />
  <identifier>
    <value value="1.2.276.0.76.5.480" />
  </identifier>
  <name value="alpha-id-se" />
  <status value="active" />
  <experimental value="false" />
  <date value="2021-02-17" />
  <publisher value="HL7 Deutschland e.V. (Technisches Komitee FHIR)" />
  <contact>
    <telecom>
      <system value="other" />
      <value value="http://hl7.de/technische-komitees/fhir/" />
    </telecom>
  </contact>
  <description value="Alpha-ID-SE Platzhalter-CodeSystem" />
  <copyright value="DIMDI - Deutsches Institut für Medizinische Dokumentation und Information" />
  <caseSensitive value="true" />
  <content value="not-present" />
</CodeSystem>