<CodeSystem xmlns="http://hl7.org/fhir">
  <id value="AufnahmegrundErsteUndZweiteStelle" />
  <meta>
    <profile value="http://hl7.org/fhir/StructureDefinition/shareablecodesystem" />
  </meta>
  <url value="http://fhir.de/CodeSystem/dkgev/AufnahmegrundErsteUndZweiteStelle" />
  <version value="0.9" />
  <name value="CodeSystemAufnahmegrundErsteUndZweiteStelle" />
  <title value="CodeSystemAufnahmegrundErsteUndZweiteStelle" />
  <status value="active" />
  <experimental value="false" />
  <date value="2021-02-17" />
  <publisher value="HL7 Deutschland e.V. (Technisches Komitee FHIR)" />
  <contact>
    <telecom>
      <system value="other" />
      <value value="http://hl7.de/technische-komitees/fhir/" />
    </telecom>
  </contact>
  <description value="Aufnahmegrund (3. Stelle), Datenübermittlung nach § 301 Abs. 3 SGB V" />
  <copyright value="HL7 Deutschland e.V." />
  <valueSet value="https://fhir.de/ValueSet/dkgev/AufnahmegrundErsteUndZweiteStelle" />
  <compositional value="false" />
  <content value="complete" />
  <count value="29" />
  <concept>
    <code value="01" />
    <display value="Krankenhausbehandlung, vollstationär" />
  </concept>
  <concept>
    <code value="02" />
    <display value="Krankenhausbehandlung, vollstationär mit vorausgegangener vorstationärer Behandlung" />
  </concept>
  <concept>
    <code value="03" />
    <display value="Krankenhausbehandlung, teilstationär" />
  </concept>
  <concept>
    <code value="04" />
    <display value="vorstationäre Behandlung ohne anschließende vollstationäre Behandlung" />
  </concept>
  <concept>
    <code value="05" />
    <display value="Stationäre Entbindung" />
  </concept>
  <concept>
    <code value="06" />
    <display value="Geburt" />
  </concept>
  <concept>
    <code value="07" />
    <display value="Wiederaufnahme wegen Komplikationen (Fallpauschale) nach KFPV 2003" />
  </concept>
  <concept>
    <code value="08" />
    <display value="Stationäre Aufnahme zur Organentnahme" />
  </concept>
  <concept>
    <code value="10" />
    <display value="Stationsäquivalente Behandlung" />
  </concept>
</CodeSystem>