<CodeSystem xmlns="http://hl7.org/fhir">
  <id value="AufnahmegrundVierteStelle" />
  <meta>
    <profile value="http://hl7.org/fhir/StructureDefinition/shareablecodesystem" />
  </meta>
  <url value="http://fhir.de/CodeSystem/dkgev/AufnahmegrundVierteStelle" />
  <version value="0.9" />
  <name value="AufnahmegrundVierteStelle" />
  <title value="AufnahmegrundVierteStelle" />
  <status value="active" />
  <experimental value="false" />
  <date value="2021-02-17" />
  <publisher value="HL7 Deutschland e.V. (Technisches Komitee FHIR)" />
  <contact>
    <telecom>
      <system value="other" />
      <value value="http://hl7.de/technische-komitees/fhir/" />
    </telecom>
  </contact>
  <description value="Aufnahmegrund (4. Stelle), Datenübermittlung nach § 301 Abs. 3 SGB V" />
  <copyright value="HL7 Deutschland e.V." />
  <valueSet value="https://fhir.de/ValueSet/dkgev/AufnahmegrundVierteStelle" />
  <compositional value="false" />
  <content value="complete" />
  <count value="29" />
  <concept>
    <code value="1" />
    <display value="Normalfall" />
  </concept>
  <concept>
    <code value="2" />
    <display value="Arbeitsunfall/Berufskrankheit (§ 11 Abs. 5 SGB V)" />
  </concept>
  <concept>
    <code value="3" />
    <display value="Verkehrsunfall/Sportunfall/Sonstiger Unfall (z.B. § 116 SGB X)" />
  </concept>
  <concept>
    <code value="4" />
    <display value="Hinweis auf Einwirkung von äußerer Gewalt" />
  </concept>
  <concept>
    <code value="6" />
    <display value="Kriegsbeschädigten-Leiden/BVG-Leiden" />
  </concept>
  <concept>
    <code value="7" />
    <display value="Notfall" />
  </concept>
</CodeSystem>