<CodeSystem xmlns="http://hl7.org/fhir">
  <id value="versicherungsart-de-basis" />
  <meta>
    <profile value="http://hl7.org/fhir/StructureDefinition/shareablecodesystem" />
  </meta>
  <url value="http://fhir.de/CodeSystem/versicherungsart-de-basis" />
  <version value="1.0.0-alpha1" />
  <name value="VersicherungsartDeBasis" />
  <status value="active" />
  <experimental value="false" />
  <date value="2021-02-17" />
  <publisher value="HL7 Deutschland e.V. (Technisches Komitee FHIR)" />
  <contact>
    <telecom>
      <system value="other" />
      <value value="http://hl7.de/technische-komitees/fhir/" />
    </telecom>
  </contact>
  <description value="Art der Versicherung bzw. des Kostenträgers." />
  <copyright value="HL7 Deutschland e.V." />
  <caseSensitive value="true" />
  <content value="complete" />
  <concept>
    <code value="GKV" />
    <display value="gesetzliche Krankenversicherung" />
  </concept>
  <concept>
    <code value="PKV" />
    <display value="private Krankenversicherung" />
  </concept>
  <concept>
    <code value="BG" />
    <display value="Berufsgenossenschaft" />
  </concept>
  <concept>
    <code value="SEL" />
    <display value="Selbstzahler" />
  </concept>
  <concept>
    <code value="SOZ" />
    <display value="Sozialamt" />
  </concept>
  <concept>
    <code value="GPV" />
    <display value="gesetzliche Pflegeversicherung" />
  </concept>
  <concept>
    <code value="PPV" />
    <display value="private Pflegeversicherung" />
  </concept>
  <concept>
    <code value="BEI" />
    <display value="Beihilfe" />
  </concept>
</CodeSystem>