<CodeSystem xmlns="http://hl7.org/fhir">
  <id value="Aufnahmeanlass" />
  <meta>
    <profile value="http://hl7.org/fhir/StructureDefinition/shareablecodesystem" />
  </meta>
  <url value="http://fhir.de/CodeSystem/dgkev/Aufnahmeanlass" />
  <version value="2020" />
  <name value="CodeSystemAufnahmeanlass" />
  <title value="CodeSystemAufnahmeanlass" />
  <status value="active" />
  <experimental value="false" />
  <date value="2021-02-17" />
  <publisher value="HL7 Deutschland e.V. (Technisches Komitee FHIR)" />
  <contact>
    <telecom>
      <system value="other" />
      <value value="http://hl7.de/technische-komitees/fhir/" />
    </telecom>
  </contact>
  <description value="Aufnahmeanlass, Datenübermittlung nach § 301 Abs. 3 SGB V" />
  <copyright value="HL7 Deutschland e.V." />
  <valueSet value="http://fhir.de/ValueSet/dgkev/Aufnahmeanlass" />
  <compositional value="false" />
  <content value="complete" />
  <count value="8" />
  <concept>
    <code value="E" />
    <display value="Einweisung durch einen Arzt" />
  </concept>
  <concept>
    <code value="Z" />
    <display value="Einweisung durch einen Zahnarzt" />
  </concept>
  <concept>
    <code value="N" />
    <display value="Notfall" />
  </concept>
  <concept>
    <code value="R" />
    <display value="Aufnahme nach vorausgehender Behandlung in einer Rehabilitationseinrichtung" />
  </concept>
  <concept>
    <code value="V" />
    <display value="Verlegung mit Behandlungsdauer im verlegenden Krankenhaus länger als 24 Stunden" />
  </concept>
  <concept>
    <code value="A" />
    <display value="Verlegung mit Behandlungsdauer im verlegenden Krankenhaus bis zu 24 Stunden" />
  </concept>
  <concept>
    <code value="G" />
    <display value="Geburt" />
  </concept>
  <concept>
    <code value="B" />
    <display value="Begleitperson oder mitaufgenommene Pflegekraft" />
  </concept>
</CodeSystem>