<ValueSet xmlns="http://hl7.org/fhir">
  <id value="UcumVitalsCommonDE" />
  <meta>
    <profile value="http://hl7.org/fhir/StructureDefinition/shareablevalueset" />
  </meta>
  <url value="http://fhir.de/ValueSet/UcumVitalsCommonDE" />
  <version value="1.0.0-alpha1" />
  <name value="UCUM_Vitals_Common_DE" />
  <title value="UCUM Vitals Common DE" />
  <status value="active" />
  <experimental value="false" />
  <date value="2021-02-17" />
  <publisher value="HL7 Deutschland e.V. (Technisches Komitee FHIR)" />
  <contact>
    <telecom>
      <system value="other" />
      <value value="http://hl7.de/technische-komitees/fhir/" />
    </telecom>
  </contact>
  <description value="Alle innerhalb der VitalSign Profile (DE) erlaubten UCUM Einheiten" />
  <copyright value="HL7 Deutschland e.V." />
  <compose>
    <include>
      <system value="http://unitsofmeasure.org" />
      <concept>
        <code value="%" />
        <display value="percent" />
      </concept>
      <concept>
        <code value="cm" />
        <display value="centimeter" />
      </concept>
      <concept>
        <code value="m" />
        <display value="meter" />
      </concept>
      <concept>
        <code value="kg" />
        <display value="kilogram" />
      </concept>
      <concept>
        <code value="g" />
        <display value="gram" />
      </concept>
      <concept>
        <code value="Cel" />
        <display value="degree Celsius" />
      </concept>
      <concept>
        <code value="mm[Hg]" />
        <display value="millimeter of mecury" />
      </concept>
      <concept>
        <code value="/min" />
        <display value="per min" />
      </concept>
      <concept>
        <code value="/h" />
        <display value="per hour" />
      </concept>
      <concept>
        <code value="/d" />
        <display value="per day" />
      </concept>
      <concept>
        <code value="kg/m2" />
        <display value="kilogram / (meter ^ 2)" />
      </concept>
      <concept>
        <code value="m2" />
        <display value="square meter" />
      </concept>
      <concept>
        <code value="L/min" />
        <display value="liter per minute" />
      </concept>
    </include>
  </compose>
</ValueSet>