<ValueSet xmlns="http://hl7.org/fhir">
  <id value="valueset-pflegegrad-de" />
  <meta>
    <profile value="http://hl7.org/fhir/StructureDefinition/shareablevalueset" />
  </meta>
  <url value="http://fhir.de/ValueSet/pflegegrad-de" />
  <version value="1.0.0-alpha1" />
  <name value="PflegegradDE" />
  <status value="active" />
  <experimental value="false" />
  <date value="2021-02-17" />
  <publisher value="HL7 Deutschland e.V. (Technisches Komitee FHIR)" />
  <contact>
    <telecom>
      <system value="other" />
      <value value="http://hl7.de/technische-komitees/fhir/" />
    </telecom>
  </contact>
  <description value="Codes zur genaueren Differenzierung des Pflegegrads." />
  <copyright value="HL7 Deutschland e.V." />
  <compose>
    <include>
      <system value="http://fhir.de/CodeSystem/dimdi/ops" />
      <filter>
        <property value="parent" />
        <op value="=" />
        <value value="9-984" />
      </filter>
    </include>
  </compose>
  <expansion>
    <identifier value="440c50b5-7272-4184-9ddd-95a75d8207f8" />
    <timestamp value="2019-07-06" />
    <total value="6" />
    <contains>
      <system value="http://fhir.de/CodeSystem/dimdi/ops" />
      <code value="9-984.6" />
      <display value="Pflegebedürftig nach Pflegegrad 1" />
    </contains>
    <contains>
      <system value="http://fhir.de/CodeSystem/dimdi/ops" />
      <code value="9-984.7" />
      <display value="Pflegebedürftig nach Pflegegrad 2" />
    </contains>
    <contains>
      <system value="http://fhir.de/CodeSystem/dimdi/ops" />
      <code value="9-984.8" />
      <display value="Pflegebedürftig nach Pflegegrad 3" />
    </contains>
    <contains>
      <system value="http://fhir.de/CodeSystem/dimdi/ops" />
      <code value="9-984.9" />
      <display value="Pflegebedürftig nach Pflegegrad 4" />
    </contains>
    <contains>
      <system value="http://fhir.de/CodeSystem/dimdi/ops" />
      <code value="9-984.a" />
      <display value="Pflegebedürftig nach Pflegegrad 5" />
    </contains>
    <contains>
      <system value="http://fhir.de/CodeSystem/dimdi/ops" />
      <code value="9-984.b" />
      <display value="Erfolgter Antrag auf Einstufung in einen Pflegegrad" />
    </contains>
  </expansion>
</ValueSet>