<ValueSet xmlns="http://hl7.org/fhir">
  <id value="valueset-ICD-10-GM" />
  <meta>
    <profile value="http://hl7.org/fhir/StructureDefinition/shareablevalueset" />
  </meta>
  <url value="http://fhir.de/ValueSet/dimdi/icd-10-gm" />
  <version value="1.0.0-alpha1" />
  <name value="ICD10GM" />
  <status value="active" />
  <experimental value="false" />
  <date value="2021-02-17" />
  <publisher value="HL7 Deutschland e.V. (Technisches Komitee FHIR)" />
  <contact>
    <telecom>
      <system value="other" />
      <value value="http://hl7.de/technische-komitees/fhir/" />
    </telecom>
  </contact>
  <description value="ICD-10-GM" />
  <copyright value="DIMDI - Deutsches Institut für Medizinische Dokumentation und Information" />
  <compose>
    <include>
      <system value="http://fhir.de/CodeSystem/dimdi/icd-10-gm" />
    </include>
  </compose>
</ValueSet>