<ValueSet xmlns="http://hl7.org/fhir">
  <id value="valueset-Aufnahmeart" />
  <meta>
    <profile value="http://hl7.org/fhir/StructureDefinition/shareablevalueset" />
  </meta>
  <url value="http://fhir.de/ValueSet/dkgev/Aufnahmeart" />
  <version value="1.0.0-alpha1" />
  <name value="Aufnahmeart" />
  <status value="active" />
  <experimental value="false" />
  <date value="2021-02-17" />
  <publisher value="HL7 Deutschland e.V. (Technisches Komitee FHIR)" />
  <contact>
    <telecom>
      <system value="other" />
      <value value="http://hl7.de/technische-komitees/fhir/" />
    </telecom>
  </contact>
  <description value="Valueset zur Codierung verschiedener in DE üblicher Aufnahmearten basierend gesetzlichen Grundlagen " />
  <copyright value="HL7 Deutschland e.V." />
  <compose>
    <include>
      <system value="http://fhir.de/CodeSystem/dkgev/Aufnahmeart" />
    </include>
  </compose>
</ValueSet>