<ValueSet xmlns="http://hl7.org/fhir">
  <id value="valueset-GenderAmtlichDE" />
  <meta>
    <profile value="http://hl7.org/fhir/StructureDefinition/shareablevalueset" />
  </meta>
  <url value="http://fhir.de/ValueSet/gender-amtlich-de" />
  <version value="1.0.0-alpha1" />
  <name value="GenderAmtlichDE" />
  <status value="active" />
  <experimental value="false" />
  <date value="2021-02-17" />
  <publisher value="HL7 Deutschland e.V. (Technisches Komitee FHIR)" />
  <contact>
    <telecom>
      <system value="other" />
      <value value="http://hl7.de/technische-komitees/fhir/" />
    </telecom>
  </contact>
  <description value="Codes zur genaueren Differenzierung des administrativen Geschlechts 'other', vgl. https://wiki.hl7.de/index.php?title=Geschlecht#administratives_Geschlecht." />
  <copyright value="HL7 Deutschland e.V." />
  <compose>
    <include>
      <system value="http://fhir.de/CodeSystem/gender-amtlich-de" />
    </include>
  </compose>
  <expansion>
    <identifier value="440c50b5-7272-4184-9ddd-95a75d8207f8" />
    <timestamp value="2019-07-06" />
    <total value="2" />
    <contains>
      <system value="http://fhir.de/CodeSystem/gender-amtlich-de" />
      <code value="X" />
      <display value="unbestimmt" />
    </contains>
    <contains>
      <system value="http://fhir.de/CodeSystem/gender-amtlich-de" />
      <code value="D" />
      <display value="divers" />
    </contains>
  </expansion>
</ValueSet>