<Patient xmlns="http://hl7.org/fhir">
  <meta>
    <profile value="http://fhir.de/StructureDefinition/patient-de-basis/0.2" />
  </meta>
  <text>
    <status value="generated" />
    <div xmlns="http://www.w3.org/1999/xhtml">
      <p>Patient: Prof. Dr. med. Dr. rer. nat. Fritz Julius Karl Freiherr von und zu Rathenburg vor der Isar, MdB</p>
    </div>
  </text>
  <name>
    <use value="official" />
    <text value="Prof. Dr. med. Dr. rer. nat. Fritz Julius Karl Freiherr von und zu Rathenburg vor der Isar, MdB" />
    <family value="Freiherr von und zu Rathenburg vor der Isar">
      <extension url="http://fhir.de/StructureDefinition/humanname-namenszusatz/0.2">
        <valueString value="Freiherr" />
      </extension>
      <extension url="http://hl7.org/fhir/StructureDefinition/humanname-own-prefix">
        <valueString value="von und zu" />
      </extension>
      <extension url="http://hl7.org/fhir/StructureDefinition/humanname-own-name">
        <valueString value="Rathenburg vor der Isar" />
      </extension>
    </family>
    <given value="Fritz" />
    <given value="Julius" />
    <given value="Karl" />
    <prefix value="Prof. Dr. med. Dr. rer. nat.">
      <extension url="http://hl7.org/fhir/StructureDefinition/iso21090-EN-qualifier">
        <valueCode value="AC" />
      </extension>
    </prefix>
    <suffix value="MdB" />
  </name>
</Patient>