<Coverage xmlns="http://hl7.org/fhir">
  <meta>
    <profile value="http://fhir.de/StructureDefinition/coverage-de-sel/0.2" />
  </meta>
  <status value="active" />
  <type>
    <coding>
      <system value="http://fhir.de/CodeSystem/versicherungsart-de-basis" />
      <code value="SEL" />
    </coding>
  </type>
  <subscriber>
    <reference value="RelatedPerson/22334" />
    <display value="Zahlemann, Heinz" />
  </subscriber>
  <beneficiary>
    <reference value="Patient/12345" />
    <display value="Zahlemann, Jeanette" />
  </beneficiary>
  <payor>
    <reference value="RelatedPerson/22334" />
    <display value="Zahlemann, Heinz" />
  </payor>
</Coverage>