<Observation xmlns="http://hl7.org/fhir">
  <meta>
    <profile value="http://fhir.de/StructureDefinition/observation-de-blutdruck/0.2" />
  </meta>
  <status value="final" />
  <code>
    <coding>
      <system value="http://loinc.org" />
      <code value="85354-9" />
    </coding>
  </code>
  <subject>
    <reference value="Patient/12345" />
  </subject>
  <component>
    <code>
      <coding>
        <system value="http://loinc.org" />
        <code value="8480-6" />
      </coding>
    </code>
    <valueQuantity>
      <value value="143" />
      <unit value="mmHg" />
      <system value="http://unitsofmeasure.org" />
      <code value="mm[Hg]" />
    </valueQuantity>
  </component>
  <component>
    <code>
      <coding>
        <system value="http://loinc.org" />
        <code value="8462-4" />
      </coding>
    </code>
    <valueQuantity>
      <value value="98" />
      <unit value="mmHg" />
      <system value="http://unitsofmeasure.org" />
      <code value="mm[Hg]" />
    </valueQuantity>
  </component>
</Observation>