<Patient xmlns="http://hl7.org/fhir">
  <meta>
    <profile value="http://fhir.de/StructureDefinition/patient-de-basis/0.2" />
  </meta>
  <text>
    <status value="generated" />
    <div xmlns="http://www.w3.org/1999/xhtml">
      <p>Patient: Dr. Otto Graf Lambsdorff</p>
    </div>
  </text>
  <name>
    <use value="official" />
    <text value="Dr. Otto Graf Lambsdorff" />
    <family value="Graf Lambsdorff">
      <extension url="http://fhir.de/StructureDefinition/humanname-namenszusatz/0.2">
        <valueString value="Graf" />
      </extension>
      <extension url="http://hl7.org/fhir/StructureDefinition/humanname-own-name">
        <valueString value="Lambsdorff" />
      </extension>
    </family>
    <given value="Otto" />
    <prefix value="Dr.">
      <extension url="http://hl7.org/fhir/StructureDefinition/iso21090-EN-qualifier">
        <valueCode value="AC" />
      </extension>
    </prefix>
  </name>
</Patient>