<MedicationRequest xmlns="http://hl7.org/fhir">
  <meta>
    <profile value="http://fhir.de/StructureDefinition/medicationrequest-de-basis/0.2" />
  </meta>
  <extension url="http://fhir.de/StructureDefinition/rezept-zusatzinfos/0.2">
    <extension url="unfall">
      <valueBoolean value="true" />
    </extension>
  </extension>
  <status value="active" />
  <intent value="order" />
  <medicationReference>
    <reference value="/Medication/987654" />
  </medicationReference>
  <subject>
    <reference value="Patient/12345" />
  </subject>
  <requester>
    <agent>
      <reference value="Pracitioner/9876" />
    </agent>
    <onBehalfOf>
      <reference value="Organization/5432" />
    </onBehalfOf>
  </requester>
  <substitution>
    <allowed value="true" />
  </substitution>
</MedicationRequest>