<Observation xmlns="http://hl7.org/fhir">
  <meta>
    <profile value="http://fhir.de/StructureDefinition/observation-de-bauchumfang/0.2" />
  </meta>
  <status value="final" />
  <code>
    <coding>
      <system value="http://loinc.org" />
      <code value="8280-0" />
    </coding>
  </code>
  <subject>
    <reference value="Patient/12345" />
  </subject>
  <valueQuantity>
    <value value="82" />
    <unit value="cm" />
    <system value="http://unitsofmeasure.org" />
    <code value="cm" />
  </valueQuantity>
</Observation>