<NamingSystem xmlns="http://hl7.org/fhir">
  <id value="namingsystem-BundesaerztekammerEfn" />
  <meta>
    <profile value="http://fhir.de/StructureDefinition/namingsystem-de-basis" />
  </meta>
  <name value="BundesaerztekammerEfn" />
  <status value="active" />
  <kind value="identifier" />
  <date value="2021-02-17" />
  <publisher value="HL7 Deutschland e.V. (Technisches Komitee FHIR)" />
  <contact>
    <telecom>
      <system value="other" />
      <value value="http://hl7.de/technische-komitees/fhir/" />
    </telecom>
  </contact>
  <responsible value="Bundesärztekammer" />
  <type>
    <coding>
      <system value="http://terminology.hl7.org/CodeSystem/v2-0203" />
      <code value="DN" />
    </coding>
  </type>
  <description value="Die Einheitliche Fortbildungsnummer, kurz EFN, ist eine 15stellige Zahl, die jedem Arzt von seiner zuständigen Landesärztekammer zugeordnet wird, jedoch bundesweit (im Bereich der Bundesärztekammer) eindeutig ist und auch beim Wechsel der Ärztekammer unverändert bleibt. Sie dient als Identifier des Arztes beim Sammeln von CME-Punkten im Rahmen der Continuing Medical Education." />
  <usage value="Die Einheitliche Fortbildungsnummer." />
  <uniqueId>
    <type value="uri" />
    <value value="http://fhir.de/sid/bundesaerztekammer/efn" />
    <preferred value="true" />
    <period>
      <start value="2020-01-10T00:00:00.000+02:00" />
    </period>
  </uniqueId>
</NamingSystem>