<NamingSystem xmlns="http://hl7.org/fhir">
  <id value="namingSystem-kbv-pnr" />
  <meta>
    <profile value="http://fhir.de/StructureDefinition/namingsystem-de-basis" />
  </meta>
  <name value="KbvPnr" />
  <status value="active" />
  <kind value="identifier" />
  <date value="2021-02-17" />
  <publisher value="HL7 Deutschland e.V. (Technisches Komitee FHIR)" />
  <contact>
    <telecom>
      <system value="other" />
      <value value="http://hl7.de/technische-komitees/fhir/" />
    </telecom>
  </contact>
  <responsible value="Kassenärztliche Bundesvereinigung (KBV)" />
  <type>
    <coding>
      <system value="http://terminology.hl7.org/CodeSystem/v2-0203" />
      <code value="PRN" />
    </coding>
  </type>
  <description value="Jedes von einer Kassenärztlichen Vereinigung anerkannte Praxisnetz erhält von dieser eine Praxisnetznummer (PNR). Die PNR wird von den am Netz beteiligten Betriebsstätten und Nebenbetriebsstätten neben der jeweiligen Betriebsstättennummer geführt." />
  <usage value="Die PNR ist 5-stellig. Die ersten beiden Ziffern stellen den KV-Landes- oder Bezirksstellenschlüssel gemäß Anlage 1 dar. Die Ziffern drei bis fünf werden von der Kassenärztlichen Vereinigung zur eindeutigen Identifizierung des Praxisnetzes vergeben. (1) Die PNR bleibt auch bei Änderung in der Zusammensetzung des Praxisnetzes bestehen, soweit die Richtlinie der Kassenärztlichen Vereinigung zur Anerkennung von Praxisnetzes gemäß § 87b SGB V nichts anderes vorsieht. (2) Eine PNR darf erst fünf Jahre nach Beendigung des Anerkennungsstatus wieder neu vergeben werden" />
  <!-- Gibt es dafür eine OID?
	<uniqueId>
		<type value="oid"/>
		<value value="1.2.276.0.76.4.17"/>
	</uniqueId>
	-->
  <uniqueId>
    <type value="uri" />
    <value value="http://fhir.de/sid/kbv/pnr" />
    <preferred value="true" />
    <period>
      <start value="2017-09-15" />
    </period>
  </uniqueId>
</NamingSystem>