<NamingSystem xmlns="http://hl7.org/fhir">
  <id value="namingSystem-KzvAbrechnungsnummer" />
  <meta>
    <profile value="http://fhir.de/StructureDefinition/namingsystem-de-basis" />
  </meta>
  <name value="KzvAbrechnungsnummer" />
  <status value="active" />
  <kind value="identifier" />
  <date value="2021-02-17" />
  <publisher value="HL7 Deutschland e.V. (Technisches Komitee FHIR)" />
  <contact>
    <telecom>
      <system value="other" />
      <value value="http://hl7.de/technische-komitees/fhir/" />
    </telecom>
  </contact>
  <responsible value="Kassenzahnärztliche Bundesvereinigung (KZBV), bzw. jeweils zuständige Landesvereinigung" />
  <type>
    <coding>
      <system value="http://fhir.de/CodeSystem/identifier-type-de-basis" />
      <code value="KZVA" />
    </coding>
  </type>
  <usage value="Das NamingSystem wird in Identifiern von Betriebsstätten von Zahnärzten (Organization) verwendet." />
  <uniqueId>
    <type value="uri" />
    <value value="http://fhir.de/sid/kzbv/kzvabrechnungsnummer" />
    <preferred value="true" />
    <period>
      <start value="2021-01-28" />
    </period>
  </uniqueId>
</NamingSystem>